{"type":"FeatureCollection","features":[{"type":"Feature","geometry":{"type":"Point","coordinates":[141.51617,43.116886]},"properties":{"id":"kofun_a5e8c049df","name":"江別古墳群","kana":"えべつこふんぐん","pref":"北海道","muni":"江別市"}},{"type":"Feature","geometry":{"type":"Point","coordinates":[141.468563,40.496851]},"properties":{"id":"kofun_85194ee1cb","name":"鹿島沢古墳","kana":"かしまざわこふん","pref":"青森県","muni":"八戸市"}},{"type":"Feature","geometry":{"type":"Point","coordinates":[141.241,38.780282]},"properties":{"id":"kofun_6657d1aa38","name":"杉山古墳群","kana":"すぎやまこふんぐん","pref":"岩手県","muni":"一関市"}},{"type":"Feature","geometry":{"type":"Point","coordinates":[140.995255,39.197459]},"properties":{"id":"kofun_6f33c9ea2f","name":"角塚古墳","kana":"つのづかこふん","pref":"岩手県","muni":"金ケ崎町"}},{"type":"Feature","geometry":{"type":"Point","coordinates":[141.115081,39.192327]},"properties":{"id":"kofun_99caa06891","name":"西根古墳群","kana":"にしねこふんぐん","pref":"岩手県","muni":"金ケ崎町"}},{"type":"Feature","geometry":{"type":"Point","coordinates":[141.024027,39.29608]},"properties":{"id":"kofun_15c223b1b7","name":"江釣子古墳群","kana":"えづりここふんぐん","pref":"岩手県","muni":"北上市"}},{"type":"Feature","geometry":{"type":"Point","coordinates":[141.082573,39.38072]},"properties":{"id":"kofun_e66b1b01da","name":"熊堂古墳群","kana":"くまどうこふんぐん","pref":"岩手県","muni":"花巻市"}},{"type":"Feature","geometry":{"type":"Point","coordinates":[141.169342,39.616527]},"properties":{"id":"kofun_3f01d7a8a6","name":"狄森古墳群","kana":"えぞもりこふんぐん","pref":"岩手県","muni":"矢巾町"}},{"type":"Feature","geometry":{"type":"Point","coordinates":[141.149544,39.940745]},"properties":{"id":"kofun_d7d437231a","name":"浮島古墳群","kana":"うきしまこふんぐん","pref":"岩手県","muni":"岩手町"}},{"type":"Feature","geometry":{"type":"Point","coordinates":[141.096078,39.912511]},"properties":{"id":"kofun_fb457e817e","name":"谷助平古墳群","kana":"やすけだいらこふんぐん","pref":"岩手県","muni":"八幡平市"}},{"type":"Feature","geometry":{"type":"Point","coordinates":[141.147335,39.740874]},"properties":{"id":"kofun_bfe65ec16a","name":"上田蝦夷森古墳群","kana":"うえだえぞもりこふんぐん","pref":"岩手県","muni":"盛岡市"}},{"type":"Feature","geometry":{"type":"Point","coordinates":[141.09597,39.695391]},"properties":{"id":"kofun_f4b16ab414","name":"太田蝦夷森古墳群","kana":"おおたえぞもりこふんぐん","pref":"岩手県","muni":"盛岡市"}},{"type":"Feature","geometry":{"type":"Point","coordinates":[140.791915,37.911738]},"properties":{"id":"kofun_27df5aacac","name":"台町古墳群","kana":"だいまちこふんぐん","pref":"宮城県","muni":"丸森町"}},{"type":"Feature","geometry":{"type":"Point","coordinates":[140.764599,37.98169]},"properties":{"id":"kofun_1ce2252962","name":"横倉古墳群","kana":"よこくらこふんぐん","pref":"宮城県","muni":"角田市"}},{"type":"Feature","geometry":{"type":"Point","coordinates":[140.620867,37.970674]},"properties":{"id":"kofun_baba9782df","name":"亀田古墳群","kana":"かめだこふんぐん","pref":"宮城県","muni":"白石市"}},{"type":"Feature","geometry":{"type":"Point","coordinates":[140.636112,38.000215]},"properties":{"id":"kofun_e2f9c4b8ef","name":"鷹巣古墳群","kana":"たかのすこふんぐん","pref":"宮城県","muni":"白石市"}},{"type":"Feature","geometry":{"type":"Point","coordinates":[140.639999,38.019292]},"properties":{"id":"kofun_07675b5bfc","name":"郡山横穴古墳群","kana":"こおりやまよこあなこふんぐん","pref":"宮城県","muni":"白石市"}},{"type":"Feature","geometry":{"type":"Point","coordinates":[140.88817,38.011705]},"properties":{"id":"kofun_117a42846f","name":"大塚古墳","kana":"おおつかこふん","pref":"宮城県","muni":"亘理町"}},{"type":"Feature","geometry":{"type":"Point","coordinates":[140.848972,38.049861]},"properties":{"id":"kofun_fdc15ff317","name":"竹の花横穴","kana":"たけのはなよこあな","pref":"宮城県","muni":"亘理町"}},{"type":"Feature","geometry":{"type":"Point","coordinates":[140.752812,38.071094]},"properties":{"id":"kofun_19126961c4","name":"上野山古墳群","kana":"うわのやまこふんぐん","pref":"宮城県","muni":"柴田町"}},{"type":"Feature","geometry":{"type":"Point","coordinates":[140.822082,38.091558]},"properties":{"id":"kofun_2f8614fc3c","name":"炭釜横穴古墳群","kana":"すみがまよこあなこふんぐん","pref":"宮城県","muni":"柴田町"}},{"type":"Feature","geometry":{"type":"Point","coordinates":[140.72248,38.118525]},"properties":{"id":"kofun_2a21da2615","name":"愛宕山古墳","kana":"あたごやまこふん","pref":"宮城県","muni":"村田町"}},{"type":"Feature","geometry":{"type":"Point","coordinates":[140.869405,38.121551]},"properties":{"id":"kofun_1ebb26b24c","name":"かめ塚古墳","kana":"かめづかこふん","pref":"宮城県","muni":"岩沼市"}},{"type":"Feature","geometry":{"type":"Point","coordinates":[140.841999,38.111053]},"properties":{"id":"kofun_68f20ccaa4","name":"長谷寺横穴古墳群","kana":"ちようこくじよこあなこふんぐん","pref":"宮城県","muni":"岩沼市"}},{"type":"Feature","geometry":{"type":"Point","coordinates":[140.879707,38.151176]},"properties":{"id":"kofun_b6bf5c06f2","name":"雷神山古墳","kana":"らいじんやまこふん","pref":"宮城県","muni":"名取市"}},{"type":"Feature","geometry":{"type":"Point","coordinates":[140.881153,38.159635]},"properties":{"id":"kofun_54e52986b7","name":"飯野坂古墳群","kana":"いいのざかこふんぐん","pref":"宮城県","muni":"名取市"}},{"type":"Feature","geometry":{"type":"Point","coordinates":[140.88139,38.16061]},"properties":{"id":"kofun_0f5d556051","name":"山囲古墳","kana":"やまがこいこふん","pref":"宮城県","muni":"名取市"}},{"type":"Feature","geometry":{"type":"Point","coordinates":[140.866072,38.148278]},"properties":{"id":"kofun_d943601684","name":"宇賀崎古墳群","kana":"うがさきこふんぐん","pref":"宮城県","muni":"名取市"}},{"type":"Feature","geometry":{"type":"Point","coordinates":[140.850264,38.147639]},"properties":{"id":"kofun_a4e47f55c4","name":"賽ノ窪古墳群","kana":"さいのくぼこふんぐん","pref":"宮城県","muni":"名取市"}},{"type":"Feature","geometry":{"type":"Point","coordinates":[140.922393,38.148036]},"properties":{"id":"kofun_9786ed4239","name":"経の塚古墳","kana":"きようのづかこふん","pref":"宮城県","muni":"名取市"}},{"type":"Feature","geometry":{"type":"Point","coordinates":[140.954824,38.326171]},"properties":{"id":"kofun_75aa104301","name":"道安寺横穴古墳群","kana":"どうあんじよこあなこふんぐん","pref":"宮城県","muni":"利府町"}},{"type":"Feature","geometry":{"type":"Point","coordinates":[140.87496,38.246679]},"properties":{"id":"kofun_86211219a5","name":"愛宕山横穴古墳群","kana":"あたごやまよこあなこふんぐん","pref":"宮城県","muni":"仙台市 太白区"}},{"type":"Feature","geometry":{"type":"Point","coordinates":[140.856602,38.226247]},"properties":{"id":"kofun_d0d2f56d6a","name":"裏町古墳","kana":"うらまちこふん","pref":"宮城県","muni":"仙台市 太白区"}},{"type":"Feature","geometry":{"type":"Point","coordinates":[140.884124,38.238613]},"properties":{"id":"kofun_4562de39c0","name":"兜塚古墳","kana":"かぶとづかこふん","pref":"宮城県","muni":"仙台市 太白区"}},{"type":"Feature","geometry":{"type":"Point","coordinates":[140.914447,38.238214]},"properties":{"id":"kofun_1bdb74840c","name":"遠見塚古墳","kana":"とおみづかこふん","pref":"宮城県","muni":"仙台市 若林区"}},{"type":"Feature","geometry":{"type":"Point","coordinates":[140.903635,38.244314]},"properties":{"id":"kofun_e758b24ab0","name":"法領塚古墳","kana":"ほうりようづかこふん","pref":"宮城県","muni":"仙台市 若林区"}},{"type":"Feature","geometry":{"type":"Point","coordinates":[140.92126,38.284059]},"properties":{"id":"kofun_81c230158c","name":"善応寺横穴古墳群","kana":"ぜんのうじよこあなこふんぐん","pref":"宮城県","muni":"仙台市 宮城野区"}},{"type":"Feature","geometry":{"type":"Point","coordinates":[141.040742,38.290983]},"properties":{"id":"kofun_b2c53fb1a2","name":"大代横穴古墳群","kana":"おおしろよこあなこふんぐん","pref":"宮城県","muni":"多賀城市"}},{"type":"Feature","geometry":{"type":"Point","coordinates":[141.005314,38.428924]},"properties":{"id":"kofun_73b80bd25d","name":"諏訪古墳","kana":"すわこふん","pref":"宮城県","muni":"大郷町"}},{"type":"Feature","geometry":{"type":"Point","coordinates":[140.930172,38.407185]},"properties":{"id":"kofun_bb5b4aa67e","name":"鳥屋八幡古墳群","kana":"とやはちまんこふんぐん","pref":"宮城県","muni":"大和町"}},{"type":"Feature","geometry":{"type":"Point","coordinates":[140.881278,38.532722]},"properties":{"id":"kofun_6a4e970cec","name":"念南寺古墳群","kana":"ねやじこふんぐん","pref":"宮城県","muni":"色麻町"}},{"type":"Feature","geometry":{"type":"Point","coordinates":[140.84421,38.526565]},"properties":{"id":"kofun_80451d0fbc","name":"御山古墳","kana":"おやまこふん","pref":"宮城県","muni":"色麻町"}},{"type":"Feature","geometry":{"type":"Point","coordinates":[140.84421,38.526565]},"properties":{"id":"kofun_e661334e64","name":"色麻古墳群","kana":"しかまこふんぐん","pref":"宮城県","muni":"色麻町"}},{"type":"Feature","geometry":{"type":"Point","coordinates":[141.119305,38.630612]},"properties":{"id":"kofun_260611cada","name":"大迫横穴古墳群","kana":"おおばさまよこあなこふんぐん","pref":"宮城県","muni":"登米市"}},{"type":"Feature","geometry":{"type":"Point","coordinates":[141.07489,38.512703]},"properties":{"id":"kofun_9ee1d61f7d","name":"亀井囲横穴古墳群","kana":"かめいがこいよこあなこふんぐん","pref":"宮城県","muni":"大崎市"}},{"type":"Feature","geometry":{"type":"Point","coordinates":[140.939024,38.576285]},"properties":{"id":"kofun_afeaa7bc45","name":"青塚古墳","kana":"あおづかこふん","pref":"宮城県","muni":"大崎市"}},{"type":"Feature","geometry":{"type":"Point","coordinates":[140.942015,38.582648]},"properties":{"id":"kofun_8d69c08bd5","name":"朽木橋横穴古墳群","kana":"くちきばしよこあなこふんぐん","pref":"宮城県","muni":"大崎市"}},{"type":"Feature","geometry":{"type":"Point","coordinates":[141.158447,38.545437]},"properties":{"id":"kofun_04b0b75e2a","name":"追戸横穴古墳群・中野横穴古墳群","kana":"おいどよこあなこふんぐん・なかのよこあなこふんぐん","pref":"宮城県","muni":"涌谷町"}},{"type":"Feature","geometry":{"type":"Point","coordinates":[141.062699,38.537111]},"properties":{"id":"kofun_b282cf8832","name":"京銭塚古墳","kana":"きようせんづかこふん","pref":"宮城県","muni":"美里町"}},{"type":"Feature","geometry":{"type":"Point","coordinates":[140.878012,38.645319]},"properties":{"id":"kofun_29720cab47","name":"川北横穴古墳群","kana":"かわきたよこあなこふんぐん","pref":"宮城県","muni":"大崎市"}},{"type":"Feature","geometry":{"type":"Point","coordinates":[140.772932,38.733684]},"properties":{"id":"kofun_7e70e7cb08","name":"石ノ梅古墳","kana":"いしのうめこふん","pref":"宮城県","muni":"大崎市"}},{"type":"Feature","geometry":{"type":"Point","coordinates":[141.004623,38.811963]},"properties":{"id":"kofun_1761f13d9d","name":"鳥矢崎古墳群","kana":"とやさきこふんぐん","pref":"宮城県","muni":"栗原市"}},{"type":"Feature","geometry":{"type":"Point","coordinates":[141.199833,38.739578]},"properties":{"id":"kofun_98eb757643","name":"山根前横穴古墳群","kana":"やまねまえよこあなこふんぐん","pref":"宮城県","muni":"登米市"}},{"type":"Feature","geometry":{"type":"Point","coordinates":[141.182297,38.408998]},"properties":{"id":"kofun_f8fa3dcd0a","name":"矢本横穴古墳群","kana":"やもとよこあなこふんぐん","pref":"宮城県","muni":"東松島市"}},{"type":"Feature","geometry":{"type":"Point","coordinates":[141.119305,38.630612]},"properties":{"id":"kofun_ae487ed747","name":"和泉沢古墳群","kana":"いずみさわこふんぐん","pref":"宮城県","muni":"登米市"}},{"type":"Feature","geometry":{"type":"Point","coordinates":[141.565954,38.813661]},"properties":{"id":"kofun_22f7cea8a8","name":"大谷古墳群","kana":"おおやこふんぐん","pref":"宮城県","muni":"気仙沼市"}},{"type":"Feature","geometry":{"type":"Point","coordinates":[141.521139,38.953499]},"properties":{"id":"kofun_e41f148acf","name":"塚沢横穴古墳群","kana":"つかざわよこあなこふんぐん","pref":"宮城県","muni":"気仙沼市"}},{"type":"Feature","geometry":{"type":"Point","coordinates":[140.085815,39.740099]},"properties":{"id":"kofun_79fddd8541","name":"鵜ノ木古墳","kana":"うのきこふん","pref":"秋田県","muni":"秋田市"}},{"type":"Feature","geometry":{"type":"Point","coordinates":[140.218326,39.775293]},"properties":{"id":"kofun_91c9a887c3","name":"久保台古墳","kana":"くぼだいこふん","pref":"秋田県","muni":"秋田市"}},{"type":"Feature","geometry":{"type":"Point","coordinates":[140.145105,39.658463]},"properties":{"id":"kofun_37d70c8475","name":"小阿地古墳","kana":"こあじこふん","pref":"秋田県","muni":"秋田市"}},{"type":"Feature","geometry":{"type":"Point","coordinates":[140.121056,39.934053]},"properties":{"id":"kofun_59f2a3ffc5","name":"岩野山古墳群","kana":"いわのやまこふんぐん","pref":"秋田県","muni":"五城目町"}},{"type":"Feature","geometry":{"type":"Point","coordinates":[140.784477,40.168887]},"properties":{"id":"kofun_f89b03d27c","name":"三光塚古墳群","kana":"さんこうづかこふんぐん","pref":"秋田県","muni":"鹿角市"}},{"type":"Feature","geometry":{"type":"Point","coordinates":[140.119741,37.964661]},"properties":{"id":"kofun_039d033702","name":"宝領塚古墳","kana":"ほうりようづかこふん","pref":"山形県","muni":"米沢市"}},{"type":"Feature","geometry":{"type":"Point","coordinates":[140.170018,37.907272]},"properties":{"id":"kofun_d2a80313d7","name":"牛森古墳","kana":"うしもりこふん","pref":"山形県","muni":"米沢市"}},{"type":"Feature","geometry":{"type":"Point","coordinates":[140.168012,37.91939]},"properties":{"id":"kofun_30467275cc","name":"木和田古墳・木和田窯跡","kana":"きわだこふん・きわだようせき","pref":"山形県","muni":"米沢市"}},{"type":"Feature","geometry":{"type":"Point","coordinates":[140.176794,37.930925]},"properties":{"id":"kofun_e41f0e7b85","name":"長手古墳群","kana":"ながてこふんぐん","pref":"山形県","muni":"米沢市"}},{"type":"Feature","geometry":{"type":"Point","coordinates":[140.145654,37.945301]},"properties":{"id":"kofun_e1bb1f1063","name":"戸塚山古墳群","kana":"とづかやまこふんぐん","pref":"山形県","muni":"米沢市"}},{"type":"Feature","geometry":{"type":"Point","coordinates":[140.050947,38.006817]},"properties":{"id":"kofun_edb6168e75","name":"天神森古墳","kana":"てんじんもりこふん","pref":"山形県","muni":"川西町"}},{"type":"Feature","geometry":{"type":"Point","coordinates":[140.039654,38.021611]},"properties":{"id":"kofun_44babb1b5c","name":"下小松古墳群","kana":"しもこまつこふんぐん","pref":"山形県","muni":"川西町"}},{"type":"Feature","geometry":{"type":"Point","coordinates":[140.200584,38.007603]},"properties":{"id":"kofun_1dfd1b45aa","name":"羽山古墳","kana":"はやまこふん","pref":"山形県","muni":"高畠町"}},{"type":"Feature","geometry":{"type":"Point","coordinates":[140.220395,38.003796]},"properties":{"id":"kofun_e4bcae901c","name":"鳥居町古墳群","kana":"とりいまちこふんぐん","pref":"山形県","muni":"高畠町"}},{"type":"Feature","geometry":{"type":"Point","coordinates":[140.227794,37.998974]},"properties":{"id":"kofun_4ef2d44db4","name":"金原古墳","kana":"かなばらこふん","pref":"山形県","muni":"高畠町"}},{"type":"Feature","geometry":{"type":"Point","coordinates":[140.231307,38.008947]},"properties":{"id":"kofun_9f5033ddc0","name":"清水前古墳群","kana":"しみずまえこふんぐん","pref":"山形県","muni":"高畠町"}},{"type":"Feature","geometry":{"type":"Point","coordinates":[140.211282,38.054622]},"properties":{"id":"kofun_1d0dad09fc","name":"大師森山洞窟古墳","kana":"だいしもりやまどうくつこふん","pref":"山形県","muni":"高畠町"}},{"type":"Feature","geometry":{"type":"Point","coordinates":[140.195065,38.043441]},"properties":{"id":"kofun_7873fa5f25","name":"松沢古墳群","kana":"まつざわこふんぐん","pref":"山形県","muni":"南陽市"}},{"type":"Feature","geometry":{"type":"Point","coordinates":[140.159323,38.056775]},"properties":{"id":"kofun_91cda2fcd8","name":"二色根古墳群","kana":"にいろねこふんぐん","pref":"山形県","muni":"南陽市"}},{"type":"Feature","geometry":{"type":"Point","coordinates":[140.157234,38.039638]},"properties":{"id":"kofun_9b7429d3b6","name":"稲荷森古墳","kana":"いなりもりこふん","pref":"山形県","muni":"南陽市"}},{"type":"Feature","geometry":{"type":"Point","coordinates":[140.139836,38.058871]},"properties":{"id":"kofun_ad3783bc45","name":"蒲生田古墳群","kana":"かもうだこふんぐん","pref":"山形県","muni":"南陽市"}},{"type":"Feature","geometry":{"type":"Point","coordinates":[140.163141,38.067167]},"properties":{"id":"kofun_a3da3842f0","name":"狸沢山古墳群","kana":"たぬきざわやまこふんぐん","pref":"山形県","muni":"南陽市"}},{"type":"Feature","geometry":{"type":"Point","coordinates":[140.299826,38.163174]},"properties":{"id":"kofun_e6613078ec","name":"土矢倉古墳群","kana":"つちやぐらこふんぐん","pref":"山形県","muni":"上山市"}},{"type":"Feature","geometry":{"type":"Point","coordinates":[140.264236,38.237397]},"properties":{"id":"kofun_d263254edd","name":"大之越古墳","kana":"だいのこしこふん","pref":"山形県","muni":"山形市"}},{"type":"Feature","geometry":{"type":"Point","coordinates":[140.271144,38.22278]},"properties":{"id":"kofun_9263a7e2b6","name":"菅沢古墳群","kana":"すげざわこふんぐん","pref":"山形県","muni":"山形市"}},{"type":"Feature","geometry":{"type":"Point","coordinates":[140.286246,38.210382]},"properties":{"id":"kofun_15cb11c6fe","name":"谷柏古墳群","kana":"やがしわこふんぐん","pref":"山形県","muni":"山形市"}},{"type":"Feature","geometry":{"type":"Point","coordinates":[140.369082,38.288903]},"properties":{"id":"kofun_fb0a6c8525","name":"お花山古墳群","kana":"おはなやまこふんぐん","pref":"山形県","muni":"山形市"}},{"type":"Feature","geometry":{"type":"Point","coordinates":[140.352923,38.315591]},"properties":{"id":"kofun_b9124e1df2","name":"衛守塚古墳群","kana":"えもりづかこふんぐん","pref":"山形県","muni":"山形市"}},{"type":"Feature","geometry":{"type":"Point","coordinates":[140.254472,38.311152]},"properties":{"id":"kofun_e49cfa4902","name":"坊主窪古墳群","kana":"ぼうずくぼこふんぐん","pref":"山形県","muni":"山辺町"}},{"type":"Feature","geometry":{"type":"Point","coordinates":[140.356899,38.32867]},"properties":{"id":"kofun_90a02c2acb","name":"上遠矢塚古墳","kana":"かみとおやづかこふん","pref":"山形県","muni":"天童市"}},{"type":"Feature","geometry":{"type":"Point","coordinates":[140.388567,38.460894]},"properties":{"id":"kofun_6f7005924f","name":"大塚古墳","kana":"おおつかこふん","pref":"山形県","muni":"東根市"}},{"type":"Feature","geometry":{"type":"Point","coordinates":[140.365764,38.508683]},"properties":{"id":"kofun_6aafaadcb5","name":"名取古墳","kana":"なとりこふん","pref":"山形県","muni":"村山市"}},{"type":"Feature","geometry":{"type":"Point","coordinates":[139.740731,38.739592]},"properties":{"id":"kofun_d3e12688df","name":"菱津古墳","kana":"ひしづこふん","pref":"山形県","muni":"鶴岡市"}},{"type":"Feature","geometry":{"type":"Point","coordinates":[140.778627,36.896644]},"properties":{"id":"kofun_fdf218e806","name":"金冠塚古墳","kana":"きんかんづかこふん","pref":"福島県","muni":"いわき市"}},{"type":"Feature","geometry":{"type":"Point","coordinates":[140.784728,36.923086]},"properties":{"id":"kofun_77c0a05661","name":"後田古墳群","kana":"うしろだこふんぐん","pref":"福島県","muni":"いわき市"}},{"type":"Feature","geometry":{"type":"Point","coordinates":[140.960513,37.017284]},"properties":{"id":"kofun_8ccfec422e","name":"神谷作古墳群","kana":"かみやさくこふんぐん","pref":"福島県","muni":"いわき市"}},{"type":"Feature","geometry":{"type":"Point","coordinates":[140.94192,37.053299]},"properties":{"id":"kofun_af60138840","name":"甲塚古墳","kana":"かぶとづかこふん","pref":"福島県","muni":"いわき市"}},{"type":"Feature","geometry":{"type":"Point","coordinates":[140.870999,37.096674]},"properties":{"id":"kofun_a35803f7a5","name":"横山古墳群","kana":"よこやまこふんぐん","pref":"福島県","muni":"いわき市"}},{"type":"Feature","geometry":{"type":"Point","coordinates":[140.944435,37.115285]},"properties":{"id":"kofun_490c09e6ae","name":"玉山古墳群","kana":"たまやまこふんぐん","pref":"福島県","muni":"いわき市"}},{"type":"Feature","geometry":{"type":"Point","coordinates":[141.025367,37.447745]},"properties":{"id":"kofun_206c1204d1","name":"沼の沢古墳群","kana":"ぬまのさわこふんぐん","pref":"福島県","muni":"双葉町"}},{"type":"Feature","geometry":{"type":"Point","coordinates":[141.003964,37.499533]},"properties":{"id":"kofun_5105a1e9fd","name":"本屋敷古墳群","kana":"もとやしきこふんぐん","pref":"福島県","muni":"浪江町"}},{"type":"Feature","geometry":{"type":"Point","coordinates":[140.96996,37.498173]},"properties":{"id":"kofun_c7037e93db","name":"加倉古墳群","kana":"かくらこふんぐん","pref":"福島県","muni":"浪江町"}},{"type":"Feature","geometry":{"type":"Point","coordinates":[140.183252,37.383437]},"properties":{"id":"kofun_ba277e318a","name":"真野古墳群","kana":"まのこふんぐん","pref":"福島県","muni":"郡山市"}},{"type":"Feature","geometry":{"type":"Point","coordinates":[140.73388,37.682076]},"properties":{"id":"kofun_f98d26a7f5","name":"姥石向二号墳","kana":"うばいしむかいにごうふん","pref":"福島県","muni":"飯舘村"}},{"type":"Feature","geometry":{"type":"Point","coordinates":[140.989892,37.642116]},"properties":{"id":"kofun_e2bc04e309","name":"桜井古墳群","kana":"さくらいこふんぐん","pref":"福島県","muni":"南相馬市"}},{"type":"Feature","geometry":{"type":"Point","coordinates":[140.95693,37.618909]},"properties":{"id":"kofun_1be6ba9c13","name":"羽山装飾横穴","kana":"はやまそうしよくよこあな","pref":"福島県","muni":"南相馬市"}},{"type":"Feature","geometry":{"type":"Point","coordinates":[140.921762,37.775935]},"properties":{"id":"kofun_8a01bc3b6b","name":"高松古墳群","kana":"たかまつこふんぐん","pref":"福島県","muni":"相馬市"}},{"type":"Feature","geometry":{"type":"Point","coordinates":[140.916554,37.785186]},"properties":{"id":"kofun_22251137c7","name":"丸塚古墳","kana":"まるづかこふん","pref":"福島県","muni":"相馬市"}},{"type":"Feature","geometry":{"type":"Point","coordinates":[140.366572,37.116592]},"properties":{"id":"kofun_de3d17c6db","name":"笊内古墳群","kana":"ざるうちこふんぐん","pref":"福島県","muni":"白河市"}},{"type":"Feature","geometry":{"type":"Point","coordinates":[140.391894,37.198782]},"properties":{"id":"kofun_9e70f2de9b","name":"鬼穴古墳群","kana":"おにあなこふんぐん","pref":"福島県","muni":"矢吹町"}},{"type":"Feature","geometry":{"type":"Point","coordinates":[140.399511,37.195817]},"properties":{"id":"kofun_939b195d9c","name":"谷中古墳群","kana":"やなかこふんぐん","pref":"福島県","muni":"矢吹町"}},{"type":"Feature","geometry":{"type":"Point","coordinates":[140.285359,37.171525]},"properties":{"id":"kofun_8bf93734a7","name":"原山古墳群","kana":"はらやまこふんぐん","pref":"福島県","muni":"泉崎村"}},{"type":"Feature","geometry":{"type":"Point","coordinates":[140.409403,37.069902]},"properties":{"id":"kofun_6160518f77","name":"簑輪坂ノ前古墳群","kana":"みのわさかのまえこふんぐん","pref":"福島県","muni":"浅川町"}},{"type":"Feature","geometry":{"type":"Point","coordinates":[140.394308,37.154468]},"properties":{"id":"kofun_9ea752c771","name":"大壇古墳群","kana":"おおだんこふんぐん","pref":"福島県","muni":"石川町"}},{"type":"Feature","geometry":{"type":"Point","coordinates":[140.411099,37.179103]},"properties":{"id":"kofun_ae8058322e","name":"悪戸古墳群","kana":"あくどこふんぐん","pref":"福島県","muni":"石川町"}},{"type":"Feature","geometry":{"type":"Point","coordinates":[140.406281,37.200319]},"properties":{"id":"kofun_f1f2b6c94b","name":"宮ノ前古墳","kana":"みやのまえこふん","pref":"福島県","muni":"玉川村"}},{"type":"Feature","geometry":{"type":"Point","coordinates":[140.260508,37.247235]},"properties":{"id":"kofun_204fe707ba","name":"竜ヶ塚古墳","kana":"りゆうがづかこふん","pref":"福島県","muni":"天栄村"}},{"type":"Feature","geometry":{"type":"Point","coordinates":[140.393876,37.286822]},"properties":{"id":"kofun_ca1053cb23","name":"蝦夷穴古墳","kana":"えぞあなこふん","pref":"福島県","muni":"須賀川市"}},{"type":"Feature","geometry":{"type":"Point","coordinates":[140.393876,37.286822]},"properties":{"id":"kofun_7b80169ccd","name":"塚畑古墳","kana":"つかばたけこふん","pref":"福島県","muni":"須賀川市"}},{"type":"Feature","geometry":{"type":"Point","coordinates":[140.393876,37.286822]},"properties":{"id":"kofun_90de7a6224","name":"いかづち古墳群","kana":"いかづちこふんぐん","pref":"福島県","muni":"須賀川市"}},{"type":"Feature","geometry":{"type":"Point","coordinates":[140.372778,37.286859]},"properties":{"id":"kofun_0ace4f81b5","name":"早稲田古墳群","kana":"わせだこふんぐん","pref":"福島県","muni":"須賀川市"}},{"type":"Feature","geometry":{"type":"Point","coordinates":[140.315896,37.387302]},"properties":{"id":"kofun_d6fa521bcf","name":"麦塚古墳","kana":"ばくづかこふん","pref":"福島県","muni":"郡山市"}},{"type":"Feature","geometry":{"type":"Point","coordinates":[140.434102,37.391885]},"properties":{"id":"kofun_0a020a96c8","name":"蒲倉古墳群","kana":"かばのくらこふんぐん","pref":"福島県","muni":"郡山市"}},{"type":"Feature","geometry":{"type":"Point","coordinates":[140.402399,37.365037]},"properties":{"id":"kofun_7d93db918d","name":"北山田古墳群","kana":"きたやまだこふんぐん","pref":"福島県","muni":"郡山市"}},{"type":"Feature","geometry":{"type":"Point","coordinates":[140.393604,37.341624]},"properties":{"id":"kofun_87d1d072d6","name":"正直古墳群","kana":"しようじきこふんぐん","pref":"福島県","muni":"郡山市"}},{"type":"Feature","geometry":{"type":"Point","coordinates":[140.387177,37.536506]},"properties":{"id":"kofun_67e43a28f6","name":"二子塚古墳","kana":"ふたごづかこふん","pref":"福島県","muni":"大玉村"}},{"type":"Feature","geometry":{"type":"Point","coordinates":[140.392714,37.530051]},"properties":{"id":"kofun_d0c7ad46e1","name":"天王壇古墳","kana":"てんのうだんこふん","pref":"福島県","muni":"本宮市"}},{"type":"Feature","geometry":{"type":"Point","coordinates":[140.426439,37.732987]},"properties":{"id":"kofun_415a7218c0","name":"八幡塚古墳","kana":"はちまんづかこふん","pref":"福島県","muni":"福島市"}},{"type":"Feature","geometry":{"type":"Point","coordinates":[140.426439,37.732987]},"properties":{"id":"kofun_146ee3d34e","name":"稲荷塚古墳","kana":"いなりづかこふん","pref":"福島県","muni":"福島市"}},{"type":"Feature","geometry":{"type":"Point","coordinates":[140.515921,37.794192]},"properties":{"id":"kofun_bc949d2be4","name":"月ノ輪山一号墳","kana":"つきのわやまいちごうふん","pref":"福島県","muni":"福島市"}},{"type":"Feature","geometry":{"type":"Point","coordinates":[140.574982,37.795246]},"properties":{"id":"kofun_02f567813f","name":"愛宕山古墳","kana":"あたごやまこふん","pref":"福島県","muni":"伊達市"}},{"type":"Feature","geometry":{"type":"Point","coordinates":[140.549877,37.861531]},"properties":{"id":"kofun_7dc374127b","name":"錦木塚古墳","kana":"にしきぎづかこふん","pref":"福島県","muni":"桑折町"}},{"type":"Feature","geometry":{"type":"Point","coordinates":[140.537302,37.8733]},"properties":{"id":"kofun_412f92f030","name":"堰下古墳","kana":"せきしたこふん","pref":"福島県","muni":"国見町"}},{"type":"Feature","geometry":{"type":"Point","coordinates":[140.547068,37.866851]},"properties":{"id":"kofun_ab721fa314","name":"塚野目第一号墳","kana":"つかのめだいいちごうふん","pref":"福島県","muni":"国見町"}},{"type":"Feature","geometry":{"type":"Point","coordinates":[140.595798,37.8188]},"properties":{"id":"kofun_54a9ea3be0","name":"新山古墳群","kana":"しんざんこふんぐん","pref":"福島県","muni":"伊達市"}},{"type":"Feature","geometry":{"type":"Point","coordinates":[139.915314,37.586331]},"properties":{"id":"kofun_f057decac1","name":"十九壇古墳群","kana":"じゆうきゆうだんこふんぐん","pref":"福島県","muni":"喜多方市"}},{"type":"Feature","geometry":{"type":"Point","coordinates":[139.913151,37.597454]},"properties":{"id":"kofun_715cf443fb","name":"深沢古墳","kana":"ふかさわこふん","pref":"福島県","muni":"喜多方市"}},{"type":"Feature","geometry":{"type":"Point","coordinates":[139.895862,37.675836]},"properties":{"id":"kofun_c5d50dc41f","name":"糠塚古墳群","kana":"ぬかづかこふんぐん","pref":"福島県","muni":"喜多方市"}},{"type":"Feature","geometry":{"type":"Point","coordinates":[139.933822,37.532832]},"properties":{"id":"kofun_43c3b2ed63","name":"鏡山古墳","kana":"かがみやまこふん","pref":"福島県","muni":"会津若松市"}},{"type":"Feature","geometry":{"type":"Point","coordinates":[139.827968,37.592149]},"properties":{"id":"kofun_b7f5418526","name":"亀ヶ森古墳・鎮守森古墳","kana":"かめがもりこふん・ちんじゆもりこふん","pref":"福島県","muni":"会津坂下町"}},{"type":"Feature","geometry":{"type":"Point","coordinates":[139.809531,37.56756]},"properties":{"id":"kofun_23db776b76","name":"杵ガ森古墳","kana":"きねがもりこふん","pref":"福島県","muni":"会津坂下町"}},{"type":"Feature","geometry":{"type":"Point","coordinates":[139.861729,37.521638]},"properties":{"id":"kofun_0bcf0aa52b","name":"田村山古墳","kana":"たむらやまこふん","pref":"福島県","muni":"会津若松市"}},{"type":"Feature","geometry":{"type":"Point","coordinates":[139.94375,37.513115]},"properties":{"id":"kofun_c12ead5529","name":"大塚山古墳群","kana":"おおつかやまこふんぐん","pref":"福島県","muni":"会津若松市"}},{"type":"Feature","geometry":{"type":"Point","coordinates":[139.958838,37.509656]},"properties":{"id":"kofun_7ba2bec5ba","name":"堂ヶ作山古墳","kana":"どうがさくやまこふん","pref":"福島県","muni":"会津若松市"}},{"type":"Feature","geometry":{"type":"Point","coordinates":[140.332702,36.767538]},"properties":{"id":"kofun_f1220b69a6","name":"上岡古墳群","kana":"うわおかこふんぐん","pref":"茨城県","muni":"大子町"}},{"type":"Feature","geometry":{"type":"Point","coordinates":[140.547309,36.542758]},"properties":{"id":"kofun_73a7adb063","name":"幡山古墳群","kana":"はたやまこふんぐん","pref":"茨城県","muni":"常陸太田市"}},{"type":"Feature","geometry":{"type":"Point","coordinates":[140.492342,36.509439]},"properties":{"id":"kofun_beb95111ff","name":"梵天山古墳群","kana":"ぼんてんやまこふんぐん","pref":"茨城県","muni":"常陸太田市"}},{"type":"Feature","geometry":{"type":"Point","coordinates":[140.454076,36.502883]},"properties":{"id":"kofun_a03e6f537a","name":"新宿古墳群","kana":"あらじゆくこふんぐん","pref":"茨城県","muni":"那珂市"}},{"type":"Feature","geometry":{"type":"Point","coordinates":[140.479931,36.490203]},"properties":{"id":"kofun_65ba912670","name":"白河内古墳","kana":"しらこうちこふん","pref":"茨城県","muni":"那珂市"}},{"type":"Feature","geometry":{"type":"Point","coordinates":[140.586223,36.459053]},"properties":{"id":"kofun_d98633c668","name":"真崎古墳群","kana":"まさきこふんぐん","pref":"茨城県","muni":"東海村"}},{"type":"Feature","geometry":{"type":"Point","coordinates":[140.579173,36.465154]},"properties":{"id":"kofun_8fc64cfd28","name":"舟塚古墳群","kana":"ふなづかこふんぐん","pref":"茨城県","muni":"東海村"}},{"type":"Feature","geometry":{"type":"Point","coordinates":[140.569489,36.373503]},"properties":{"id":"kofun_4a83b010b2","name":"虎塚古墳","kana":"とらづかこふん","pref":"茨城県","muni":"ひたちなか市"}},{"type":"Feature","geometry":{"type":"Point","coordinates":[140.183252,36.219357]},"properties":{"id":"kofun_48e993f946","name":"津田西山古墳群","kana":"つだにしやまこふんぐん","pref":"茨城県","muni":"石岡市"}},{"type":"Feature","geometry":{"type":"Point","coordinates":[140.183252,36.219357]},"properties":{"id":"kofun_b40e3e5916","name":"大平古墳群","kana":"おおだいらこふんぐん","pref":"茨城県","muni":"石岡市"}},{"type":"Feature","geometry":{"type":"Point","coordinates":[140.538144,36.37223]},"properties":{"id":"kofun_aaf8abea10","name":"金上古墳","kana":"かねあげこふん","pref":"茨城県","muni":"ひたちなか市"}},{"type":"Feature","geometry":{"type":"Point","coordinates":[140.183252,36.219357]},"properties":{"id":"kofun_e8bf63e5ea","name":"徳化古墳群","kana":"とつけこふんぐん","pref":"茨城県","muni":"石岡市"}},{"type":"Feature","geometry":{"type":"Point","coordinates":[140.542027,36.335909]},"properties":{"id":"kofun_cee97d8fd9","name":"金山塚古墳群","kana":"かなやまづかこふんぐん","pref":"茨城県","muni":"水戸市"}},{"type":"Feature","geometry":{"type":"Point","coordinates":[140.570627,36.316204]},"properties":{"id":"kofun_081f41e8bc","name":"鏡塚古墳群","kana":"かがみづかこふんぐん","pref":"茨城県","muni":"大洗町"}},{"type":"Feature","geometry":{"type":"Point","coordinates":[140.36086,36.391013]},"properties":{"id":"kofun_d1e5125b81","name":"牛伏古墳群","kana":"うしぶしこふんぐん","pref":"茨城県","muni":"水戸市"}},{"type":"Feature","geometry":{"type":"Point","coordinates":[140.393359,36.303729]},"properties":{"id":"kofun_47b877b945","name":"ドンドン塚古墳","kana":"どんどんづかこふん","pref":"茨城県","muni":"茨城町"}},{"type":"Feature","geometry":{"type":"Point","coordinates":[140.451982,36.396149]},"properties":{"id":"kofun_96fb994da8","name":"愛宕山古墳群","kana":"あたごやまこふんぐん","pref":"茨城県","muni":"水戸市"}},{"type":"Feature","geometry":{"type":"Point","coordinates":[140.414022,36.385206]},"properties":{"id":"kofun_8b8de7984a","name":"赤塚西団地古墳群","kana":"あかつかにしだんちこふんぐん","pref":"茨城県","muni":"水戸市"}},{"type":"Feature","geometry":{"type":"Point","coordinates":[140.475219,36.358641]},"properties":{"id":"kofun_97c5535c70","name":"吉田古墳","kana":"よしだこふん","pref":"茨城県","muni":"水戸市"}},{"type":"Feature","geometry":{"type":"Point","coordinates":[140.225981,36.402255]},"properties":{"id":"kofun_ade43f9c84","name":"四所神社古墳群","kana":"ししよじんじやこふんぐん","pref":"茨城県","muni":"笠間市"}},{"type":"Feature","geometry":{"type":"Point","coordinates":[140.612387,35.98168]},"properties":{"id":"kofun_f6b9f1d5da","name":"宮中野古墳群","kana":"きゆうちゆうのこふんぐん","pref":"茨城県","muni":"鹿嶋市"}},{"type":"Feature","geometry":{"type":"Point","coordinates":[140.486742,35.985631]},"properties":{"id":"kofun_28854c82c8","name":"南古墳群","kana":"みなみこふんぐん","pref":"茨城県","muni":"行方市"}},{"type":"Feature","geometry":{"type":"Point","coordinates":[140.549384,35.987454]},"properties":{"id":"kofun_23dbc37086","name":"大生古墳群","kana":"おおうこふんぐん","pref":"茨城県","muni":"潮来市"}},{"type":"Feature","geometry":{"type":"Point","coordinates":[140.336856,36.160186]},"properties":{"id":"kofun_bb2f92619f","name":"舟塚古墳","kana":"ふなつかこふん","pref":"茨城県","muni":"小美玉市"}},{"type":"Feature","geometry":{"type":"Point","coordinates":[140.353345,36.117012]},"properties":{"id":"kofun_6959347101","name":"大師の唐櫃古墳","kana":"たいしのかろうどこふん","pref":"茨城県","muni":"かすみがうら市"}},{"type":"Feature","geometry":{"type":"Point","coordinates":[140.301751,36.124185]},"properties":{"id":"kofun_fd9c7f60ae","name":"風返古墳群","kana":"かざがえしこふんぐん","pref":"茨城県","muni":"かすみがうら市"}},{"type":"Feature","geometry":{"type":"Point","coordinates":[140.219292,36.284046]},"properties":{"id":"kofun_35cdefa31b","name":"兜塚古墳","kana":"かぶとつかこふん","pref":"茨城県","muni":"石岡市"}},{"type":"Feature","geometry":{"type":"Point","coordinates":[140.199629,36.256961]},"properties":{"id":"kofun_1aa0ed800f","name":"佐自塚古墳","kana":"さじつかこふん","pref":"茨城県","muni":"石岡市"}},{"type":"Feature","geometry":{"type":"Point","coordinates":[140.199103,36.252091]},"properties":{"id":"kofun_4c5ff67186","name":"丸山古墳","kana":"まるやまこふん","pref":"茨城県","muni":"石岡市"}},{"type":"Feature","geometry":{"type":"Point","coordinates":[140.289525,36.167704]},"properties":{"id":"kofun_f70ab4bc26","name":"舟塚山古墳・愛宕山古墳","kana":"ふなつかやまこふん・あたごやまこふん","pref":"茨城県","muni":"石岡市"}},{"type":"Feature","geometry":{"type":"Point","coordinates":[139.909009,36.273141]},"properties":{"id":"kofun_0c57ac511b","name":"船玉古墳群","kana":"ふなだまこふんぐん","pref":"茨城県","muni":"筑西市"}},{"type":"Feature","geometry":{"type":"Point","coordinates":[140.183252,36.219357]},"properties":{"id":"kofun_1cfa22f06c","name":"上野古墳","kana":"うえのこふん","pref":"茨城県","muni":"石岡市"}},{"type":"Feature","geometry":{"type":"Point","coordinates":[140.002085,36.290049]},"properties":{"id":"kofun_f86cff8c09","name":"徳持古墳","kana":"とくもちこふん","pref":"茨城県","muni":"筑西市"}},{"type":"Feature","geometry":{"type":"Point","coordinates":[140.078159,36.206569]},"properties":{"id":"kofun_dc13211b77","name":"沼田古墳群","kana":"ぬまたこふんぐん","pref":"茨城県","muni":"つくば市"}},{"type":"Feature","geometry":{"type":"Point","coordinates":[140.076542,36.162]},"properties":{"id":"kofun_bdcf4aafa8","name":"山木古墳","kana":"やまきこふん","pref":"茨城県","muni":"つくば市"}},{"type":"Feature","geometry":{"type":"Point","coordinates":[140.435984,35.974804]},"properties":{"id":"kofun_81a4a5cbef","name":"和田勝木古墳群","kana":"わだかつぎこふんぐん","pref":"茨城県","muni":"稲敷市"}},{"type":"Feature","geometry":{"type":"Point","coordinates":[140.435984,35.974804]},"properties":{"id":"kofun_15acb0ad4a","name":"原古墳群","kana":"はらこふんぐん","pref":"茨城県","muni":"稲敷市"}},{"type":"Feature","geometry":{"type":"Point","coordinates":[139.961044,36.109009]},"properties":{"id":"kofun_1c3d2fe177","name":"神子埋古墳群","kana":"みこのめこふんぐん","pref":"茨城県","muni":"常総市"}},{"type":"Feature","geometry":{"type":"Point","coordinates":[139.887859,36.266025]},"properties":{"id":"kofun_e1e55697f5","name":"林・備中塚古墳群","kana":"はやし・びつちゆうづかこふんぐん","pref":"茨城県","muni":"結城市"}},{"type":"Feature","geometry":{"type":"Point","coordinates":[139.981938,36.039865]},"properties":{"id":"kofun_98a4002e71","name":"七塚古墳群","kana":"なつかこふんぐん","pref":"茨城県","muni":"常総市"}},{"type":"Feature","geometry":{"type":"Point","coordinates":[139.811229,36.082088]},"properties":{"id":"kofun_d05f27fdc9","name":"八竜神塚古墳","kana":"はちりゆうしんつかこふん","pref":"茨城県","muni":"境町"}},{"type":"Feature","geometry":{"type":"Point","coordinates":[139.726617,36.127791]},"properties":{"id":"kofun_bb657424a3","name":"穴薬師古墳","kana":"あなやくしこふん","pref":"茨城県","muni":"五霞町"}},{"type":"Feature","geometry":{"type":"Point","coordinates":[140.112519,35.919492]},"properties":{"id":"kofun_0187e52f1e","name":"大日山古墳","kana":"だいにちやまこふん","pref":"茨城県","muni":"取手市"}},{"type":"Feature","geometry":{"type":"Point","coordinates":[140.126659,36.93076]},"properties":{"id":"kofun_d8a6d7fc3e","name":"舟戸古墳群","kana":"ふなどこふんぐん","pref":"栃木県","muni":"那須町"}},{"type":"Feature","geometry":{"type":"Point","coordinates":[140.129828,36.834374]},"properties":{"id":"kofun_1f1fa6ec6b","name":"銭室塚古墳","kana":"ぜにむろづかこふん","pref":"栃木県","muni":"大田原市"}},{"type":"Feature","geometry":{"type":"Point","coordinates":[140.124937,36.805838]},"properties":{"id":"kofun_9d430e6fa3","name":"上侍塚古墳","kana":"かみさむらいづかこふん","pref":"栃木県","muni":"大田原市"}},{"type":"Feature","geometry":{"type":"Point","coordinates":[140.122874,36.813025]},"properties":{"id":"kofun_40b4894c30","name":"下侍塚古墳","kana":"しもさむらいづかこふん","pref":"栃木県","muni":"大田原市"}},{"type":"Feature","geometry":{"type":"Point","coordinates":[140.125373,36.836032]},"properties":{"id":"kofun_cdde3edc45","name":"小船渡古墳群","kana":"こふなどこふんぐん","pref":"栃木県","muni":"大田原市"}},{"type":"Feature","geometry":{"type":"Point","coordinates":[140.106093,36.831708]},"properties":{"id":"kofun_0cdf449878","name":"富士山古墳群","kana":"ふじやまこふんぐん","pref":"栃木県","muni":"大田原市"}},{"type":"Feature","geometry":{"type":"Point","coordinates":[140.121103,36.76132]},"properties":{"id":"kofun_dec1e31585","name":"駒形大塚古墳","kana":"こまがたおおつかこふん","pref":"栃木県","muni":"那珂川町"}},{"type":"Feature","geometry":{"type":"Point","coordinates":[140.126659,36.767234]},"properties":{"id":"kofun_f9333de190","name":"温泉神社古墳","kana":"ゆぜんじんじやこふん","pref":"栃木県","muni":"那珂川町"}},{"type":"Feature","geometry":{"type":"Point","coordinates":[140.126659,36.767234]},"properties":{"id":"kofun_0715172948","name":"那須八幡塚古墳","kana":"なすはちまんづかこふん","pref":"栃木県","muni":"那珂川町"}},{"type":"Feature","geometry":{"type":"Point","coordinates":[139.781837,36.4889]},"properties":{"id":"kofun_ac7aaef155","name":"富士山古墳","kana":"ふじやまこふん","pref":"栃木県","muni":"壬生町"}},{"type":"Feature","geometry":{"type":"Point","coordinates":[140.155862,36.744029]},"properties":{"id":"kofun_cb0241cd58","name":"唐御所横穴","kana":"からのごしよよこあな","pref":"栃木県","muni":"那珂川町"}},{"type":"Feature","geometry":{"type":"Point","coordinates":[140.150857,36.734026]},"properties":{"id":"kofun_0c5a691089","name":"川崎古墳","kana":"かわさきこふん","pref":"栃木県","muni":"那珂川町"}},{"type":"Feature","geometry":{"type":"Point","coordinates":[140.149804,36.710535]},"properties":{"id":"kofun_a963ff5d5d","name":"大桶古墳群","kana":"おおけこふんぐん","pref":"栃木県","muni":"那須烏山市"}},{"type":"Feature","geometry":{"type":"Point","coordinates":[140.02487,36.720885]},"properties":{"id":"kofun_d12784d07b","name":"早乙女台古墳群","kana":"そうとめだいこふんぐん","pref":"栃木県","muni":"さくら市"}},{"type":"Feature","geometry":{"type":"Point","coordinates":[139.982843,36.745088]},"properties":{"id":"kofun_c01da4f860","name":"西原古墳","kana":"にしはらこふん","pref":"栃木県","muni":"さくら市"}},{"type":"Feature","geometry":{"type":"Point","coordinates":[140.050137,36.656185]},"properties":{"id":"kofun_c1ea824a3a","name":"台新田古墳群","kana":"だいしんでんこふんぐん","pref":"栃木県","muni":"高根沢町"}},{"type":"Feature","geometry":{"type":"Point","coordinates":[139.934127,36.787509]},"properties":{"id":"kofun_8f3d476492","name":"木幡古墳","kana":"きばたこふん","pref":"栃木県","muni":"矢板市"}},{"type":"Feature","geometry":{"type":"Point","coordinates":[139.932845,36.77905]},"properties":{"id":"kofun_5e5aa7630e","name":"境林古墳","kana":"さかいばやしこふん","pref":"栃木県","muni":"矢板市"}},{"type":"Feature","geometry":{"type":"Point","coordinates":[139.935533,36.763825]},"properties":{"id":"kofun_1993b5cbf9","name":"通岡古墳群","kana":"とおりおかこふんぐん","pref":"栃木県","muni":"矢板市"}},{"type":"Feature","geometry":{"type":"Point","coordinates":[140.108417,36.472472]},"properties":{"id":"kofun_bc61e478e7","name":"天王塚古墳","kana":"てんのうづかこふん","pref":"栃木県","muni":"益子町"}},{"type":"Feature","geometry":{"type":"Point","coordinates":[140.084391,36.486596]},"properties":{"id":"kofun_f3f8384b9b","name":"星の宮浅間塚古墳","kana":"ほしのみやせんげんづかこふん","pref":"栃木県","muni":"益子町"}},{"type":"Feature","geometry":{"type":"Point","coordinates":[140.100016,36.484723]},"properties":{"id":"kofun_ce59f9c902","name":"入定塚古墳","kana":"にゆうじようづかこふん","pref":"栃木県","muni":"益子町"}},{"type":"Feature","geometry":{"type":"Point","coordinates":[140.096109,36.486798]},"properties":{"id":"kofun_98257ce011","name":"風戸塚古墳","kana":"かざとづかこふん","pref":"栃木県","muni":"益子町"}},{"type":"Feature","geometry":{"type":"Point","coordinates":[140.110653,36.509856]},"properties":{"id":"kofun_54119e2e7d","name":"小宅古墳群","kana":"おやけこふんぐん","pref":"栃木県","muni":"益子町"}},{"type":"Feature","geometry":{"type":"Point","coordinates":[140.082965,36.533483]},"properties":{"id":"kofun_f3f205d775","name":"上根二子塚古墳群","kana":"かみねふたごづかこふんぐん","pref":"栃木県","muni":"市貝町"}},{"type":"Feature","geometry":{"type":"Point","coordinates":[140.011278,36.503028]},"properties":{"id":"kofun_27c06c02f8","name":"亀の子塚古墳","kana":"かめのこづかこふん","pref":"栃木県","muni":"芳賀町"}},{"type":"Feature","geometry":{"type":"Point","coordinates":[140.06507,36.594845]},"properties":{"id":"kofun_568fc6fb92","name":"大塚台古墳","kana":"おおつかだいこふん","pref":"栃木県","muni":"芳賀町"}},{"type":"Feature","geometry":{"type":"Point","coordinates":[140.05676,36.595292]},"properties":{"id":"kofun_983216cd92","name":"浅間山古墳","kana":"せんげんやまこふん","pref":"栃木県","muni":"芳賀町"}},{"type":"Feature","geometry":{"type":"Point","coordinates":[139.990467,36.423484]},"properties":{"id":"kofun_0abf661a8a","name":"瓢箪塚古墳","kana":"ひようたんづかこふん","pref":"栃木県","muni":"真岡市"}},{"type":"Feature","geometry":{"type":"Point","coordinates":[139.949507,36.411598]},"properties":{"id":"kofun_74bd22c81b","name":"大塚古墳","kana":"おおつかこふん","pref":"栃木県","muni":"真岡市"}},{"type":"Feature","geometry":{"type":"Point","coordinates":[140.03097,36.482581]},"properties":{"id":"kofun_0d948fba17","name":"鶏塚古墳","kana":"にわとりづかこふん","pref":"栃木県","muni":"真岡市"}},{"type":"Feature","geometry":{"type":"Point","coordinates":[139.879048,36.443649]},"properties":{"id":"kofun_c68c829205","name":"大山古墳群","kana":"おおやまこふんぐん","pref":"栃木県","muni":"上三川町"}},{"type":"Feature","geometry":{"type":"Point","coordinates":[139.876768,36.405452]},"properties":{"id":"kofun_c0d316d771","name":"御鷲山古墳","kana":"おわしやまこふん","pref":"栃木県","muni":"下野市"}},{"type":"Feature","geometry":{"type":"Point","coordinates":[139.907506,36.396054]},"properties":{"id":"kofun_5e7e1b5cc0","name":"三王山古墳群","kana":"さんのうやまこふんぐん","pref":"栃木県","muni":"下野市"}},{"type":"Feature","geometry":{"type":"Point","coordinates":[139.884437,36.566771]},"properties":{"id":"kofun_dd6abb7689","name":"御蔵山古墳","kana":"みくらやまこふん","pref":"栃木県","muni":"宇都宮市"}},{"type":"Feature","geometry":{"type":"Point","coordinates":[139.896862,36.609612]},"properties":{"id":"kofun_521e5a3d9c","name":"宮下古墳群","kana":"みやしたこふんぐん","pref":"栃木県","muni":"宇都宮市"}},{"type":"Feature","geometry":{"type":"Point","coordinates":[139.880657,36.596316]},"properties":{"id":"kofun_85667e66e3","name":"長岡百穴古墳","kana":"ながおかひやつけつこふん","pref":"栃木県","muni":"宇都宮市"}},{"type":"Feature","geometry":{"type":"Point","coordinates":[139.881772,36.601117]},"properties":{"id":"kofun_6132b0fea0","name":"瓦塚古墳群","kana":"かわらづかこふんぐん","pref":"栃木県","muni":"宇都宮市"}},{"type":"Feature","geometry":{"type":"Point","coordinates":[139.928438,36.537625]},"properties":{"id":"kofun_5f81874191","name":"浅間山古墳","kana":"せんげんやまこふん","pref":"栃木県","muni":"宇都宮市"}},{"type":"Feature","geometry":{"type":"Point","coordinates":[139.928292,36.531736]},"properties":{"id":"kofun_76f36e66d4","name":"久部愛宕塚古墳","kana":"きゆうぶあたごづかこふん","pref":"栃木県","muni":"宇都宮市"}},{"type":"Feature","geometry":{"type":"Point","coordinates":[139.897933,36.609592]},"properties":{"id":"kofun_69797d145f","name":"雷電山古墳","kana":"らいでんやまこふん","pref":"栃木県","muni":"宇都宮市"}},{"type":"Feature","geometry":{"type":"Point","coordinates":[139.898636,36.480196]},"properties":{"id":"kofun_0267f124e2","name":"笹塚古墳","kana":"ささづかこふん","pref":"栃木県","muni":"宇都宮市"}},{"type":"Feature","geometry":{"type":"Point","coordinates":[139.841578,36.531825]},"properties":{"id":"kofun_f062908f73","name":"愛宕塚古墳","kana":"あたごづかこふん","pref":"栃木県","muni":"宇都宮市"}},{"type":"Feature","geometry":{"type":"Point","coordinates":[139.880873,36.476159]},"properties":{"id":"kofun_916e334065","name":"権現山古墳","kana":"ごんげんやまこふん","pref":"栃木県","muni":"宇都宮市"}},{"type":"Feature","geometry":{"type":"Point","coordinates":[139.876911,36.493823]},"properties":{"id":"kofun_ac3aea57f3","name":"雀宮牛塚古墳","kana":"すずめのみやうしづかこふん","pref":"栃木県","muni":"宇都宮市"}},{"type":"Feature","geometry":{"type":"Point","coordinates":[139.878408,36.491773]},"properties":{"id":"kofun_29bed24e71","name":"綾女塚古墳","kana":"あやめづかこふん","pref":"栃木県","muni":"宇都宮市"}},{"type":"Feature","geometry":{"type":"Point","coordinates":[139.85943,36.506189]},"properties":{"id":"kofun_ef0ead118e","name":"塚山古墳群","kana":"つかやまこふんぐん","pref":"栃木県","muni":"宇都宮市"}},{"type":"Feature","geometry":{"type":"Point","coordinates":[139.832974,36.52066]},"properties":{"id":"kofun_2d78dbdfca","name":"下欠亀塚古墳","kana":"しもかけかめづかこふん","pref":"栃木県","muni":"宇都宮市"}},{"type":"Feature","geometry":{"type":"Point","coordinates":[139.974788,36.555981]},"properties":{"id":"kofun_c204ff9b1e","name":"竹下浅間山古墳","kana":"たけしたせんげんやまこふん","pref":"栃木県","muni":"宇都宮市"}},{"type":"Feature","geometry":{"type":"Point","coordinates":[139.766486,36.550615]},"properties":{"id":"kofun_2f14781eb0","name":"狼塚古墳","kana":"やまいぬづかこふん","pref":"栃木県","muni":"鹿沼市"}},{"type":"Feature","geometry":{"type":"Point","coordinates":[139.858566,36.437676]},"properties":{"id":"kofun_50d4db19e7","name":"横塚古墳","kana":"よこつかこふん","pref":"栃木県","muni":"下野市"}},{"type":"Feature","geometry":{"type":"Point","coordinates":[139.856354,36.471079]},"properties":{"id":"kofun_63a3559a5b","name":"文殊山古墳","kana":"もんじゆやまこふん","pref":"栃木県","muni":"下野市"}},{"type":"Feature","geometry":{"type":"Point","coordinates":[139.808648,36.394395]},"properties":{"id":"kofun_fda19f8aa4","name":"国分古墳群","kana":"こくぶこふんぐん","pref":"栃木県","muni":"下野市"}},{"type":"Feature","geometry":{"type":"Point","coordinates":[139.809957,36.432622]},"properties":{"id":"kofun_0e26599920","name":"愛宕塚古墳","kana":"あたごづかこふん","pref":"栃木県","muni":"壬生町"}},{"type":"Feature","geometry":{"type":"Point","coordinates":[139.80774,36.43708]},"properties":{"id":"kofun_8e75e4cf5d","name":"牛塚古墳","kana":"うしづかこふん","pref":"栃木県","muni":"壬生町"}},{"type":"Feature","geometry":{"type":"Point","coordinates":[139.808987,36.437094]},"properties":{"id":"kofun_3f5b00023e","name":"車塚古墳","kana":"くるまづかこふん","pref":"栃木県","muni":"壬生町"}},{"type":"Feature","geometry":{"type":"Point","coordinates":[139.811192,36.40419]},"properties":{"id":"kofun_4022a6fe1b","name":"吾妻古墳","kana":"あづまこふん","pref":"栃木県","muni":"壬生町"}},{"type":"Feature","geometry":{"type":"Point","coordinates":[139.778349,36.48968]},"properties":{"id":"kofun_9c2a1ac4d5","name":"茶臼山古墳","kana":"ちやうすやまこふん","pref":"栃木県","muni":"壬生町"}},{"type":"Feature","geometry":{"type":"Point","coordinates":[139.772363,36.47679]},"properties":{"id":"kofun_9f6706c5d6","name":"長塚古墳","kana":"ながつかこふん","pref":"栃木県","muni":"壬生町"}},{"type":"Feature","geometry":{"type":"Point","coordinates":[139.830814,36.499707]},"properties":{"id":"kofun_69fc3abddc","name":"亀塚古墳","kana":"かめづかこふん","pref":"栃木県","muni":"壬生町"}},{"type":"Feature","geometry":{"type":"Point","coordinates":[139.678376,36.29771]},"properties":{"id":"kofun_30e30ab9d5","name":"曲ヶ島古墳群","kana":"まがのしまこふんぐん","pref":"栃木県","muni":"栃木市"}},{"type":"Feature","geometry":{"type":"Point","coordinates":[139.675824,36.349037]},"properties":{"id":"kofun_5da0bf0cc6","name":"七廻り鏡塚古墳","kana":"ななまわりかがみづかこふん","pref":"栃木県","muni":"栃木市"}},{"type":"Feature","geometry":{"type":"Point","coordinates":[139.675824,36.349037]},"properties":{"id":"kofun_f92cf88de9","name":"おとか塚古墳","kana":"おとかづかこふん","pref":"栃木県","muni":"栃木市"}},{"type":"Feature","geometry":{"type":"Point","coordinates":[139.712867,36.282353]},"properties":{"id":"kofun_d9f0805b54","name":"山王寺大桝塚古墳","kana":"さんのうじおおますづかこふん","pref":"栃木県","muni":"栃木市"}},{"type":"Feature","geometry":{"type":"Point","coordinates":[139.675847,36.26505]},"properties":{"id":"kofun_b1ddf7ffdd","name":"東赤麻古墳","kana":"ひがしあかまこふん","pref":"栃木県","muni":"栃木市"}},{"type":"Feature","geometry":{"type":"Point","coordinates":[139.748436,36.216815]},"properties":{"id":"kofun_6d848b78f3","name":"南赤塚古墳群","kana":"みなみあかつかこふんぐん","pref":"栃木県","muni":"野木町"}},{"type":"Feature","geometry":{"type":"Point","coordinates":[139.774744,36.282134]},"properties":{"id":"kofun_f710027206","name":"千駄塚古墳","kana":"せんだづかこふん","pref":"栃木県","muni":"小山市"}},{"type":"Feature","geometry":{"type":"Point","coordinates":[139.806155,36.372365]},"properties":{"id":"kofun_9b0ea60a3a","name":"摩利支天塚古墳・琵琶塚古墳","kana":"まりしてんづかこふん・びわづかこふん","pref":"栃木県","muni":"小山市"}},{"type":"Feature","geometry":{"type":"Point","coordinates":[139.746043,36.296603]},"properties":{"id":"kofun_acf74d1a3f","name":"寒川古墳群","kana":"さむかわこふんぐん","pref":"栃木県","muni":"小山市"}},{"type":"Feature","geometry":{"type":"Point","coordinates":[139.783511,36.389561]},"properties":{"id":"kofun_cffb6d7d6d","name":"丸山古墳","kana":"まるやまこふん","pref":"栃木県","muni":"栃木市"}},{"type":"Feature","geometry":{"type":"Point","coordinates":[139.702219,36.384083]},"properties":{"id":"kofun_6fcba79fb2","name":"岩出古墳群","kana":"いわでこふんぐん","pref":"栃木県","muni":"栃木市"}},{"type":"Feature","geometry":{"type":"Point","coordinates":[139.608686,36.325636]},"properties":{"id":"kofun_7499d1effe","name":"米山古墳","kana":"よねやまこふん","pref":"栃木県","muni":"佐野市"}},{"type":"Feature","geometry":{"type":"Point","coordinates":[139.579855,36.328133]},"properties":{"id":"kofun_d842b84ebe","name":"八幡山古墳","kana":"はちまんやまこふん","pref":"栃木県","muni":"佐野市"}},{"type":"Feature","geometry":{"type":"Point","coordinates":[139.434989,36.337185]},"properties":{"id":"kofun_c858ae7601","name":"足利公園古墳群","kana":"あしかがこうえんこふんぐん","pref":"栃木県","muni":"足利市"}},{"type":"Feature","geometry":{"type":"Point","coordinates":[139.447871,36.341558]},"properties":{"id":"kofun_28fe5a3b75","name":"機神山山頂古墳","kana":"はたがみやまさんちようこふん","pref":"栃木県","muni":"足利市"}},{"type":"Feature","geometry":{"type":"Point","coordinates":[139.548591,36.348104]},"properties":{"id":"kofun_a5cca7ae71","name":"十二天塚古墳","kana":"じゆうにてんづかこふん","pref":"栃木県","muni":"佐野市"}},{"type":"Feature","geometry":{"type":"Point","coordinates":[139.482261,36.317195]},"properties":{"id":"kofun_14d99f7d24","name":"正善寺古墳","kana":"しようぜんじこふん","pref":"栃木県","muni":"足利市"}},{"type":"Feature","geometry":{"type":"Point","coordinates":[139.48983,36.380261]},"properties":{"id":"kofun_ca9ed6634b","name":"丸木古墳群","kana":"まるきこふんぐん","pref":"栃木県","muni":"足利市"}},{"type":"Feature","geometry":{"type":"Point","coordinates":[139.438001,36.325383]},"properties":{"id":"kofun_a24b13c7f5","name":"八幡山古墳群","kana":"はちまんやまこふんぐん","pref":"栃木県","muni":"足利市"}},{"type":"Feature","geometry":{"type":"Point","coordinates":[139.478265,36.275694]},"properties":{"id":"kofun_3a4bc0549f","name":"浅間山古墳","kana":"せんげんやまこふん","pref":"栃木県","muni":"足利市"}},{"type":"Feature","geometry":{"type":"Point","coordinates":[139.436401,36.301013]},"properties":{"id":"kofun_fd581d5dc6","name":"藤本観音山古墳","kana":"ふじもとかんのんやまこふん","pref":"栃木県","muni":"足利市"}},{"type":"Feature","geometry":{"type":"Point","coordinates":[139.05515,36.590246]},"properties":{"id":"kofun_d21a109537","name":"鏡石古墳","kana":"かがみいしこふん","pref":"群馬県","muni":"昭和村"}},{"type":"Feature","geometry":{"type":"Point","coordinates":[139.045259,36.617073]},"properties":{"id":"kofun_2afa1502a8","name":"森下古墳群","kana":"もりしたこふんぐん","pref":"群馬県","muni":"昭和村"}},{"type":"Feature","geometry":{"type":"Point","coordinates":[138.988738,36.6833]},"properties":{"id":"kofun_8e1a1fbb65","name":"塚原古墳群","kana":"つかばらこふんぐん","pref":"群馬県","muni":"みなかみ町"}},{"type":"Feature","geometry":{"type":"Point","coordinates":[139.074584,36.666387]},"properties":{"id":"kofun_37b33f6e35","name":"奈良古墳群","kana":"ならこふんぐん","pref":"群馬県","muni":"沼田市"}},{"type":"Feature","geometry":{"type":"Point","coordinates":[138.837336,36.583152]},"properties":{"id":"kofun_98495bbe43","name":"石ノ塔古墳","kana":"いしのとうこふん","pref":"群馬県","muni":"中之条町"}},{"type":"Feature","geometry":{"type":"Point","coordinates":[138.768219,36.559714]},"properties":{"id":"kofun_b14f94ad29","name":"机古墳","kana":"つくえこふん","pref":"群馬県","muni":"東吾妻町"}},{"type":"Feature","geometry":{"type":"Point","coordinates":[138.791785,36.546159]},"properties":{"id":"kofun_0c26ff5301","name":"四戸古墳群","kana":"しどこふんぐん","pref":"群馬県","muni":"東吾妻町"}},{"type":"Feature","geometry":{"type":"Point","coordinates":[138.886872,36.336088]},"properties":{"id":"kofun_b6a8409dd1","name":"めおと塚古墳","kana":"めおとづかこふん","pref":"群馬県","muni":"安中市"}},{"type":"Feature","geometry":{"type":"Point","coordinates":[138.921618,36.32595]},"properties":{"id":"kofun_b1fba139cd","name":"野殿天王塚古墳","kana":"のどのてんのうづかこふん","pref":"群馬県","muni":"安中市"}},{"type":"Feature","geometry":{"type":"Point","coordinates":[138.859075,36.310517]},"properties":{"id":"kofun_2f0d9fde83","name":"簗瀬二子塚古墳","kana":"やなせふたごづかこふん","pref":"群馬県","muni":"安中市"}},{"type":"Feature","geometry":{"type":"Point","coordinates":[138.880464,36.357044]},"properties":{"id":"kofun_21a80846fc","name":"万福原古墳","kana":"まんぷくばらこふん","pref":"群馬県","muni":"安中市"}},{"type":"Feature","geometry":{"type":"Point","coordinates":[138.841839,36.354985]},"properties":{"id":"kofun_8f10a1b49c","name":"二軒茶屋古墳","kana":"にけんぢややこふん","pref":"群馬県","muni":"安中市"}},{"type":"Feature","geometry":{"type":"Point","coordinates":[138.923479,36.250996]},"properties":{"id":"kofun_f5f34bb7e8","name":"笹森稲荷古墳","kana":"ささのもりいなりこふん","pref":"群馬県","muni":"甘楽町"}},{"type":"Feature","geometry":{"type":"Point","coordinates":[138.919731,36.249835]},"properties":{"id":"kofun_531161f010","name":"金比羅山古墳","kana":"こんぴらやまこふん","pref":"群馬県","muni":"甘楽町"}},{"type":"Feature","geometry":{"type":"Point","coordinates":[138.864321,36.255049]},"properties":{"id":"kofun_496ddf1960","name":"太子堂塚古墳","kana":"たいしどうづかこふん","pref":"群馬県","muni":"富岡市"}},{"type":"Feature","geometry":{"type":"Point","coordinates":[138.87748,36.259299]},"properties":{"id":"kofun_a5dae55877","name":"御三社古墳","kana":"おさんしやこふん","pref":"群馬県","muni":"富岡市"}},{"type":"Feature","geometry":{"type":"Point","coordinates":[138.887293,36.257077]},"properties":{"id":"kofun_ad7dc7d5a6","name":"富岡五号墳","kana":"とみおかごごうふん","pref":"群馬県","muni":"富岡市"}},{"type":"Feature","geometry":{"type":"Point","coordinates":[138.874737,36.238847]},"properties":{"id":"kofun_e3c5367c4c","name":"茶臼山古墳","kana":"ちやうすやまこふん","pref":"群馬県","muni":"富岡市"}},{"type":"Feature","geometry":{"type":"Point","coordinates":[138.987705,36.245327]},"properties":{"id":"kofun_77d1592d2d","name":"多胡薬師塚古墳","kana":"たごやくしづかこふん","pref":"群馬県","muni":"高崎市"}},{"type":"Feature","geometry":{"type":"Point","coordinates":[139.006326,36.231329]},"properties":{"id":"kofun_bbfddd99c9","name":"多比良古墳","kana":"たいらこふん","pref":"群馬県","muni":"高崎市"}},{"type":"Feature","geometry":{"type":"Point","coordinates":[139.081065,36.240317]},"properties":{"id":"kofun_d93b8caf90","name":"諏訪神社古墳","kana":"すわじんじやこふん","pref":"群馬県","muni":"藤岡市"}},{"type":"Feature","geometry":{"type":"Point","coordinates":[139.039684,36.261534]},"properties":{"id":"kofun_5d15425312","name":"七輿山古墳","kana":"ななこしやまこふん","pref":"群馬県","muni":"藤岡市"}},{"type":"Feature","geometry":{"type":"Point","coordinates":[139.040057,36.265512]},"properties":{"id":"kofun_5b0061c25e","name":"伊勢塚古墳","kana":"いせづかこふん","pref":"群馬県","muni":"藤岡市"}},{"type":"Feature","geometry":{"type":"Point","coordinates":[139.040109,36.254296]},"properties":{"id":"kofun_606e5fe98f","name":"白石古墳群","kana":"しろいしこふんぐん","pref":"群馬県","muni":"藤岡市"}},{"type":"Feature","geometry":{"type":"Point","coordinates":[139.040138,36.254561]},"properties":{"id":"kofun_69d54a8038","name":"稲荷山古墳","kana":"いなりやまこふん","pref":"群馬県","muni":"藤岡市"}},{"type":"Feature","geometry":{"type":"Point","coordinates":[139.033258,36.249366]},"properties":{"id":"kofun_b046c54422","name":"喜蔵塚古墳","kana":"きぞうづかこふん","pref":"群馬県","muni":"藤岡市"}},{"type":"Feature","geometry":{"type":"Point","coordinates":[139.037245,36.228824]},"properties":{"id":"kofun_94e129d024","name":"東平井古墳群","kana":"ひがしひらいこふんぐん","pref":"群馬県","muni":"藤岡市"}},{"type":"Feature","geometry":{"type":"Point","coordinates":[138.844771,36.451153]},"properties":{"id":"kofun_3daa3e702f","name":"本郷的場古墳群","kana":"ほんごうまとばこふんぐん","pref":"群馬県","muni":"高崎市"}},{"type":"Feature","geometry":{"type":"Point","coordinates":[138.9413,36.360788]},"properties":{"id":"kofun_0ecbe7ceed","name":"しどめ塚古墳","kana":"しどめづかこふん","pref":"群馬県","muni":"高崎市"}},{"type":"Feature","geometry":{"type":"Point","coordinates":[138.958207,36.393792]},"properties":{"id":"kofun_3942fd9e13","name":"上芝古墳","kana":"かみしばこふん","pref":"群馬県","muni":"高崎市"}},{"type":"Feature","geometry":{"type":"Point","coordinates":[138.985993,36.379566]},"properties":{"id":"kofun_06d089fd69","name":"保渡田古墳群","kana":"ほどたこふんぐん","pref":"群馬県","muni":"高崎市"}},{"type":"Feature","geometry":{"type":"Point","coordinates":[138.982932,36.382758]},"properties":{"id":"kofun_e280c32d93","name":"薬師塚古墳","kana":"やくしづかこふん","pref":"群馬県","muni":"高崎市"}},{"type":"Feature","geometry":{"type":"Point","coordinates":[139.002375,36.406852]},"properties":{"id":"kofun_cdb312b4e3","name":"庚申B号古墳","kana":"こうしんBごうこふん","pref":"群馬県","muni":"高崎市"}},{"type":"Feature","geometry":{"type":"Point","coordinates":[139.033741,36.298917]},"properties":{"id":"kofun_d60b083087","name":"浅間山古墳","kana":"せんげんやまこふん","pref":"群馬県","muni":"高崎市"}},{"type":"Feature","geometry":{"type":"Point","coordinates":[139.038305,36.294886]},"properties":{"id":"kofun_52fe8a8e14","name":"大鶴巻古墳","kana":"おおつるまきこふん","pref":"群馬県","muni":"高崎市"}},{"type":"Feature","geometry":{"type":"Point","coordinates":[139.041434,36.29818]},"properties":{"id":"kofun_66ac30ee70","name":"安楽寺古墳","kana":"あんらくじこふん","pref":"群馬県","muni":"高崎市"}},{"type":"Feature","geometry":{"type":"Point","coordinates":[139.077268,36.307437]},"properties":{"id":"kofun_bc96da570b","name":"観音山古墳","kana":"かんのんやまこふん","pref":"群馬県","muni":"高崎市"}},{"type":"Feature","geometry":{"type":"Point","coordinates":[139.068917,36.322967]},"properties":{"id":"kofun_8b11d24262","name":"元島名将軍塚","kana":"もとしまなしようぐんづか","pref":"群馬県","muni":"高崎市"}},{"type":"Feature","geometry":{"type":"Point","coordinates":[138.940973,36.34167]},"properties":{"id":"kofun_adab7cdeaa","name":"観音塚古墳","kana":"かんのんづかこふん","pref":"群馬県","muni":"高崎市"}},{"type":"Feature","geometry":{"type":"Point","coordinates":[138.974673,36.325529]},"properties":{"id":"kofun_1a98b0b549","name":"御部入古墳群","kana":"おんべいりこふんぐん","pref":"群馬県","muni":"高崎市"}},{"type":"Feature","geometry":{"type":"Point","coordinates":[138.99414,36.312825]},"properties":{"id":"kofun_1ddc244088","name":"石原稲荷山古墳","kana":"いしはらいなりやまこふん","pref":"群馬県","muni":"高崎市"}},{"type":"Feature","geometry":{"type":"Point","coordinates":[139.027772,36.277089]},"properties":{"id":"kofun_88e449bd5c","name":"山上古墳・山上碑","kana":"やまのうえこふん・やまのうえのひ","pref":"群馬県","muni":"高崎市"}},{"type":"Feature","geometry":{"type":"Point","coordinates":[139.02924,36.544653]},"properties":{"id":"kofun_7989a619a8","name":"有瀬一号古墳","kana":"ありせいちごうこふん","pref":"群馬県","muni":"渋川市"}},{"type":"Feature","geometry":{"type":"Point","coordinates":[139.013553,36.519216]},"properties":{"id":"kofun_b5fa92c76c","name":"吹屋古墳群","kana":"ふきやこふんぐん","pref":"群馬県","muni":"渋川市"}},{"type":"Feature","geometry":{"type":"Point","coordinates":[138.992674,36.53185]},"properties":{"id":"kofun_f680b528c5","name":"中ノ峯古墳","kana":"なかのみねこふん","pref":"群馬県","muni":"渋川市"}},{"type":"Feature","geometry":{"type":"Point","coordinates":[138.994819,36.429125]},"properties":{"id":"kofun_bca8d23f19","name":"高塚古墳","kana":"たかづかこふん","pref":"群馬県","muni":"榛東村"}},{"type":"Feature","geometry":{"type":"Point","coordinates":[139.008556,36.439797]},"properties":{"id":"kofun_150db4e351","name":"南下古墳群","kana":"みなみしもこふんぐん","pref":"群馬県","muni":"吉岡町"}},{"type":"Feature","geometry":{"type":"Point","coordinates":[139.025703,36.435043]},"properties":{"id":"kofun_edb5704ec3","name":"三津屋古墳","kana":"みつやこふん","pref":"群馬県","muni":"吉岡町"}},{"type":"Feature","geometry":{"type":"Point","coordinates":[139.010169,36.497976]},"properties":{"id":"kofun_0dbfb2a05f","name":"東町古墳","kana":"あずまちようこふん","pref":"群馬県","muni":"渋川市"}},{"type":"Feature","geometry":{"type":"Point","coordinates":[138.995281,36.50072]},"properties":{"id":"kofun_66674479dd","name":"虚空蔵塚古墳","kana":"こくうぞうづかこふん","pref":"群馬県","muni":"渋川市"}},{"type":"Feature","geometry":{"type":"Point","coordinates":[138.980413,36.515043]},"properties":{"id":"kofun_120b42e7a0","name":"金井古墳","kana":"かないこふん","pref":"群馬県","muni":"渋川市"}},{"type":"Feature","geometry":{"type":"Point","coordinates":[139.165931,36.413283]},"properties":{"id":"kofun_e1e786a42c","name":"野本稲荷塚古墳","kana":"のもといなりづかこふん","pref":"群馬県","muni":"前橋市"}},{"type":"Feature","geometry":{"type":"Point","coordinates":[139.0604,36.461795]},"properties":{"id":"kofun_1e72816c07","name":"米野古墳群","kana":"こめのこふんぐん","pref":"群馬県","muni":"前橋市"}},{"type":"Feature","geometry":{"type":"Point","coordinates":[139.060933,36.438189]},"properties":{"id":"kofun_85c1f6226d","name":"九十九山古墳","kana":"つくもやまこふん","pref":"群馬県","muni":"前橋市"}},{"type":"Feature","geometry":{"type":"Point","coordinates":[139.161334,36.41432]},"properties":{"id":"kofun_7c3d3c8260","name":"茂木古墳群","kana":"もてぎこふんぐん","pref":"群馬県","muni":"前橋市"}},{"type":"Feature","geometry":{"type":"Point","coordinates":[139.148691,36.413682]},"properties":{"id":"kofun_9dfe683411","name":"堀越古墳","kana":"ほりこしこふん","pref":"群馬県","muni":"前橋市"}},{"type":"Feature","geometry":{"type":"Point","coordinates":[139.19069,36.450403]},"properties":{"id":"kofun_31ab15d40c","name":"白山古墳","kana":"はくさんこふん","pref":"群馬県","muni":"前橋市"}},{"type":"Feature","geometry":{"type":"Point","coordinates":[138.879997,36.560539]},"properties":{"id":"kofun_2488a3f924","name":"月田古墳群","kana":"つきだこふんぐん","pref":"群馬県","muni":"東吾妻町"}},{"type":"Feature","geometry":{"type":"Point","coordinates":[138.879997,36.560539]},"properties":{"id":"kofun_68bbd9931f","name":"山内出古墳","kana":"やまうちでこふん","pref":"群馬県","muni":"東吾妻町"}},{"type":"Feature","geometry":{"type":"Point","coordinates":[139.244251,36.423428]},"properties":{"id":"kofun_aba2026421","name":"中塚古墳","kana":"なかつかこふん","pref":"群馬県","muni":"桐生市"}},{"type":"Feature","geometry":{"type":"Point","coordinates":[139.229471,36.455078]},"properties":{"id":"kofun_66bf4aef99","name":"長者塚古墳","kana":"ちようじやづかこふん","pref":"群馬県","muni":"桐生市"}},{"type":"Feature","geometry":{"type":"Point","coordinates":[139.088645,36.3765]},"properties":{"id":"kofun_aa4cafc4b2","name":"二子山古墳","kana":"ふたごやまこふん","pref":"群馬県","muni":"前橋市"}},{"type":"Feature","geometry":{"type":"Point","coordinates":[139.045704,36.441264]},"properties":{"id":"kofun_1da14bd2a0","name":"塩原塚古墳","kana":"しおばらづかこふん","pref":"群馬県","muni":"前橋市"}},{"type":"Feature","geometry":{"type":"Point","coordinates":[139.12213,36.393274]},"properties":{"id":"kofun_5dfcf16a15","name":"正円寺古墳","kana":"しようえんじこふん","pref":"群馬県","muni":"前橋市"}},{"type":"Feature","geometry":{"type":"Point","coordinates":[139.196391,36.386441]},"properties":{"id":"kofun_f00b127482","name":"前二子古墳","kana":"まえふたごこふん","pref":"群馬県","muni":"前橋市"}},{"type":"Feature","geometry":{"type":"Point","coordinates":[139.195388,36.387547]},"properties":{"id":"kofun_ec2aae85c8","name":"中二子古墳","kana":"なかふたごこふん","pref":"群馬県","muni":"前橋市"}},{"type":"Feature","geometry":{"type":"Point","coordinates":[139.193789,36.389572]},"properties":{"id":"kofun_31e4bd62b8","name":"後二子古墳","kana":"うしろふたごこふん","pref":"群馬県","muni":"前橋市"}},{"type":"Feature","geometry":{"type":"Point","coordinates":[139.149926,36.366631]},"properties":{"id":"kofun_c519d0c713","name":"今井神社古墳","kana":"いまいじんじやこふん","pref":"群馬県","muni":"前橋市"}},{"type":"Feature","geometry":{"type":"Point","coordinates":[139.100828,36.367129]},"properties":{"id":"kofun_21dc2a10c6","name":"八幡山古墳","kana":"はちまんやまこふん","pref":"群馬県","muni":"前橋市"}},{"type":"Feature","geometry":{"type":"Point","coordinates":[139.103965,36.364876]},"properties":{"id":"kofun_ec10f1a885","name":"天神山古墳","kana":"てんじんやまこふん","pref":"群馬県","muni":"前橋市"}},{"type":"Feature","geometry":{"type":"Point","coordinates":[139.034736,36.411491]},"properties":{"id":"kofun_0da4f46b33","name":"二子山古墳","kana":"ふたごやまこふん","pref":"群馬県","muni":"前橋市"}},{"type":"Feature","geometry":{"type":"Point","coordinates":[139.036199,36.410115]},"properties":{"id":"kofun_e044f405af","name":"愛宕山古墳","kana":"あたごやまこふん","pref":"群馬県","muni":"前橋市"}},{"type":"Feature","geometry":{"type":"Point","coordinates":[139.038554,36.407338]},"properties":{"id":"kofun_a7d51fc101","name":"宝塔山古墳","kana":"ほうとうさんこふん","pref":"群馬県","muni":"前橋市"}},{"type":"Feature","geometry":{"type":"Point","coordinates":[139.039849,36.406815]},"properties":{"id":"kofun_03ebefa521","name":"蛇穴山古墳","kana":"じやけつさんこふん","pref":"群馬県","muni":"前橋市"}},{"type":"Feature","geometry":{"type":"Point","coordinates":[139.043943,36.398399]},"properties":{"id":"kofun_796461aaa0","name":"王山古墳","kana":"おうやまこふん","pref":"群馬県","muni":"前橋市"}},{"type":"Feature","geometry":{"type":"Point","coordinates":[139.2325,36.40019]},"properties":{"id":"kofun_358a37d218","name":"峯岸山古墳群","kana":"みねぎしやまこふんぐん","pref":"群馬県","muni":"伊勢崎市"}},{"type":"Feature","geometry":{"type":"Point","coordinates":[139.21637,36.390373]},"properties":{"id":"kofun_aa673c611e","name":"轟山古墳群","kana":"とどろやまこふんぐん","pref":"群馬県","muni":"伊勢崎市"}},{"type":"Feature","geometry":{"type":"Point","coordinates":[139.208243,36.389343]},"properties":{"id":"kofun_12f4f0086a","name":"赤堀茶臼山古墳","kana":"あかぼりちやうすやまこふん","pref":"群馬県","muni":"伊勢崎市"}},{"type":"Feature","geometry":{"type":"Point","coordinates":[139.20375,36.351612]},"properties":{"id":"kofun_b74f9e9054","name":"地蔵山古墳群","kana":"じぞうやまこふんぐん","pref":"群馬県","muni":"伊勢崎市"}},{"type":"Feature","geometry":{"type":"Point","coordinates":[139.209532,36.359591]},"properties":{"id":"kofun_eb6d7ebfa7","name":"洞山古墳群","kana":"どうやまこふんぐん","pref":"群馬県","muni":"伊勢崎市"}},{"type":"Feature","geometry":{"type":"Point","coordinates":[139.250591,36.322527]},"properties":{"id":"kofun_4e20866452","name":"鶴巻古墳","kana":"つるまきこふん","pref":"群馬県","muni":"伊勢崎市"}},{"type":"Feature","geometry":{"type":"Point","coordinates":[139.235144,36.283698]},"properties":{"id":"kofun_e04a77677a","name":"武士古墳群","kana":"たけしこふんぐん","pref":"群馬県","muni":"伊勢崎市"}},{"type":"Feature","geometry":{"type":"Point","coordinates":[139.126913,36.293628]},"properties":{"id":"kofun_0d309a6f46","name":"軍配山古墳","kana":"ぐんばいやまこふん","pref":"群馬県","muni":"玉村町"}},{"type":"Feature","geometry":{"type":"Point","coordinates":[139.126565,36.297506]},"properties":{"id":"kofun_8428227c9e","name":"萩塚古墳","kana":"はぎづかこふん","pref":"群馬県","muni":"玉村町"}},{"type":"Feature","geometry":{"type":"Point","coordinates":[139.172177,36.338122]},"properties":{"id":"kofun_654d0a96da","name":"御富士山古墳","kana":"おふじやまこふん","pref":"群馬県","muni":"伊勢崎市"}},{"type":"Feature","geometry":{"type":"Point","coordinates":[139.183161,36.351618]},"properties":{"id":"kofun_5ecd48ddda","name":"祝堂古墳","kana":"いわいどうこふん","pref":"群馬県","muni":"伊勢崎市"}},{"type":"Feature","geometry":{"type":"Point","coordinates":[139.198784,36.352869]},"properties":{"id":"kofun_c09f73f720","name":"蟹沼東古墳群","kana":"かにぬまひがしこふんぐん","pref":"群馬県","muni":"伊勢崎市"}},{"type":"Feature","geometry":{"type":"Point","coordinates":[139.215829,36.343974]},"properties":{"id":"kofun_1553317910","name":"丸塚山古墳","kana":"まるづかやまこふん","pref":"群馬県","muni":"伊勢崎市"}},{"type":"Feature","geometry":{"type":"Point","coordinates":[139.214525,36.338887]},"properties":{"id":"kofun_c96a6f1dd5","name":"恵下古墳","kana":"えげこふん","pref":"群馬県","muni":"伊勢崎市"}},{"type":"Feature","geometry":{"type":"Point","coordinates":[139.305145,36.427028]},"properties":{"id":"kofun_a5438b2762","name":"川内天王塚古墳","kana":"かわうちてんのうづかこふん","pref":"群馬県","muni":"桐生市"}},{"type":"Feature","geometry":{"type":"Point","coordinates":[139.316867,36.362367]},"properties":{"id":"kofun_da01854445","name":"西山古墳","kana":"にしやまこふん","pref":"群馬県","muni":"太田市"}},{"type":"Feature","geometry":{"type":"Point","coordinates":[139.321515,36.367613]},"properties":{"id":"kofun_1d8030796b","name":"北山古墳","kana":"きたやまこふん","pref":"群馬県","muni":"太田市"}},{"type":"Feature","geometry":{"type":"Point","coordinates":[139.328047,36.336363]},"properties":{"id":"kofun_4c87e96d55","name":"二ッ山古墳","kana":"ふたつやまこふん","pref":"群馬県","muni":"太田市"}},{"type":"Feature","geometry":{"type":"Point","coordinates":[139.391148,36.291947]},"properties":{"id":"kofun_25dd439c15","name":"天神山古墳","kana":"てんじんやまこふん","pref":"群馬県","muni":"太田市"}},{"type":"Feature","geometry":{"type":"Point","coordinates":[139.394397,36.291933]},"properties":{"id":"kofun_d8ae033fd9","name":"女体山古墳","kana":"によたいさんこふん","pref":"群馬県","muni":"太田市"}},{"type":"Feature","geometry":{"type":"Point","coordinates":[139.361582,36.260656]},"properties":{"id":"kofun_0d657ccd99","name":"朝子塚古墳","kana":"ちようしづかこふん","pref":"群馬県","muni":"太田市"}},{"type":"Feature","geometry":{"type":"Point","coordinates":[139.333326,36.297286]},"properties":{"id":"kofun_924cbb5e6e","name":"円福寺茶臼山古墳","kana":"えんぷくじちやうすやまこふん","pref":"群馬県","muni":"太田市"}},{"type":"Feature","geometry":{"type":"Point","coordinates":[139.340281,36.324235]},"properties":{"id":"kofun_9af6c88105","name":"鶴山古墳","kana":"つるやまこふん","pref":"群馬県","muni":"太田市"}},{"type":"Feature","geometry":{"type":"Point","coordinates":[139.352624,36.351393]},"properties":{"id":"kofun_ba29588dc7","name":"御嶽山古墳群","kana":"みたけやまこふんぐん","pref":"群馬県","muni":"太田市"}},{"type":"Feature","geometry":{"type":"Point","coordinates":[139.381954,36.330839]},"properties":{"id":"kofun_4cde3e663f","name":"巌穴山古墳","kana":"いわあなやまこふん","pref":"群馬県","muni":"太田市"}},{"type":"Feature","geometry":{"type":"Point","coordinates":[139.211075,36.436533]},"properties":{"id":"kofun_65fbdf056a","name":"本矢場薬師塚古墳","kana":"もとやばやくしづかこふん","pref":"群馬県","muni":"前橋市"}},{"type":"Feature","geometry":{"type":"Point","coordinates":[139.408484,36.228898]},"properties":{"id":"kofun_d437402143","name":"古海原前古墳群","kana":"こかいはらまえこふんぐん","pref":"群馬県","muni":"大泉町"}},{"type":"Feature","geometry":{"type":"Point","coordinates":[139.612859,36.264177]},"properties":{"id":"kofun_e0cf7b16f8","name":"西丘神社古墳","kana":"にしおかじんじやこふん","pref":"群馬県","muni":"板倉町"}},{"type":"Feature","geometry":{"type":"Point","coordinates":[139.516546,36.265007]},"properties":{"id":"kofun_5a7787b043","name":"天神二子古墳","kana":"てんじんふたごこふん","pref":"群馬県","muni":"館林市"}},{"type":"Feature","geometry":{"type":"Point","coordinates":[139.555084,36.246625]},"properties":{"id":"kofun_ac852c429f","name":"山王山古墳","kana":"さんのうやまこふん","pref":"群馬県","muni":"館林市"}},{"type":"Feature","geometry":{"type":"Point","coordinates":[139.777135,35.830817]},"properties":{"id":"kofun_507be26177","name":"新郷古墳群","kana":"しんごうこふんぐん","pref":"埼玉県","muni":"川口市"}},{"type":"Feature","geometry":{"type":"Point","coordinates":[139.599912,35.89523]},"properties":{"id":"kofun_82ece956d5","name":"側ヶ谷戸貝塚・側ヶ谷戸古墳群","kana":"そばがやとかいづか・そばがやとこふんぐん","pref":"埼玉県","muni":"さいたま市 大宮区"}},{"type":"Feature","geometry":{"type":"Point","coordinates":[139.594371,35.894391]},"properties":{"id":"kofun_8d9227cf21","name":"植水古墳群","kana":"うえみずこふんぐん","pref":"埼玉県","muni":"さいたま市 西区"}},{"type":"Feature","geometry":{"type":"Point","coordinates":[139.523181,35.988303]},"properties":{"id":"kofun_c9e4219523","name":"川田谷古墳群","kana":"かわたやこふんぐん","pref":"埼玉県","muni":"桶川市"}},{"type":"Feature","geometry":{"type":"Point","coordinates":[139.535119,35.974421]},"properties":{"id":"kofun_6c31b7c318","name":"熊野神社古墳","kana":"くまのじんじやこふん","pref":"埼玉県","muni":"桶川市"}},{"type":"Feature","geometry":{"type":"Point","coordinates":[139.515274,36.01732]},"properties":{"id":"kofun_c63e328395","name":"八重塚古墳群","kana":"やえづかこふんぐん","pref":"埼玉県","muni":"北本市"}},{"type":"Feature","geometry":{"type":"Point","coordinates":[139.520497,36.064301]},"properties":{"id":"kofun_3448e221be","name":"生出塚埴輪窯跡群・生出塚古墳群","kana":"おいねづかはにわようせきぐん・おいねづかこふんぐん","pref":"埼玉県","muni":"鴻巣市"}},{"type":"Feature","geometry":{"type":"Point","coordinates":[139.505033,36.052649]},"properties":{"id":"kofun_e4e09819fc","name":"馬室古墳群","kana":"まむろこふんぐん","pref":"埼玉県","muni":"鴻巣市"}},{"type":"Feature","geometry":{"type":"Point","coordinates":[139.481503,36.076985]},"properties":{"id":"kofun_20ad9f2030","name":"箕田古墳群","kana":"みだこふんぐん","pref":"埼玉県","muni":"鴻巣市"}},{"type":"Feature","geometry":{"type":"Point","coordinates":[139.342345,35.956432]},"properties":{"id":"kofun_789d1da9bb","name":"西戸古墳群","kana":"さいどこふんぐん","pref":"埼玉県","muni":"毛呂山町"}},{"type":"Feature","geometry":{"type":"Point","coordinates":[139.342345,35.956432]},"properties":{"id":"kofun_77bf6423df","name":"川角古墳群","kana":"かわかどこふんぐん","pref":"埼玉県","muni":"毛呂山町"}},{"type":"Feature","geometry":{"type":"Point","coordinates":[139.350019,35.962325]},"properties":{"id":"kofun_42eee6d832","name":"苦林古墳群","kana":"にがばやしこふんぐん","pref":"埼玉県","muni":"毛呂山町"}},{"type":"Feature","geometry":{"type":"Point","coordinates":[139.494381,35.915077]},"properties":{"id":"kofun_969e4a1a94","name":"三変稲荷神社古墳","kana":"さんぺんいなりじんじやこふん","pref":"埼玉県","muni":"川越市"}},{"type":"Feature","geometry":{"type":"Point","coordinates":[139.452638,35.892882]},"properties":{"id":"kofun_1d0c452808","name":"南大塚古墳群","kana":"みなみおおつかこふんぐん","pref":"埼玉県","muni":"川越市"}},{"type":"Feature","geometry":{"type":"Point","coordinates":[139.444057,35.920259]},"properties":{"id":"kofun_323fe0767f","name":"牛塚古墳","kana":"うしづかこふん","pref":"埼玉県","muni":"川越市"}},{"type":"Feature","geometry":{"type":"Point","coordinates":[139.459312,35.948952]},"properties":{"id":"kofun_aacb0bd47d","name":"下小坂古墳群","kana":"しもおさかこふんぐん","pref":"埼玉県","muni":"川越市"}},{"type":"Feature","geometry":{"type":"Point","coordinates":[139.358335,35.965417]},"properties":{"id":"kofun_099a871e7c","name":"入西古墳群","kana":"につさいこふんぐん","pref":"埼玉県","muni":"坂戸市"}},{"type":"Feature","geometry":{"type":"Point","coordinates":[139.440246,36.038122]},"properties":{"id":"kofun_18df8c76cc","name":"久米田古墳群","kana":"くめだこふんぐん","pref":"埼玉県","muni":"吉見町"}},{"type":"Feature","geometry":{"type":"Point","coordinates":[139.38906,36.087238]},"properties":{"id":"kofun_3d1d03755e","name":"三千塚古墳群","kana":"さんぜんづかこふんぐん","pref":"埼玉県","muni":"東松山市"}},{"type":"Feature","geometry":{"type":"Point","coordinates":[139.388374,36.087292]},"properties":{"id":"kofun_44b65d3993","name":"雷電山古墳","kana":"らいでんやまこふん","pref":"埼玉県","muni":"東松山市"}},{"type":"Feature","geometry":{"type":"Point","coordinates":[139.43001,36.018847]},"properties":{"id":"kofun_05123f033a","name":"天神山古墳・おくま山古墳","kana":"てんじんやまこふん・おくまやまこふん","pref":"埼玉県","muni":"東松山市"}},{"type":"Feature","geometry":{"type":"Point","coordinates":[139.412553,36.017883]},"properties":{"id":"kofun_7f5a28d4aa","name":"将軍塚古墳","kana":"しようぐんづかこふん","pref":"埼玉県","muni":"東松山市"}},{"type":"Feature","geometry":{"type":"Point","coordinates":[139.389435,36.006023]},"properties":{"id":"kofun_d66a6eeecc","name":"諏訪山古墳群","kana":"すわやまこふんぐん","pref":"埼玉県","muni":"東松山市"}},{"type":"Feature","geometry":{"type":"Point","coordinates":[139.113404,36.086179]},"properties":{"id":"kofun_d89cc22c8e","name":"上長瀞古墳群","kana":"かみながとろこふんぐん","pref":"埼玉県","muni":"長瀞町"}},{"type":"Feature","geometry":{"type":"Point","coordinates":[139.096835,36.060198]},"properties":{"id":"kofun_3466626c9c","name":"大塚古墳","kana":"おおつかこふん","pref":"埼玉県","muni":"皆野町"}},{"type":"Feature","geometry":{"type":"Point","coordinates":[139.11131,36.085256]},"properties":{"id":"kofun_bdd4b4aa52","name":"金崎古墳群","kana":"かなさきこふんぐん","pref":"埼玉県","muni":"皆野町"}},{"type":"Feature","geometry":{"type":"Point","coordinates":[139.094313,36.043964]},"properties":{"id":"kofun_f35387a3e6","name":"飯塚・招木古墳群","kana":"いいづか・まねきこふんぐん","pref":"埼玉県","muni":"秩父市"}},{"type":"Feature","geometry":{"type":"Point","coordinates":[139.099184,36.027018]},"properties":{"id":"kofun_0cae5ccf77","name":"大野原古墳群","kana":"おおのはらこふんぐん","pref":"埼玉県","muni":"秩父市"}},{"type":"Feature","geometry":{"type":"Point","coordinates":[139.174194,36.209954]},"properties":{"id":"kofun_bcb4d0c835","name":"塚本山古墳群","kana":"つかもとやまこふんぐん","pref":"埼玉県","muni":"美里町"}},{"type":"Feature","geometry":{"type":"Point","coordinates":[139.199977,36.185845]},"properties":{"id":"kofun_f580053110","name":"長坂聖天塚古墳","kana":"ながさかしようでんづかこふん","pref":"埼玉県","muni":"美里町"}},{"type":"Feature","geometry":{"type":"Point","coordinates":[139.163681,36.200106]},"properties":{"id":"kofun_3c63736ce0","name":"生野山古墳群","kana":"なまのやまこふんぐん","pref":"埼玉県","muni":"美里町"}},{"type":"Feature","geometry":{"type":"Point","coordinates":[139.084687,36.200702]},"properties":{"id":"kofun_57817e329d","name":"青柳古墳群","kana":"あおやぎこふんぐん","pref":"埼玉県","muni":"神川町"}},{"type":"Feature","geometry":{"type":"Point","coordinates":[139.119614,36.228346]},"properties":{"id":"kofun_0313d74687","name":"大御堂古墳群","kana":"おおみどうこふんぐん","pref":"埼玉県","muni":"上里町"}},{"type":"Feature","geometry":{"type":"Point","coordinates":[139.125933,36.250224]},"properties":{"id":"kofun_5be6a29932","name":"帯刀古墳群","kana":"たてわきこふんぐん","pref":"埼玉県","muni":"上里町"}},{"type":"Feature","geometry":{"type":"Point","coordinates":[139.169378,36.249482]},"properties":{"id":"kofun_15263522b6","name":"旭・小島古墳群","kana":"あさひ・おじまこふんぐん","pref":"埼玉県","muni":"本庄市"}},{"type":"Feature","geometry":{"type":"Point","coordinates":[139.189165,36.221858]},"properties":{"id":"kofun_372e071680","name":"前山古墳群","kana":"まえやまこふんぐん","pref":"埼玉県","muni":"本庄市"}},{"type":"Feature","geometry":{"type":"Point","coordinates":[139.189165,36.221858]},"properties":{"id":"kofun_babfcdcfb4","name":"公卿塚古墳","kana":"くげづかこふん","pref":"埼玉県","muni":"本庄市"}},{"type":"Feature","geometry":{"type":"Point","coordinates":[139.316379,36.100451]},"properties":{"id":"kofun_a4af54cf9c","name":"塩古墳群","kana":"しおこふんぐん","pref":"埼玉県","muni":"熊谷市"}},{"type":"Feature","geometry":{"type":"Point","coordinates":[139.30633,36.133663]},"properties":{"id":"kofun_eae6b6cd1d","name":"鹿島古墳群","kana":"かしまこふんぐん","pref":"埼玉県","muni":"深谷市"}},{"type":"Feature","geometry":{"type":"Point","coordinates":[139.34522,36.151581]},"properties":{"id":"kofun_34e27dd292","name":"宮塚古墳","kana":"みやづかこふん","pref":"埼玉県","muni":"熊谷市"}},{"type":"Feature","geometry":{"type":"Point","coordinates":[139.379278,36.104368]},"properties":{"id":"kofun_1999e20c19","name":"楊井古墳群","kana":"やぎいこふんぐん","pref":"埼玉県","muni":"熊谷市"}},{"type":"Feature","geometry":{"type":"Point","coordinates":[139.323501,36.15586]},"properties":{"id":"kofun_64374b3dc8","name":"三ヶ尻古墳群","kana":"みかじりこふんぐん","pref":"埼玉県","muni":"熊谷市"}},{"type":"Feature","geometry":{"type":"Point","coordinates":[139.41638,36.168623]},"properties":{"id":"kofun_f7b3640b64","name":"中条古墳群","kana":"ちゆうじようこふんぐん","pref":"埼玉県","muni":"熊谷市"}},{"type":"Feature","geometry":{"type":"Point","coordinates":[139.450391,36.181272]},"properties":{"id":"kofun_e819530050","name":"とやま古墳","kana":"とやまこふん","pref":"埼玉県","muni":"行田市"}},{"type":"Feature","geometry":{"type":"Point","coordinates":[139.449142,36.186357]},"properties":{"id":"kofun_0bf5c277bd","name":"酒巻古墳群","kana":"さかまきこふんぐん","pref":"埼玉県","muni":"行田市"}},{"type":"Feature","geometry":{"type":"Point","coordinates":[139.476848,36.159446]},"properties":{"id":"kofun_dc5f4c717f","name":"小見真観寺古墳","kana":"おみしんかんじこふん","pref":"埼玉県","muni":"行田市"}},{"type":"Feature","geometry":{"type":"Point","coordinates":[139.486014,36.145606]},"properties":{"id":"kofun_0eadaf8b2e","name":"若小玉古墳群","kana":"わかこだまこふんぐん","pref":"埼玉県","muni":"行田市"}},{"type":"Feature","geometry":{"type":"Point","coordinates":[139.486803,36.14311]},"properties":{"id":"kofun_eefbd57d36","name":"八幡山古墳","kana":"はちまんやまこふん","pref":"埼玉県","muni":"行田市"}},{"type":"Feature","geometry":{"type":"Point","coordinates":[139.487006,36.147733]},"properties":{"id":"kofun_31700dfff4","name":"地蔵塚古墳","kana":"じぞうづかこふん","pref":"埼玉県","muni":"行田市"}},{"type":"Feature","geometry":{"type":"Point","coordinates":[139.522351,36.133491]},"properties":{"id":"kofun_0ff0783410","name":"真名板高山古墳","kana":"まないたたかやまこふん","pref":"埼玉県","muni":"行田市"}},{"type":"Feature","geometry":{"type":"Point","coordinates":[139.479969,36.127829]},"properties":{"id":"kofun_99eb4b599e","name":"埼玉古墳群","kana":"さきたまこふんぐん","pref":"埼玉県","muni":"行田市"}},{"type":"Feature","geometry":{"type":"Point","coordinates":[139.533516,36.172838]},"properties":{"id":"kofun_dfc905f828","name":"毘沙門山古墳","kana":"びしやもんやまこふん","pref":"埼玉県","muni":"羽生市"}},{"type":"Feature","geometry":{"type":"Point","coordinates":[139.582753,36.200868]},"properties":{"id":"kofun_b6e5c626fc","name":"村君古墳群","kana":"むらきみこふんぐん","pref":"埼玉県","muni":"羽生市"}},{"type":"Feature","geometry":{"type":"Point","coordinates":[139.633576,36.160103]},"properties":{"id":"kofun_2953f0a23d","name":"樋遣川古墳群","kana":"ひやりかわこふんぐん","pref":"埼玉県","muni":"加須市"}},{"type":"Feature","geometry":{"type":"Point","coordinates":[139.574513,36.039557]},"properties":{"id":"kofun_6a917240f0","name":"栢間古墳群","kana":"かやまこふんぐん","pref":"埼玉県","muni":"久喜市"}},{"type":"Feature","geometry":{"type":"Point","coordinates":[139.728438,35.987443]},"properties":{"id":"kofun_13868d7d61","name":"塚内古墳群","kana":"つかないこふんぐん","pref":"埼玉県","muni":"春日部市"}},{"type":"Feature","geometry":{"type":"Point","coordinates":[139.785737,36.051274]},"properties":{"id":"kofun_76adcf4c24","name":"目沼古墳群","kana":"めぬまこふんぐん","pref":"埼玉県","muni":"杉戸町"}},{"type":"Feature","geometry":{"type":"Point","coordinates":[140.108021,35.614587]},"properties":{"id":"kofun_52f0989d21","name":"鷲塚古墳","kana":"わしづかこふん","pref":"千葉県","muni":"千葉市 中央区"}},{"type":"Feature","geometry":{"type":"Point","coordinates":[140.137814,35.595693]},"properties":{"id":"kofun_f9d34d86c9","name":"荒久古墳","kana":"あらくこふん","pref":"千葉県","muni":"千葉市 中央区"}},{"type":"Feature","geometry":{"type":"Point","coordinates":[140.150022,35.558621]},"properties":{"id":"kofun_d33b1ecd7c","name":"大覚寺山古墳","kana":"だいかくじやまこふん","pref":"千葉県","muni":"千葉市 中央区"}},{"type":"Feature","geometry":{"type":"Point","coordinates":[140.149804,35.564812]},"properties":{"id":"kofun_bc8c5a8245","name":"七廻塚古墳","kana":"ななまわりづかこふん","pref":"千葉県","muni":"千葉市 中央区"}},{"type":"Feature","geometry":{"type":"Point","coordinates":[140.15109,35.554938]},"properties":{"id":"kofun_6f51711c41","name":"上赤塚一号墳","kana":"かみあかつかいちごうふん","pref":"千葉県","muni":"千葉市 中央区"}},{"type":"Feature","geometry":{"type":"Point","coordinates":[140.133087,35.628536]},"properties":{"id":"kofun_df73cde33a","name":"石神二号墳","kana":"いしがみにごうふん","pref":"千葉県","muni":"千葉市 若葉区"}},{"type":"Feature","geometry":{"type":"Point","coordinates":[140.156235,35.550047]},"properties":{"id":"kofun_645826d0c2","name":"人形塚古墳","kana":"にんぎようづかこふん","pref":"千葉県","muni":"千葉市 緑区"}},{"type":"Feature","geometry":{"type":"Point","coordinates":[140.274545,35.523574]},"properties":{"id":"kofun_555aeb1fc0","name":"土気舟塚古墳","kana":"とけふなづかこふん","pref":"千葉県","muni":"千葉市 緑区"}},{"type":"Feature","geometry":{"type":"Point","coordinates":[140.099668,35.755778]},"properties":{"id":"kofun_7b9600fa41","name":"桑納二号墳","kana":"かんのうにごうふん","pref":"千葉県","muni":"八千代市"}},{"type":"Feature","geometry":{"type":"Point","coordinates":[140.025951,35.678435]},"properties":{"id":"kofun_c1fc6bf256","name":"鷺沼古墳群","kana":"さぎぬまこふんぐん","pref":"千葉県","muni":"習志野市"}},{"type":"Feature","geometry":{"type":"Point","coordinates":[140.183252,35.335416]},"properties":{"id":"kofun_035bf3343a","name":"北ノ作古墳群","kana":"きたのさくこふんぐん","pref":"千葉県","muni":"市原市"}},{"type":"Feature","geometry":{"type":"Point","coordinates":[139.904486,35.742879]},"properties":{"id":"kofun_ec77947035","name":"国府台古墳群","kana":"こうのだいこふんぐん","pref":"千葉県","muni":"市川市"}},{"type":"Feature","geometry":{"type":"Point","coordinates":[139.940535,35.782147]},"properties":{"id":"kofun_b159a72231","name":"河原塚古墳","kana":"かわらづかこふん","pref":"千葉県","muni":"松戸市"}},{"type":"Feature","geometry":{"type":"Point","coordinates":[139.915615,35.914513]},"properties":{"id":"kofun_3dc1e55dfa","name":"東深井古墳群","kana":"ひがしふかいこふんぐん","pref":"千葉県","muni":"流山市"}},{"type":"Feature","geometry":{"type":"Point","coordinates":[140.006023,35.898354]},"properties":{"id":"kofun_2ccb555011","name":"弁天古墳","kana":"べんてんこふん","pref":"千葉県","muni":"柏市"}},{"type":"Feature","geometry":{"type":"Point","coordinates":[140.005398,35.872779]},"properties":{"id":"kofun_3500ab564a","name":"我孫子古墳群","kana":"あびここふんぐん","pref":"千葉県","muni":"我孫子市"}},{"type":"Feature","geometry":{"type":"Point","coordinates":[140.268661,35.826313]},"properties":{"id":"kofun_67a40b93cf","name":"龍角寺古墳群","kana":"りゆうかくじこふんぐん","pref":"千葉県","muni":"栄町"}},{"type":"Feature","geometry":{"type":"Point","coordinates":[140.232169,35.790938]},"properties":{"id":"kofun_3f3b6e5081","name":"吉高山王古墳","kana":"よしたかさんのうこふん","pref":"千葉県","muni":"印西市"}},{"type":"Feature","geometry":{"type":"Point","coordinates":[140.321094,35.764929]},"properties":{"id":"kofun_795a0ba54d","name":"烏山二号墳","kana":"からすやまにごうふん","pref":"千葉県","muni":"富里市"}},{"type":"Feature","geometry":{"type":"Point","coordinates":[140.197192,35.827655]},"properties":{"id":"kofun_824c2f1097","name":"鶴塚古墳","kana":"つるづかこふん","pref":"千葉県","muni":"印西市"}},{"type":"Feature","geometry":{"type":"Point","coordinates":[140.290546,35.779795]},"properties":{"id":"kofun_ce014e42f4","name":"公津原古墳群","kana":"こうづはらこふんぐん","pref":"千葉県","muni":"成田市"}},{"type":"Feature","geometry":{"type":"Point","coordinates":[140.417897,35.896311]},"properties":{"id":"kofun_b76aaed857","name":"北の内古墳","kana":"きたのうちこふん","pref":"千葉県","muni":"神崎町"}},{"type":"Feature","geometry":{"type":"Point","coordinates":[140.424356,35.879262]},"properties":{"id":"kofun_2fc17bea85","name":"舟塚原古墳","kana":"ふなつかはらこふん","pref":"千葉県","muni":"神崎町"}},{"type":"Feature","geometry":{"type":"Point","coordinates":[140.508986,35.782828]},"properties":{"id":"kofun_e83703cbcc","name":"柏熊古墳群","kana":"かしわくまこふんぐん","pref":"千葉県","muni":"多古町"}},{"type":"Feature","geometry":{"type":"Point","coordinates":[140.593745,35.859331]},"properties":{"id":"kofun_069db1be0c","name":"城山一号墳","kana":"じようやまいちごうふん","pref":"千葉県","muni":"香取市"}},{"type":"Feature","geometry":{"type":"Point","coordinates":[140.581982,35.878572]},"properties":{"id":"kofun_860d67b903","name":"三之分目大塚山古墳","kana":"さんのわけめおおつかやまこふん","pref":"千葉県","muni":"香取市"}},{"type":"Feature","geometry":{"type":"Point","coordinates":[140.610239,35.852189]},"properties":{"id":"kofun_f635a0cf4f","name":"阿玉台北古墳群","kana":"あたまだいきたこふんぐん","pref":"千葉県","muni":"香取市"}},{"type":"Feature","geometry":{"type":"Point","coordinates":[140.456191,35.891894]},"properties":{"id":"kofun_1d1ac659e5","name":"禅昌寺山古墳","kana":"ぜんしようじやまこふん","pref":"千葉県","muni":"香取市"}},{"type":"Feature","geometry":{"type":"Point","coordinates":[140.457954,35.874003]},"properties":{"id":"kofun_58d39997ae","name":"片野古墳群","kana":"かたのこふんぐん","pref":"千葉県","muni":"香取市"}},{"type":"Feature","geometry":{"type":"Point","coordinates":[140.494444,35.688889]},"properties":{"id":"kofun_34a5427107","name":"小川台古墳群","kana":"おがわだいこふんぐん","pref":"千葉県","muni":"横芝光町"}},{"type":"Feature","geometry":{"type":"Point","coordinates":[140.415314,35.690019]},"properties":{"id":"kofun_038866dc78","name":"小池大塚古墳","kana":"こいけおおつかこふん","pref":"千葉県","muni":"芝山町"}},{"type":"Feature","geometry":{"type":"Point","coordinates":[140.450199,35.702523]},"properties":{"id":"kofun_23747886a6","name":"殿部田一号墳","kana":"とのべたいちごうふん","pref":"千葉県","muni":"芝山町"}},{"type":"Feature","geometry":{"type":"Point","coordinates":[140.397502,35.715585]},"properties":{"id":"kofun_64a71914a7","name":"宝馬古墳群","kana":"ほうまこふんぐん","pref":"千葉県","muni":"芝山町"}},{"type":"Feature","geometry":{"type":"Point","coordinates":[140.420204,35.680889]},"properties":{"id":"kofun_c7741b81d1","name":"中台古墳群","kana":"なかだいこふんぐん","pref":"千葉県","muni":"横芝光町"}},{"type":"Feature","geometry":{"type":"Point","coordinates":[140.449006,35.634065]},"properties":{"id":"kofun_64c5cc2c5c","name":"大堤権現塚古墳","kana":"おおつつみごんげんづかこふん","pref":"千葉県","muni":"山武市"}},{"type":"Feature","geometry":{"type":"Point","coordinates":[140.446776,35.646846]},"properties":{"id":"kofun_f8bc81856a","name":"蕪木古墳群","kana":"かぶらきこふんぐん","pref":"千葉県","muni":"山武市"}},{"type":"Feature","geometry":{"type":"Point","coordinates":[140.402399,35.650315]},"properties":{"id":"kofun_b930d498e9","name":"島戸境一号墳","kana":"しまどざかいいちごうふん","pref":"千葉県","muni":"山武市"}},{"type":"Feature","geometry":{"type":"Point","coordinates":[140.390777,35.614572]},"properties":{"id":"kofun_ac5333a4d3","name":"板附古墳群","kana":"いたつきこふんぐん","pref":"千葉県","muni":"山武市"}},{"type":"Feature","geometry":{"type":"Point","coordinates":[140.410374,35.63178]},"properties":{"id":"kofun_a3686fa97c","name":"経僧塚古墳","kana":"きようそうづかこふん","pref":"千葉県","muni":"山武市"}},{"type":"Feature","geometry":{"type":"Point","coordinates":[140.324963,35.3563]},"properties":{"id":"kofun_b92f775334","name":"浅間山一号墳","kana":"せんげんやまいちごうふん","pref":"千葉県","muni":"睦沢町"}},{"type":"Feature","geometry":{"type":"Point","coordinates":[140.304472,35.361861]},"properties":{"id":"kofun_10f0f26b8b","name":"能満寺古墳","kana":"のうまんじこふん","pref":"千葉県","muni":"長南町"}},{"type":"Feature","geometry":{"type":"Point","coordinates":[140.293124,35.373083]},"properties":{"id":"kofun_01a598c3e8","name":"油殿古墳群","kana":"あぶらでんこふんぐん","pref":"千葉県","muni":"長南町"}},{"type":"Feature","geometry":{"type":"Point","coordinates":[140.260508,35.305571]},"properties":{"id":"kofun_68d6c26eac","name":"台古墳群","kana":"だいこふんぐん","pref":"千葉県","muni":"大多喜町"}},{"type":"Feature","geometry":{"type":"Point","coordinates":[140.14108,35.533441]},"properties":{"id":"kofun_92da2e0e6a","name":"菊間古墳群","kana":"きくまこふんぐん","pref":"千葉県","muni":"市原市"}},{"type":"Feature","geometry":{"type":"Point","coordinates":[140.123926,35.503332]},"properties":{"id":"kofun_dc113fdcdd","name":"稲荷台一号墳","kana":"いなりだいいちごうふん","pref":"千葉県","muni":"市原市"}},{"type":"Feature","geometry":{"type":"Point","coordinates":[140.109982,35.494436]},"properties":{"id":"kofun_5b88719202","name":"神門古墳群","kana":"ごうどこふんぐん","pref":"千葉県","muni":"市原市"}},{"type":"Feature","geometry":{"type":"Point","coordinates":[140.11509,35.487643]},"properties":{"id":"kofun_aadb9c9d44","name":"東間部多古墳群","kana":"とうかんべたこふんぐん","pref":"千葉県","muni":"市原市"}},{"type":"Feature","geometry":{"type":"Point","coordinates":[140.04822,35.475835]},"properties":{"id":"kofun_6e78606376","name":"姉崎古墳群","kana":"あねさきこふんぐん","pref":"千葉県","muni":"市原市"}},{"type":"Feature","geometry":{"type":"Point","coordinates":[140.089676,35.474162]},"properties":{"id":"kofun_bf276a387e","name":"今富塚山古墳","kana":"いまどみつかやまこふん","pref":"千葉県","muni":"市原市"}},{"type":"Feature","geometry":{"type":"Point","coordinates":[140.118946,35.478779]},"properties":{"id":"kofun_293e0fed6d","name":"山倉一号墳","kana":"やまくらいちごうふん","pref":"千葉県","muni":"市原市"}},{"type":"Feature","geometry":{"type":"Point","coordinates":[140.153663,35.489018]},"properties":{"id":"kofun_588bcd6819","name":"小田部古墳","kana":"おだつべこふん","pref":"千葉県","muni":"市原市"}},{"type":"Feature","geometry":{"type":"Point","coordinates":[140.140802,35.403097]},"properties":{"id":"kofun_5d25efd613","name":"牛久古墳群","kana":"うしくこふんぐん","pref":"千葉県","muni":"市原市"}},{"type":"Feature","geometry":{"type":"Point","coordinates":[140.153019,35.392312]},"properties":{"id":"kofun_492f753b3a","name":"金環塚古墳","kana":"きんかんづかこふん","pref":"千葉県","muni":"市原市"}},{"type":"Feature","geometry":{"type":"Point","coordinates":[139.933372,35.382899]},"properties":{"id":"kofun_69d408e4f6","name":"稲荷森古墳","kana":"いなりもりこふん","pref":"千葉県","muni":"木更津市"}},{"type":"Feature","geometry":{"type":"Point","coordinates":[139.931884,35.385373]},"properties":{"id":"kofun_02be6c686f","name":"松面古墳","kana":"まつめんこふん","pref":"千葉県","muni":"木更津市"}},{"type":"Feature","geometry":{"type":"Point","coordinates":[139.922595,35.360631]},"properties":{"id":"kofun_d1d655e6b8","name":"瑠璃光塚古墳","kana":"るりこうづかこふん","pref":"千葉県","muni":"木更津市"}},{"type":"Feature","geometry":{"type":"Point","coordinates":[139.939253,35.370706]},"properties":{"id":"kofun_971c76f95d","name":"請西古墳群","kana":"じようざいこふんぐん","pref":"千葉県","muni":"木更津市"}},{"type":"Feature","geometry":{"type":"Point","coordinates":[139.939253,35.370706]},"properties":{"id":"kofun_13664c782d","name":"高部古墳群","kana":"たかべこふんぐん","pref":"千葉県","muni":"木更津市"}},{"type":"Feature","geometry":{"type":"Point","coordinates":[139.941017,35.383952]},"properties":{"id":"kofun_8726646953","name":"鳥越古墳","kana":"とりごえこふん","pref":"千葉県","muni":"木更津市"}},{"type":"Feature","geometry":{"type":"Point","coordinates":[139.932838,35.387057]},"properties":{"id":"kofun_1e28a29272","name":"祇園長須賀古墳群","kana":"ぎおんながすかこふんぐん","pref":"千葉県","muni":"木更津市"}},{"type":"Feature","geometry":{"type":"Point","coordinates":[139.954634,35.390654]},"properties":{"id":"kofun_94222d4cb7","name":"祇園大塚山古墳","kana":"ぎおんおおつかやまこふん","pref":"千葉県","muni":"木更津市"}},{"type":"Feature","geometry":{"type":"Point","coordinates":[139.946302,35.389078]},"properties":{"id":"kofun_a845dfff2d","name":"鶴巻塚古墳","kana":"つるまきづかこふん","pref":"千葉県","muni":"木更津市"}},{"type":"Feature","geometry":{"type":"Point","coordinates":[139.932829,35.387195]},"properties":{"id":"kofun_f831dba7ae","name":"金鈴塚古墳","kana":"きんれいづかこふん","pref":"千葉県","muni":"木更津市"}},{"type":"Feature","geometry":{"type":"Point","coordinates":[139.938523,35.389979]},"properties":{"id":"kofun_d707a050db","name":"丸山古墳","kana":"まるやまこふん","pref":"千葉県","muni":"木更津市"}},{"type":"Feature","geometry":{"type":"Point","coordinates":[139.92908,35.402884]},"properties":{"id":"kofun_2e8a4b36a5","name":"銚子塚古墳","kana":"ちようしづかこふん","pref":"千葉県","muni":"木更津市"}},{"type":"Feature","geometry":{"type":"Point","coordinates":[139.913766,35.357394]},"properties":{"id":"kofun_18a0ba4c3e","name":"手古塚古墳","kana":"てこづかこふん","pref":"千葉県","muni":"木更津市"}},{"type":"Feature","geometry":{"type":"Point","coordinates":[139.910424,35.354067]},"properties":{"id":"kofun_29fe9e054d","name":"俵ヶ谷古墳群","kana":"たわらがやつこふんぐん","pref":"千葉県","muni":"木更津市"}},{"type":"Feature","geometry":{"type":"Point","coordinates":[139.929641,35.320611]},"properties":{"id":"kofun_a37749a3fc","name":"道祖神裏古墳","kana":"どうそじんうらこふん","pref":"千葉県","muni":"君津市"}},{"type":"Feature","geometry":{"type":"Point","coordinates":[139.926705,35.314574]},"properties":{"id":"kofun_1d37c13219","name":"八幡神社古墳","kana":"はちまんじんじやこふん","pref":"千葉県","muni":"君津市"}},{"type":"Feature","geometry":{"type":"Point","coordinates":[139.936049,35.328467]},"properties":{"id":"kofun_6658627130","name":"八重原古墳群","kana":"やえはらこふんぐん","pref":"千葉県","muni":"君津市"}},{"type":"Feature","geometry":{"type":"Point","coordinates":[139.939329,35.304479]},"properties":{"id":"kofun_12db3ff285","name":"狐山古墳","kana":"きつねやまこふん","pref":"千葉県","muni":"君津市"}},{"type":"Feature","geometry":{"type":"Point","coordinates":[139.978983,35.294627]},"properties":{"id":"kofun_295dfbd111","name":"駒久保六号墳","kana":"こまくぼろくごうふん","pref":"千葉県","muni":"君津市"}},{"type":"Feature","geometry":{"type":"Point","coordinates":[140.034167,35.309002]},"properties":{"id":"kofun_2633a84fb8","name":"戸崎古墳群","kana":"とざきこふんぐん","pref":"千葉県","muni":"君津市"}},{"type":"Feature","geometry":{"type":"Point","coordinates":[140.067248,35.314638]},"properties":{"id":"kofun_38bdb20119","name":"浅間神社古墳","kana":"せんげんじんじやこふん","pref":"千葉県","muni":"君津市"}},{"type":"Feature","geometry":{"type":"Point","coordinates":[140.05788,35.320153]},"properties":{"id":"kofun_c11c6f5fdf","name":"白山神社古墳","kana":"はくさんじんじやこふん","pref":"千葉県","muni":"君津市"}},{"type":"Feature","geometry":{"type":"Point","coordinates":[140.051336,35.309166]},"properties":{"id":"kofun_36c85c9d6e","name":"飯籠塚古墳","kana":"いごづかこふん","pref":"千葉県","muni":"君津市"}},{"type":"Feature","geometry":{"type":"Point","coordinates":[139.846219,35.319411]},"properties":{"id":"kofun_c9615a3c62","name":"稲荷山古墳","kana":"いなりやまこふん","pref":"千葉県","muni":"富津市"}},{"type":"Feature","geometry":{"type":"Point","coordinates":[139.858268,35.33114]},"properties":{"id":"kofun_3ce06834c5","name":"上野塚古墳","kana":"うわのづかこふん","pref":"千葉県","muni":"富津市"}},{"type":"Feature","geometry":{"type":"Point","coordinates":[139.856447,35.329933]},"properties":{"id":"kofun_6a7a6d2e44","name":"西原古墳","kana":"にしはらこふん","pref":"千葉県","muni":"富津市"}},{"type":"Feature","geometry":{"type":"Point","coordinates":[139.857299,35.326079]},"properties":{"id":"kofun_c0d0f8b542","name":"内裏塚古墳群","kana":"だいりづかこふんぐん","pref":"千葉県","muni":"富津市"}},{"type":"Feature","geometry":{"type":"Point","coordinates":[139.858552,35.319704]},"properties":{"id":"kofun_d11548df80","name":"九条塚古墳","kana":"くじようづかこふん","pref":"千葉県","muni":"富津市"}},{"type":"Feature","geometry":{"type":"Point","coordinates":[139.862098,35.321724]},"properties":{"id":"kofun_dc27f0f73b","name":"三条塚古墳","kana":"さんじようづかこふん","pref":"千葉県","muni":"富津市"}},{"type":"Feature","geometry":{"type":"Point","coordinates":[139.861941,35.317393]},"properties":{"id":"kofun_bb4e81ca0f","name":"森山塚古墳","kana":"もりやまづかこふん","pref":"千葉県","muni":"富津市"}},{"type":"Feature","geometry":{"type":"Point","coordinates":[139.862568,35.319461]},"properties":{"id":"kofun_262bcdcdb0","name":"亀塚古墳","kana":"かめづかこふん","pref":"千葉県","muni":"富津市"}},{"type":"Feature","geometry":{"type":"Point","coordinates":[139.868806,35.30926]},"properties":{"id":"kofun_0fd2ac7c76","name":"野々間古墳","kana":"ののまこふん","pref":"千葉県","muni":"富津市"}},{"type":"Feature","geometry":{"type":"Point","coordinates":[139.858302,35.281825]},"properties":{"id":"kofun_e94f458416","name":"弁天山古墳","kana":"べんてんやまこふん","pref":"千葉県","muni":"富津市"}},{"type":"Feature","geometry":{"type":"Point","coordinates":[139.872647,35.22421]},"properties":{"id":"kofun_5b4dc9b5bb","name":"富士見台古墳群","kana":"ふじみだいこふんぐん","pref":"千葉県","muni":"富津市"}},{"type":"Feature","geometry":{"type":"Point","coordinates":[139.884169,35.225321]},"properties":{"id":"kofun_66d2decf47","name":"町田古墳","kana":"まちだこふん","pref":"千葉県","muni":"富津市"}},{"type":"Feature","geometry":{"type":"Point","coordinates":[139.902098,35.227816]},"properties":{"id":"kofun_03a9f7fa7e","name":"上北原古墳","kana":"かみきたばらこふん","pref":"千葉県","muni":"富津市"}},{"type":"Feature","geometry":{"type":"Point","coordinates":[140.107787,35.110156]},"properties":{"id":"kofun_23b62b0c35","name":"広場一号墳","kana":"ひろばいちごうふん","pref":"千葉県","muni":"鴨川市"}},{"type":"Feature","geometry":{"type":"Point","coordinates":[139.811229,34.954702]},"properties":{"id":"kofun_1e7f18ed42","name":"翁作古墳","kana":"おきなさくこふん","pref":"千葉県","muni":"館山市"}},{"type":"Feature","geometry":{"type":"Point","coordinates":[139.747816,35.655438]},"properties":{"id":"kofun_87d230512b","name":"芝丸山古墳群","kana":"しばまるやまこふんぐん","pref":"東京都","muni":"港区"}},{"type":"Feature","geometry":{"type":"Point","coordinates":[139.75118,35.731196]},"properties":{"id":"kofun_f6d6bb8ae4","name":"富士神社古墳","kana":"ふじじんじやこふん","pref":"東京都","muni":"文京区"}},{"type":"Feature","geometry":{"type":"Point","coordinates":[139.700223,35.648061]},"properties":{"id":"kofun_d9e44e16d0","name":"猿楽塚古墳","kana":"さるがくづかこふん","pref":"東京都","muni":"渋谷区"}},{"type":"Feature","geometry":{"type":"Point","coordinates":[139.671996,35.589682]},"properties":{"id":"kofun_db63836388","name":"田園調布古墳群","kana":"でんえんちようふこふんぐん","pref":"東京都","muni":"大田区"}},{"type":"Feature","geometry":{"type":"Point","coordinates":[139.667119,35.589185]},"properties":{"id":"kofun_0ef16b831a","name":"亀甲山古墳","kana":"かめのこやまこふん","pref":"東京都","muni":"大田区"}},{"type":"Feature","geometry":{"type":"Point","coordinates":[139.663413,35.59297]},"properties":{"id":"kofun_34c33de5ce","name":"宝莱山古墳","kana":"ほうらいさんこふん","pref":"東京都","muni":"大田区"}},{"type":"Feature","geometry":{"type":"Point","coordinates":[139.666211,35.589781]},"properties":{"id":"kofun_ec967ad3a6","name":"多摩川台古墳群","kana":"たまがわだいこふんぐん","pref":"東京都","muni":"大田区"}},{"type":"Feature","geometry":{"type":"Point","coordinates":[139.67743,35.591083]},"properties":{"id":"kofun_111221b08f","name":"鵜ノ木大塚古墳","kana":"うのきおおつかこふん","pref":"東京都","muni":"大田区"}},{"type":"Feature","geometry":{"type":"Point","coordinates":[139.643114,35.605025]},"properties":{"id":"kofun_663af33114","name":"野毛大塚古墳","kana":"のげおおつかこふん","pref":"東京都","muni":"世田谷区"}},{"type":"Feature","geometry":{"type":"Point","coordinates":[139.647917,35.602893]},"properties":{"id":"kofun_1e638c34e7","name":"御岳山古墳","kana":"みたけさんこふん","pref":"東京都","muni":"世田谷区"}},{"type":"Feature","geometry":{"type":"Point","coordinates":[139.601442,35.632287]},"properties":{"id":"kofun_eb4aa1f148","name":"砧中学校古墳群","kana":"きぬたちゆうがつこうこふんぐん","pref":"東京都","muni":"世田谷区"}},{"type":"Feature","geometry":{"type":"Point","coordinates":[139.596583,35.627448]},"properties":{"id":"kofun_e192e70bfa","name":"喜多見古墳群","kana":"きたみこふんぐん","pref":"東京都","muni":"世田谷区"}},{"type":"Feature","geometry":{"type":"Point","coordinates":[139.699434,35.77677]},"properties":{"id":"kofun_62d35d40c1","name":"志村古墳群","kana":"しむらこふんぐん","pref":"東京都","muni":"板橋区"}},{"type":"Feature","geometry":{"type":"Point","coordinates":[139.738823,35.750472]},"properties":{"id":"kofun_289e3e71f7","name":"飛鳥山古墳群","kana":"あすかやまこふんぐん","pref":"東京都","muni":"北区"}},{"type":"Feature","geometry":{"type":"Point","coordinates":[139.792659,35.801272]},"properties":{"id":"kofun_59a700d9f2","name":"白旗塚古墳群","kana":"しらはたづかこふんぐん","pref":"東京都","muni":"足立区"}},{"type":"Feature","geometry":{"type":"Point","coordinates":[139.87508,35.758244]},"properties":{"id":"kofun_cf49652ab2","name":"柴又八幡神社古墳","kana":"しばまたはちまんじんじやこふん","pref":"東京都","muni":"葛飾区"}},{"type":"Feature","geometry":{"type":"Point","coordinates":[139.578665,35.635019]},"properties":{"id":"kofun_db147051d9","name":"狛江古墳群","kana":"こまえこふんぐん","pref":"東京都","muni":"狛江市"}},{"type":"Feature","geometry":{"type":"Point","coordinates":[139.551169,35.643887]},"properties":{"id":"kofun_f6ae66f716","name":"下布田古墳群","kana":"しもふだこふんぐん","pref":"東京都","muni":"調布市"}},{"type":"Feature","geometry":{"type":"Point","coordinates":[139.356708,35.699751]},"properties":{"id":"kofun_a4709ef869","name":"浄土古墳群","kana":"じようどこふんぐん","pref":"東京都","muni":"昭島市"}},{"type":"Feature","geometry":{"type":"Point","coordinates":[139.448931,35.679749]},"properties":{"id":"kofun_43b15f26cb","name":"下谷保古墳群","kana":"しもやぼこふんぐん","pref":"東京都","muni":"国立市"}},{"type":"Feature","geometry":{"type":"Point","coordinates":[139.465943,35.667496]},"properties":{"id":"kofun_ca3a285de5","name":"高倉古墳群","kana":"たかくらこふんぐん","pref":"東京都","muni":"府中市"}},{"type":"Feature","geometry":{"type":"Point","coordinates":[139.434728,35.638563]},"properties":{"id":"kofun_47a757ee3f","name":"稲荷塚古墳","kana":"いなりづかこふん","pref":"東京都","muni":"多摩市"}},{"type":"Feature","geometry":{"type":"Point","coordinates":[139.434262,35.638352]},"properties":{"id":"kofun_57ccccb031","name":"臼井塚古墳","kana":"うすいづかこふん","pref":"東京都","muni":"多摩市"}},{"type":"Feature","geometry":{"type":"Point","coordinates":[139.429943,35.646936]},"properties":{"id":"kofun_f3de81a78b","name":"万蔵院台古墳群","kana":"まんぞういんだいこふんぐん","pref":"東京都","muni":"日野市"}},{"type":"Feature","geometry":{"type":"Point","coordinates":[139.379278,35.650213]},"properties":{"id":"kofun_b68d4bca9a","name":"平山古墳群","kana":"ひらやまこふんぐん","pref":"東京都","muni":"日野市"}},{"type":"Feature","geometry":{"type":"Point","coordinates":[139.348374,35.672405]},"properties":{"id":"kofun_8b40e65782","name":"北大谷古墳","kana":"きたおおやこふん","pref":"東京都","muni":"八王子市"}},{"type":"Feature","geometry":{"type":"Point","coordinates":[139.28765,35.739807]},"properties":{"id":"kofun_dc9e1a9bc3","name":"瀬戸岡古墳群","kana":"せどおかこふんぐん","pref":"東京都","muni":"あきる野市"}},{"type":"Feature","geometry":{"type":"Point","coordinates":[139.660439,35.545412]},"properties":{"id":"kofun_f3dfd7e6cf","name":"夢見ヶ崎古墳群","kana":"ゆめみがさきこふんぐん","pref":"神奈川県","muni":"川崎市 幸区"}},{"type":"Feature","geometry":{"type":"Point","coordinates":[139.661802,35.550717]},"properties":{"id":"kofun_c2bab892f0","name":"白山古墳","kana":"はくさんこふん","pref":"神奈川県","muni":"川崎市 幸区"}},{"type":"Feature","geometry":{"type":"Point","coordinates":[139.60147,35.583692]},"properties":{"id":"kofun_47b6898b96","name":"馬絹古墳","kana":"まぎぬこふん","pref":"神奈川県","muni":"川崎市 宮前区"}},{"type":"Feature","geometry":{"type":"Point","coordinates":[139.515274,35.573588]},"properties":{"id":"kofun_d1456a133e","name":"早野横穴古墳","kana":"はやのよこあなこふん","pref":"神奈川県","muni":"川崎市 麻生区"}},{"type":"Feature","geometry":{"type":"Point","coordinates":[139.610442,35.467351]},"properties":{"id":"kofun_f1088e0a3c","name":"軽井沢古墳","kana":"かるいざわこふん","pref":"神奈川県","muni":"横浜市 西区"}},{"type":"Feature","geometry":{"type":"Point","coordinates":[139.622896,35.414281]},"properties":{"id":"kofun_204f646a3a","name":"室の木古墳","kana":"むろのきこふん","pref":"神奈川県","muni":"横浜市 磯子区"}},{"type":"Feature","geometry":{"type":"Point","coordinates":[139.594414,35.442373]},"properties":{"id":"kofun_70b2d508a7","name":"瀬戸ヶ谷古墳","kana":"せとがやこふん","pref":"神奈川県","muni":"横浜市 保土ケ谷区"}},{"type":"Feature","geometry":{"type":"Point","coordinates":[139.538258,35.424683]},"properties":{"id":"kofun_fe64f99450","name":"東野台古墳群","kana":"ひがしのだいこふんぐん","pref":"神奈川県","muni":"横浜市 戸塚区"}},{"type":"Feature","geometry":{"type":"Point","coordinates":[139.648472,35.558139]},"properties":{"id":"kofun_361d92bd24","name":"日吉矢上古墳","kana":"ひよしやがみこふん","pref":"神奈川県","muni":"横浜市 港北区"}},{"type":"Feature","geometry":{"type":"Point","coordinates":[139.654775,35.554632]},"properties":{"id":"kofun_62f0351457","name":"観音松古墳","kana":"かんのんまつこふん","pref":"神奈川県","muni":"横浜市 港北区"}},{"type":"Feature","geometry":{"type":"Point","coordinates":[139.565348,35.551588]},"properties":{"id":"kofun_0f2814ddc7","name":"矢崎山古墳","kana":"やざきやまこふん","pref":"神奈川県","muni":"横浜市 都筑区"}},{"type":"Feature","geometry":{"type":"Point","coordinates":[139.531711,35.55977]},"properties":{"id":"kofun_67e08cc8d7","name":"稲荷前古墳群","kana":"いなりまえこふんぐん","pref":"神奈川県","muni":"横浜市 青葉区"}},{"type":"Feature","geometry":{"type":"Point","coordinates":[139.542001,35.548824]},"properties":{"id":"kofun_a5f0da9d9b","name":"朝光寺原古墳群","kana":"ちようこうじばらこふんぐん","pref":"神奈川県","muni":"横浜市 青葉区"}},{"type":"Feature","geometry":{"type":"Point","coordinates":[139.547731,35.312771]},"properties":{"id":"kofun_f39bafa8cc","name":"采女塚古墳","kana":"うねめづかこふん","pref":"神奈川県","muni":"鎌倉市"}},{"type":"Feature","geometry":{"type":"Point","coordinates":[139.543172,35.330185]},"properties":{"id":"kofun_f4f7fcafd4","name":"瓜ヶ谷やぐら群","kana":"うりがやつやぐらぐん","pref":"神奈川県","muni":"鎌倉市"}},{"type":"Feature","geometry":{"type":"Point","coordinates":[139.579301,35.287129]},"properties":{"id":"kofun_6557ecb5f7","name":"長柄・桜山第一号・二号墳","kana":"ながえ・さくらやまだいいちごう・にごうふん","pref":"神奈川県","muni":"葉山町"}},{"type":"Feature","geometry":{"type":"Point","coordinates":[139.586575,35.266811]},"properties":{"id":"kofun_0671e93637","name":"一色古墳","kana":"いつしきこふん","pref":"神奈川県","muni":"葉山町"}},{"type":"Feature","geometry":{"type":"Point","coordinates":[139.565031,35.308121]},"properties":{"id":"kofun_f92c03e41b","name":"まんだらどうやぐら群","kana":"まんだらどうやぐらぐん","pref":"神奈川県","muni":"逗子市"}},{"type":"Feature","geometry":{"type":"Point","coordinates":[139.606016,35.304049]},"properties":{"id":"kofun_49f6c54323","name":"神武寺やぐら群","kana":"じんむじやぐらぐん","pref":"神奈川県","muni":"逗子市"}},{"type":"Feature","geometry":{"type":"Point","coordinates":[139.695763,35.244777]},"properties":{"id":"kofun_53ca2b693a","name":"大塚古墳","kana":"おおつかこふん","pref":"神奈川県","muni":"横須賀市"}},{"type":"Feature","geometry":{"type":"Point","coordinates":[139.719222,35.213899]},"properties":{"id":"kofun_67c9bf6480","name":"こんぴら山古墳","kana":"こんぴらやまこふん","pref":"神奈川県","muni":"横須賀市"}},{"type":"Feature","geometry":{"type":"Point","coordinates":[139.673637,35.24306]},"properties":{"id":"kofun_0a48e5e08b","name":"深谷やぐら群","kana":"ふかやぐらぐん","pref":"神奈川県","muni":"横須賀市"}},{"type":"Feature","geometry":{"type":"Point","coordinates":[139.682262,35.222694]},"properties":{"id":"kofun_1c9146d57d","name":"かろうと山古墳","kana":"かろうとやまこふん","pref":"神奈川県","muni":"横須賀市"}},{"type":"Feature","geometry":{"type":"Point","coordinates":[139.622896,35.140215]},"properties":{"id":"kofun_e7c326f4a5","name":"向ヶ崎古墳","kana":"むこうがさきこふん","pref":"神奈川県","muni":"三浦市"}},{"type":"Feature","geometry":{"type":"Point","coordinates":[139.387398,35.371496]},"properties":{"id":"kofun_365819e4ed","name":"大神塚古墳","kana":"おおじんづかこふん","pref":"神奈川県","muni":"寒川町"}},{"type":"Feature","geometry":{"type":"Point","coordinates":[139.411021,35.332622]},"properties":{"id":"kofun_8b8af83f47","name":"石神古墳","kana":"いしがみこふん","pref":"神奈川県","muni":"茅ヶ崎市"}},{"type":"Feature","geometry":{"type":"Point","coordinates":[139.425723,35.362681]},"properties":{"id":"kofun_a50dc910fc","name":"十二天古墳群","kana":"じゆうにてんこふんぐん","pref":"神奈川県","muni":"茅ヶ崎市"}},{"type":"Feature","geometry":{"type":"Point","coordinates":[139.404846,35.469789]},"properties":{"id":"kofun_e32523cc07","name":"秋葉山古墳群","kana":"あきばやまこふんぐん","pref":"神奈川県","muni":"海老名市"}},{"type":"Feature","geometry":{"type":"Point","coordinates":[139.401699,35.448]},"properties":{"id":"kofun_2c47e1a9f2","name":"瓢箪塚古墳","kana":"ひようたんづかこふん","pref":"神奈川県","muni":"海老名市"}},{"type":"Feature","geometry":{"type":"Point","coordinates":[139.361102,35.528032]},"properties":{"id":"kofun_598683d99d","name":"谷原古墳群","kana":"たにがはらこふんぐん","pref":"神奈川県","muni":"相模原市 南区"}},{"type":"Feature","geometry":{"type":"Point","coordinates":[139.372035,35.47001]},"properties":{"id":"kofun_747c5ffe3b","name":"堂坂古墳群","kana":"どうざかこふんぐん","pref":"神奈川県","muni":"厚木市"}},{"type":"Feature","geometry":{"type":"Point","coordinates":[139.343742,35.468602]},"properties":{"id":"kofun_e06812f688","name":"山ノ上第二号古墳","kana":"やまのうえだいにごうこふん","pref":"神奈川県","muni":"厚木市"}},{"type":"Feature","geometry":{"type":"Point","coordinates":[139.345584,35.491192]},"properties":{"id":"kofun_8c7567ff78","name":"上三田古墳群","kana":"かみさんだこふんぐん","pref":"神奈川県","muni":"厚木市"}},{"type":"Feature","geometry":{"type":"Point","coordinates":[139.333413,35.464445]},"properties":{"id":"kofun_0715ae9c70","name":"登山古墳","kana":"どうやまこふん","pref":"神奈川県","muni":"厚木市"}},{"type":"Feature","geometry":{"type":"Point","coordinates":[139.352332,35.428241]},"properties":{"id":"kofun_51566ae2a3","name":"地頭山古墳","kana":"じとうやまこふん","pref":"神奈川県","muni":"厚木市"}},{"type":"Feature","geometry":{"type":"Point","coordinates":[139.288273,35.405934]},"properties":{"id":"kofun_bde652d4b3","name":"尾根山古墳群","kana":"おねやまこふんぐん","pref":"神奈川県","muni":"伊勢原市"}},{"type":"Feature","geometry":{"type":"Point","coordinates":[139.266848,35.359303]},"properties":{"id":"kofun_0695d3e12d","name":"二子塚古墳","kana":"ふたごづかこふん","pref":"神奈川県","muni":"秦野市"}},{"type":"Feature","geometry":{"type":"Point","coordinates":[139.18862,35.38638]},"properties":{"id":"kofun_7587997fa5","name":"桜土手古墳群","kana":"さくらどてこふんぐん","pref":"神奈川県","muni":"秦野市"}},{"type":"Feature","geometry":{"type":"Point","coordinates":[139.349164,35.358169]},"properties":{"id":"kofun_27775cc477","name":"真土大塚山古墳","kana":"しんどおおつかやまこふん","pref":"神奈川県","muni":"平塚市"}},{"type":"Feature","geometry":{"type":"Point","coordinates":[139.284618,35.366783]},"properties":{"id":"kofun_fcacbcfc91","name":"塚越古墳","kana":"つかごしこふん","pref":"神奈川県","muni":"平塚市"}},{"type":"Feature","geometry":{"type":"Point","coordinates":[139.302038,35.338611]},"properties":{"id":"kofun_bb4f6730c6","name":"根坂間横穴","kana":"ねざかまよこあな","pref":"神奈川県","muni":"平塚市"}},{"type":"Feature","geometry":{"type":"Point","coordinates":[139.318482,35.317475]},"properties":{"id":"kofun_c248e756fd","name":"釜口古墳","kana":"かまぐちこふん","pref":"神奈川県","muni":"大磯町"}},{"type":"Feature","geometry":{"type":"Point","coordinates":[139.122525,35.150752]},"properties":{"id":"kofun_e4034316af","name":"船岡横穴","kana":"ふなおかよこあな","pref":"神奈川県","muni":"湯河原町"}},{"type":"Feature","geometry":{"type":"Point","coordinates":[139.129848,35.27743]},"properties":{"id":"kofun_17ca170677","name":"久野古墳群","kana":"くのこふんぐん","pref":"神奈川県","muni":"小田原市"}},{"type":"Feature","geometry":{"type":"Point","coordinates":[138.327336,37.073768]},"properties":{"id":"kofun_0dbd09610d","name":"菅原古墳群","kana":"すがはらこふんぐん","pref":"新潟県","muni":"上越市"}},{"type":"Feature","geometry":{"type":"Point","coordinates":[138.351333,37.09483]},"properties":{"id":"kofun_66ea1fff76","name":"水科古墳群","kana":"みずしなこふんぐん","pref":"新潟県","muni":"上越市"}},{"type":"Feature","geometry":{"type":"Point","coordinates":[138.268086,36.959925]},"properties":{"id":"kofun_bd3970fdc0","name":"原通古墳群","kana":"はらどおりこふんぐん","pref":"新潟県","muni":"妙高市"}},{"type":"Feature","geometry":{"type":"Point","coordinates":[138.237357,37.049051]},"properties":{"id":"kofun_97181fa5f6","name":"観音平・天神堂古墳群","kana":"かんのんだいら・てんじんどうこふんぐん","pref":"新潟県","muni":"妙高市"}},{"type":"Feature","geometry":{"type":"Point","coordinates":[138.238344,37.039401]},"properties":{"id":"kofun_840487ee3a","name":"万五郎古墳","kana":"まんごろうこふん","pref":"新潟県","muni":"妙高市"}},{"type":"Feature","geometry":{"type":"Point","coordinates":[138.23571,37.027251]},"properties":{"id":"kofun_2f34dbef12","name":"小丸山古墳群","kana":"こまるやまこふんぐん","pref":"新潟県","muni":"妙高市"}},{"type":"Feature","geometry":{"type":"Point","coordinates":[138.229855,37.081742]},"properties":{"id":"kofun_06acc700fe","name":"黒田古墳群","kana":"くろだこふんぐん","pref":"新潟県","muni":"上越市"}},{"type":"Feature","geometry":{"type":"Point","coordinates":[138.344123,37.082288]},"properties":{"id":"kofun_a7d54755a1","name":"高士古墳群","kana":"たかしこふんぐん","pref":"新潟県","muni":"上越市"}},{"type":"Feature","geometry":{"type":"Point","coordinates":[138.355912,37.093809]},"properties":{"id":"kofun_aa73c8cb49","name":"宮口古墳群","kana":"みやぐちこふんぐん","pref":"新潟県","muni":"上越市"}},{"type":"Feature","geometry":{"type":"Point","coordinates":[138.842425,37.043253]},"properties":{"id":"kofun_b078a1cfd8","name":"南山古墳群","kana":"みなみやまこふんぐん","pref":"新潟県","muni":"南魚沼市"}},{"type":"Feature","geometry":{"type":"Point","coordinates":[138.85111,37.039593]},"properties":{"id":"kofun_d2f0de67ae","name":"吉里古墳群","kana":"よしざとこふんぐん","pref":"新潟県","muni":"南魚沼市"}},{"type":"Feature","geometry":{"type":"Point","coordinates":[138.869491,37.08435]},"properties":{"id":"kofun_01eb622540","name":"蟻子山古墳群","kana":"ありごやまこふんぐん","pref":"新潟県","muni":"南魚沼市"}},{"type":"Feature","geometry":{"type":"Point","coordinates":[138.876114,37.080926]},"properties":{"id":"kofun_f2059bb288","name":"飯綱山古墳群","kana":"いいづなやまこふんぐん","pref":"新潟県","muni":"南魚沼市"}},{"type":"Feature","geometry":{"type":"Point","coordinates":[138.925222,37.166914]},"properties":{"id":"kofun_5b68b00e5b","name":"下山古墳群","kana":"しもやまこふんぐん","pref":"新潟県","muni":"南魚沼市"}},{"type":"Feature","geometry":{"type":"Point","coordinates":[138.921998,37.255533]},"properties":{"id":"kofun_ff14363f67","name":"古林古墳群","kana":"ふるばやしこふんぐん","pref":"新潟県","muni":"魚沼市"}},{"type":"Feature","geometry":{"type":"Point","coordinates":[139.017566,37.635192]},"properties":{"id":"kofun_7dd0c50b26","name":"保内三王山古墳群","kana":"ほないさんのうやまこふんぐん","pref":"新潟県","muni":"三条市"}},{"type":"Feature","geometry":{"type":"Point","coordinates":[138.865973,37.766829]},"properties":{"id":"kofun_36c2fd5471","name":"菖蒲塚古墳","kana":"あやめづかこふん","pref":"新潟県","muni":"新潟市 西蒲区"}},{"type":"Feature","geometry":{"type":"Point","coordinates":[138.865973,37.766829]},"properties":{"id":"kofun_e7d44bb34b","name":"菖蒲塚古墳経塚","kana":"あやめづかこふんきようづか","pref":"新潟県","muni":"新潟市 西蒲区"}},{"type":"Feature","geometry":{"type":"Point","coordinates":[138.886246,37.753073]},"properties":{"id":"kofun_2e18dadaee","name":"山谷古墳","kana":"やまやこふん","pref":"新潟県","muni":"新潟市 西蒲区"}},{"type":"Feature","geometry":{"type":"Point","coordinates":[139.436735,38.21147]},"properties":{"id":"kofun_6270fcff67","name":"浦田山古墳群","kana":"うらたやまこふんぐん","pref":"新潟県","muni":"村上市"}},{"type":"Feature","geometry":{"type":"Point","coordinates":[138.254064,37.965742]},"properties":{"id":"kofun_b8335d567f","name":"台ヶ鼻古墳","kana":"だいがはなこふん","pref":"新潟県","muni":"佐渡市"}},{"type":"Feature","geometry":{"type":"Point","coordinates":[138.230025,37.98147]},"properties":{"id":"kofun_90477916ff","name":"橘古墳","kana":"たちばなこふん","pref":"新潟県","muni":"佐渡市"}},{"type":"Feature","geometry":{"type":"Point","coordinates":[138.448802,38.072183]},"properties":{"id":"kofun_06dfeaa202","name":"住吉古墳","kana":"すみよしこふん","pref":"新潟県","muni":"佐渡市"}},{"type":"Feature","geometry":{"type":"Point","coordinates":[138.384485,38.065817]},"properties":{"id":"kofun_f438537b80","name":"安養寺古墳","kana":"あんようじこふん","pref":"新潟県","muni":"佐渡市"}},{"type":"Feature","geometry":{"type":"Point","coordinates":[137.449525,36.845545]},"properties":{"id":"kofun_4abdec6cbf","name":"阿古屋野古墳群","kana":"あこやのこふんぐん","pref":"富山県","muni":"黒部市"}},{"type":"Feature","geometry":{"type":"Point","coordinates":[137.37476,36.705272]},"properties":{"id":"kofun_220ef8d74d","name":"斉神新古墳群","kana":"さいのかみしんこふんぐん","pref":"富山県","muni":"上市町"}},{"type":"Feature","geometry":{"type":"Point","coordinates":[137.353189,36.678895]},"properties":{"id":"kofun_1b2eb38ca5","name":"藤塚古墳","kana":"ふじづかこふん","pref":"富山県","muni":"立山町"}},{"type":"Feature","geometry":{"type":"Point","coordinates":[137.318731,36.692677]},"properties":{"id":"kofun_10b62829cb","name":"稚児塚古墳","kana":"ちごづかこふん","pref":"富山県","muni":"立山町"}},{"type":"Feature","geometry":{"type":"Point","coordinates":[137.307231,36.706675]},"properties":{"id":"kofun_d9e94c00d9","name":"竹内天神堂古墳","kana":"たけのうちてんじんどうこふん","pref":"富山県","muni":"舟橋村"}},{"type":"Feature","geometry":{"type":"Point","coordinates":[137.11543,36.65625]},"properties":{"id":"kofun_637fcd5e8d","name":"勅使塚古墳","kana":"ちよくしづかこふん","pref":"富山県","muni":"富山市"}},{"type":"Feature","geometry":{"type":"Point","coordinates":[137.127574,36.650744]},"properties":{"id":"kofun_2e87d2e860","name":"王塚古墳","kana":"おうづかこふん","pref":"富山県","muni":"富山市"}},{"type":"Feature","geometry":{"type":"Point","coordinates":[137.234037,36.728334]},"properties":{"id":"kofun_2c13b29702","name":"ちょうちょう塚","kana":"ちようちようづか","pref":"富山県","muni":"富山市"}},{"type":"Feature","geometry":{"type":"Point","coordinates":[137.149322,36.686136]},"properties":{"id":"kofun_6822583726","name":"古沢塚山古墳","kana":"ふるさわつかやまこふん","pref":"富山県","muni":"富山市"}},{"type":"Feature","geometry":{"type":"Point","coordinates":[137.144543,36.678875]},"properties":{"id":"kofun_c60acccdfe","name":"杉谷古墳群","kana":"すぎたにこふんぐん","pref":"富山県","muni":"富山市"}},{"type":"Feature","geometry":{"type":"Point","coordinates":[137.05732,36.700801]},"properties":{"id":"kofun_5d93aeb7f8","name":"大塚古墳","kana":"おおつかこふん","pref":"富山県","muni":"射水市"}},{"type":"Feature","geometry":{"type":"Point","coordinates":[137.048921,36.807913]},"properties":{"id":"kofun_695493b227","name":"国分山古墳群","kana":"こくぶやまこふんぐん","pref":"富山県","muni":"高岡市"}},{"type":"Feature","geometry":{"type":"Point","coordinates":[137.038099,36.782937]},"properties":{"id":"kofun_1990be6384","name":"矢田上野古墳群","kana":"やたうわのこふんぐん","pref":"富山県","muni":"高岡市"}},{"type":"Feature","geometry":{"type":"Point","coordinates":[137.031627,36.816437]},"properties":{"id":"kofun_15d86b5e7e","name":"桜谷古墳群","kana":"さくらだにこふんぐん","pref":"富山県","muni":"高岡市"}},{"type":"Feature","geometry":{"type":"Point","coordinates":[136.986107,36.853649]},"properties":{"id":"kofun_71b88ca4ec","name":"朝日長山古墳","kana":"あさひながやまこふん","pref":"富山県","muni":"氷見市"}},{"type":"Feature","geometry":{"type":"Point","coordinates":[136.944328,36.858739]},"properties":{"id":"kofun_41c5ccae71","name":"泉古墳群","kana":"いずみこふんぐん","pref":"富山県","muni":"氷見市"}},{"type":"Feature","geometry":{"type":"Point","coordinates":[136.874884,36.587015]},"properties":{"id":"kofun_b2cf9d43a1","name":"利波臣志留志塚","kana":"となみのおみしるしづか","pref":"富山県","muni":"南砺市"}},{"type":"Feature","geometry":{"type":"Point","coordinates":[136.908264,36.715212]},"properties":{"id":"kofun_a18f6da4f1","name":"下向田古墳群","kana":"しもむくたこふんぐん","pref":"富山県","muni":"高岡市"}},{"type":"Feature","geometry":{"type":"Point","coordinates":[136.924615,36.740944]},"properties":{"id":"kofun_f1c0a077db","name":"城ヶ平横穴古墳群","kana":"じようがひらよこあなこふんぐん","pref":"富山県","muni":"高岡市"}},{"type":"Feature","geometry":{"type":"Point","coordinates":[136.851906,36.664304]},"properties":{"id":"kofun_cfe556f672","name":"若宮古墳","kana":"わかみやこふん","pref":"富山県","muni":"小矢部市"}},{"type":"Feature","geometry":{"type":"Point","coordinates":[136.844197,36.664117]},"properties":{"id":"kofun_4800ca1659","name":"谷内古墳群","kana":"やちこふんぐん","pref":"富山県","muni":"小矢部市"}},{"type":"Feature","geometry":{"type":"Point","coordinates":[136.840963,36.657278]},"properties":{"id":"kofun_9958911d69","name":"関野古墳群","kana":"せきのこふんぐん","pref":"富山県","muni":"小矢部市"}},{"type":"Feature","geometry":{"type":"Point","coordinates":[136.889895,36.607805]},"properties":{"id":"kofun_5e60b39f1f","name":"興法寺古墳群","kana":"こうぼうじこふんぐん","pref":"富山県","muni":"小矢部市"}},{"type":"Feature","geometry":{"type":"Point","coordinates":[136.335996,36.304107]},"properties":{"id":"kofun_8dd6d86104","name":"吸坂丸山古墳群","kana":"すいさかまるやまこふんぐん","pref":"石川県","muni":"加賀市"}},{"type":"Feature","geometry":{"type":"Point","coordinates":[136.403517,36.322423]},"properties":{"id":"kofun_67edab2c44","name":"分校古墳群","kana":"ぶんぎようこふんぐん","pref":"石川県","muni":"加賀市"}},{"type":"Feature","geometry":{"type":"Point","coordinates":[136.392813,36.299411]},"properties":{"id":"kofun_da82b12361","name":"法皇山横穴古墳群","kana":"ほうおうざんよこあなこふんぐん","pref":"石川県","muni":"加賀市"}},{"type":"Feature","geometry":{"type":"Point","coordinates":[136.379537,36.30807]},"properties":{"id":"kofun_87f78fd90f","name":"狐山古墳","kana":"きつねやまこふん","pref":"石川県","muni":"加賀市"}},{"type":"Feature","geometry":{"type":"Point","coordinates":[136.509345,36.447638]},"properties":{"id":"kofun_71c5aac3b1","name":"和田山・末寺山古墳群","kana":"わだやま・まつじやまこふんぐん","pref":"石川県","muni":"能美市"}},{"type":"Feature","geometry":{"type":"Point","coordinates":[136.510431,36.444826]},"properties":{"id":"kofun_7e32a3bccc","name":"和田山五号墳","kana":"わだやまごごうふん","pref":"石川県","muni":"能美市"}},{"type":"Feature","geometry":{"type":"Point","coordinates":[136.530752,36.444865]},"properties":{"id":"kofun_cbca9a85cd","name":"下開発茶臼山古墳群","kana":"しもかいはつちやうすやまこふんぐん","pref":"石川県","muni":"能美市"}},{"type":"Feature","geometry":{"type":"Point","coordinates":[136.522434,36.449712]},"properties":{"id":"kofun_44089bf677","name":"西山古墳群","kana":"にしやまこふんぐん","pref":"石川県","muni":"能美市"}},{"type":"Feature","geometry":{"type":"Point","coordinates":[136.517407,36.411689]},"properties":{"id":"kofun_ac8bcad2c9","name":"河田山古墳群","kana":"こうだやまこふんぐん","pref":"石川県","muni":"小松市"}},{"type":"Feature","geometry":{"type":"Point","coordinates":[136.512683,36.407411]},"properties":{"id":"kofun_c9de4830c1","name":"埴田古墳群","kana":"はねだこふんぐん","pref":"石川県","muni":"小松市"}},{"type":"Feature","geometry":{"type":"Point","coordinates":[136.400777,36.350999]},"properties":{"id":"kofun_ab3b220180","name":"三湖台古墳群","kana":"さんこだいこふんぐん","pref":"石川県","muni":"小松市"}},{"type":"Feature","geometry":{"type":"Point","coordinates":[136.656636,36.533935]},"properties":{"id":"kofun_13cc68c845","name":"長坂二子塚古墳","kana":"ながさかふたごづかこふん","pref":"石川県","muni":"金沢市"}},{"type":"Feature","geometry":{"type":"Point","coordinates":[136.677623,36.589851]},"properties":{"id":"kofun_bbceea3220","name":"小坂一号墳","kana":"こさかいちごうふん","pref":"石川県","muni":"金沢市"}},{"type":"Feature","geometry":{"type":"Point","coordinates":[136.794695,36.865435]},"properties":{"id":"kofun_1df003e506","name":"子浦川流域横穴古墳群","kana":"しおがわりゆういきよこあなこふんぐん","pref":"石川県","muni":"宝達志水町"}},{"type":"Feature","geometry":{"type":"Point","coordinates":[136.816047,36.855058]},"properties":{"id":"kofun_dd18166990","name":"散田金谷古墳","kana":"さんでんかなやこふん","pref":"石川県","muni":"宝達志水町"}},{"type":"Feature","geometry":{"type":"Point","coordinates":[136.767764,36.953681]},"properties":{"id":"kofun_09d6d22f91","name":"柴垣古墳群","kana":"しばがきこふんぐん","pref":"石川県","muni":"羽咋市"}},{"type":"Feature","geometry":{"type":"Point","coordinates":[136.782522,36.922656]},"properties":{"id":"kofun_d5c722b77a","name":"柳田古墳群","kana":"やないだこふんぐん","pref":"石川県","muni":"羽咋市"}},{"type":"Feature","geometry":{"type":"Point","coordinates":[136.872186,36.976216]},"properties":{"id":"kofun_eec9219513","name":"雨の宮古墳群","kana":"あめのみやこふんぐん","pref":"石川県","muni":"中能登町"}},{"type":"Feature","geometry":{"type":"Point","coordinates":[136.871662,36.968537]},"properties":{"id":"kofun_a474c7cf28","name":"能登部上テンジクダイラ古墳群","kana":"のとべかみてんじくだいらこふんぐん","pref":"石川県","muni":"中能登町"}},{"type":"Feature","geometry":{"type":"Point","coordinates":[136.528965,36.326032]},"properties":{"id":"kofun_be2e51f43d","name":"大槻古墳群","kana":"おおづきこふんぐん","pref":"石川県","muni":"小松市"}},{"type":"Feature","geometry":{"type":"Point","coordinates":[136.885035,36.941452]},"properties":{"id":"kofun_8463e7a4d9","name":"小田中古墳群","kana":"こだなかこふんぐん","pref":"石川県","muni":"中能登町"}},{"type":"Feature","geometry":{"type":"Point","coordinates":[136.894206,36.953321]},"properties":{"id":"kofun_c580d235a0","name":"水白鍋山古墳","kana":"みじろなべやまこふん","pref":"石川県","muni":"中能登町"}},{"type":"Feature","geometry":{"type":"Point","coordinates":[136.858789,37.121891]},"properties":{"id":"kofun_7bd5493e5b","name":"山岸古墳群","kana":"やまんたんこふんぐん","pref":"石川県","muni":"七尾市"}},{"type":"Feature","geometry":{"type":"Point","coordinates":[136.966813,37.107683]},"properties":{"id":"kofun_24973fae6f","name":"須曾蝦夷穴古墳","kana":"すそえぞあなこふん","pref":"石川県","muni":"七尾市"}},{"type":"Feature","geometry":{"type":"Point","coordinates":[136.98287,37.043062]},"properties":{"id":"kofun_32822d592b","name":"矢田古墳群","kana":"やたこふんぐん","pref":"石川県","muni":"七尾市"}},{"type":"Feature","geometry":{"type":"Point","coordinates":[136.952215,37.034268]},"properties":{"id":"kofun_d37626a3de","name":"国分尼塚古墳群","kana":"こくぶあまづかこふんぐん","pref":"石川県","muni":"七尾市"}},{"type":"Feature","geometry":{"type":"Point","coordinates":[136.931634,37.006608]},"properties":{"id":"kofun_608fa1903f","name":"院内勅使塚古墳","kana":"いんないちよくしづかこふん","pref":"石川県","muni":"七尾市"}},{"type":"Feature","geometry":{"type":"Point","coordinates":[137.0142,37.08684]},"properties":{"id":"kofun_67e6c16492","name":"三室古墳群","kana":"みむろこふんぐん","pref":"石川県","muni":"七尾市"}},{"type":"Feature","geometry":{"type":"Point","coordinates":[137.244504,37.422975]},"properties":{"id":"kofun_04ea8c499e","name":"永禅寺古墳群","kana":"ようぜんじこふんぐん","pref":"石川県","muni":"珠洲市"}},{"type":"Feature","geometry":{"type":"Point","coordinates":[136.465545,36.004949]},"properties":{"id":"kofun_26a3d9a273","name":"山ヶ鼻古墳群","kana":"やまがばなこふんぐん","pref":"福井県","muni":"大野市"}},{"type":"Feature","geometry":{"type":"Point","coordinates":[136.143926,36.218632]},"properties":{"id":"kofun_e645c43019","name":"姥ヶ谷古墳","kana":"うばがだにこふん","pref":"福井県","muni":"坂井市"}},{"type":"Feature","geometry":{"type":"Point","coordinates":[136.210894,36.227392]},"properties":{"id":"kofun_f5415f99ca","name":"井江葭古墳群","kana":"いえよしこふんぐん","pref":"福井県","muni":"あわら市"}},{"type":"Feature","geometry":{"type":"Point","coordinates":[136.211158,35.896227]},"properties":{"id":"kofun_d9a41c6d8d","name":"横山古墳群","kana":"よこやまこふんぐん","pref":"福井県","muni":"越前市"}},{"type":"Feature","geometry":{"type":"Point","coordinates":[136.274855,36.132859]},"properties":{"id":"kofun_03c5dabf44","name":"御野山古墳","kana":"おのやまこふん","pref":"福井県","muni":"坂井市"}},{"type":"Feature","geometry":{"type":"Point","coordinates":[136.341048,36.119977]},"properties":{"id":"kofun_80695e7176","name":"丸岡古墳群","kana":"まるおかこふんぐん","pref":"福井県","muni":"坂井市"}},{"type":"Feature","geometry":{"type":"Point","coordinates":[136.188149,36.006323]},"properties":{"id":"kofun_5f580e9b08","name":"安保山古墳群","kana":"あぼやまこふんぐん","pref":"福井県","muni":"福井市"}},{"type":"Feature","geometry":{"type":"Point","coordinates":[136.200407,35.999388]},"properties":{"id":"kofun_6c52e2afa4","name":"鼓山古墳","kana":"つづみやまこふん","pref":"福井県","muni":"福井市"}},{"type":"Feature","geometry":{"type":"Point","coordinates":[136.214082,36.000892]},"properties":{"id":"kofun_370515dff5","name":"鉾ヶ崎古墳群","kana":"ほこがさきこふんぐん","pref":"福井県","muni":"福井市"}},{"type":"Feature","geometry":{"type":"Point","coordinates":[136.230705,36.001789]},"properties":{"id":"kofun_ce6326da1d","name":"太田山古墳群","kana":"おおたやまこふんぐん","pref":"福井県","muni":"福井市"}},{"type":"Feature","geometry":{"type":"Point","coordinates":[136.219623,36.064139]},"properties":{"id":"kofun_74b59b4590","name":"御茸山古墳群","kana":"みたけやまこふんぐん","pref":"福井県","muni":"福井市"}},{"type":"Feature","geometry":{"type":"Point","coordinates":[136.272568,36.077127]},"properties":{"id":"kofun_3b09d25ca8","name":"原目山古墳群","kana":"はらめやまこふんぐん","pref":"福井県","muni":"福井市"}},{"type":"Feature","geometry":{"type":"Point","coordinates":[136.143364,36.143261]},"properties":{"id":"kofun_1fd4d169d6","name":"水切古墳群","kana":"みずきりこふんぐん","pref":"福井県","muni":"福井市"}},{"type":"Feature","geometry":{"type":"Point","coordinates":[136.078556,36.128861]},"properties":{"id":"kofun_55a79df9a9","name":"免鳥長山古墳","kana":"めんどりながやまこふん","pref":"福井県","muni":"福井市"}},{"type":"Feature","geometry":{"type":"Point","coordinates":[136.123195,35.970538]},"properties":{"id":"kofun_c03adcbb94","name":"朝日古墳群","kana":"あさひこふんぐん","pref":"福井県","muni":"越前町"}},{"type":"Feature","geometry":{"type":"Point","coordinates":[136.381666,35.884982]},"properties":{"id":"kofun_84c668d950","name":"松明山古墳群","kana":"たいまつやまこふんぐん","pref":"福井県","muni":"池田町"}},{"type":"Feature","geometry":{"type":"Point","coordinates":[136.184033,35.95194]},"properties":{"id":"kofun_fe5349ee1d","name":"長泉寺山古墳群","kana":"ちようせんじやまこふんぐん","pref":"福井県","muni":"鯖江市"}},{"type":"Feature","geometry":{"type":"Point","coordinates":[136.184781,35.93944]},"properties":{"id":"kofun_d9f2e9487f","name":"王山古墳群","kana":"おうざんこふんぐん","pref":"福井県","muni":"鯖江市"}},{"type":"Feature","geometry":{"type":"Point","coordinates":[136.213137,35.967088]},"properties":{"id":"kofun_061b3811ca","name":"橋立山古墳群","kana":"はしたてやまこふんぐん","pref":"福井県","muni":"鯖江市"}},{"type":"Feature","geometry":{"type":"Point","coordinates":[136.17846,35.976997]},"properties":{"id":"kofun_20d554ccbb","name":"兜山古墳","kana":"かぶとやまこふん","pref":"福井県","muni":"鯖江市"}},{"type":"Feature","geometry":{"type":"Point","coordinates":[136.178238,35.990668]},"properties":{"id":"kofun_32570abe2a","name":"立待古墳群","kana":"たちまちこふんぐん","pref":"福井県","muni":"鯖江市"}},{"type":"Feature","geometry":{"type":"Point","coordinates":[136.138494,35.958131]},"properties":{"id":"kofun_bea81e6473","name":"西大井古墳群","kana":"にしおおいこふんぐん","pref":"福井県","muni":"鯖江市"}},{"type":"Feature","geometry":{"type":"Point","coordinates":[136.180993,35.899308]},"properties":{"id":"kofun_4bedcb6c93","name":"村国山古墳群","kana":"むらくにやまこふんぐん","pref":"福井県","muni":"越前市"}},{"type":"Feature","geometry":{"type":"Point","coordinates":[136.206538,35.900224]},"properties":{"id":"kofun_1d1ca32f35","name":"岩内山古墳群","kana":"いわうちやまこふんぐん","pref":"福井県","muni":"越前市"}},{"type":"Feature","geometry":{"type":"Point","coordinates":[136.148863,35.894573]},"properties":{"id":"kofun_cc4c420d6d","name":"茶臼山古墳群","kana":"ちやうすやまこふんぐん","pref":"福井県","muni":"越前市"}},{"type":"Feature","geometry":{"type":"Point","coordinates":[136.101643,35.64485]},"properties":{"id":"kofun_76b8fd509d","name":"山ノ神古墳群","kana":"やまのかみこふんぐん","pref":"福井県","muni":"敦賀市"}},{"type":"Feature","geometry":{"type":"Point","coordinates":[136.101643,35.64485]},"properties":{"id":"kofun_9e222b8168","name":"立洞古墳群","kana":"たてぼらこふんぐん","pref":"福井県","muni":"敦賀市"}},{"type":"Feature","geometry":{"type":"Point","coordinates":[136.076814,35.632044]},"properties":{"id":"kofun_06b47c7e42","name":"明神山古墳群","kana":"みようじんやまこふんぐん","pref":"福井県","muni":"敦賀市"}},{"type":"Feature","geometry":{"type":"Point","coordinates":[136.081363,35.636712]},"properties":{"id":"kofun_e14c471071","name":"向出山古墳群","kana":"むかいでやまこふんぐん","pref":"福井県","muni":"敦賀市"}},{"type":"Feature","geometry":{"type":"Point","coordinates":[136.081363,35.636712]},"properties":{"id":"kofun_5a045ea9ed","name":"小谷ヶ洞古墳群","kana":"こたにがほらこふんぐん","pref":"福井県","muni":"敦賀市"}},{"type":"Feature","geometry":{"type":"Point","coordinates":[135.970664,35.719952]},"properties":{"id":"kofun_cf61d5329d","name":"浄土寺古墳群","kana":"じようどじこふんぐん","pref":"福井県","muni":"美浜町"}},{"type":"Feature","geometry":{"type":"Point","coordinates":[135.938782,35.604492]},"properties":{"id":"kofun_ec3be51aa6","name":"獅子塚古墳","kana":"ししづかこふん","pref":"福井県","muni":"美浜町"}},{"type":"Feature","geometry":{"type":"Point","coordinates":[135.925364,35.559883]},"properties":{"id":"kofun_5bb3e43a90","name":"きよしの古墳群","kana":"きよしのこふんぐん","pref":"福井県","muni":"若狭町"}},{"type":"Feature","geometry":{"type":"Point","coordinates":[135.87325,35.468559]},"properties":{"id":"kofun_7dba7e2c73","name":"西塚古墳","kana":"にしづかこふん","pref":"福井県","muni":"若狭町"}},{"type":"Feature","geometry":{"type":"Point","coordinates":[135.874578,35.467832]},"properties":{"id":"kofun_17b1d102c7","name":"上之塚古墳","kana":"じようのづかこふん","pref":"福井県","muni":"若狭町"}},{"type":"Feature","geometry":{"type":"Point","coordinates":[135.875776,35.467379]},"properties":{"id":"kofun_ecd7a9c1ef","name":"中塚古墳","kana":"なかつかこふん","pref":"福井県","muni":"若狭町"}},{"type":"Feature","geometry":{"type":"Point","coordinates":[135.875684,35.486549]},"properties":{"id":"kofun_69b3705bdb","name":"大谷古墳群","kana":"おおたにこふんぐん","pref":"福井県","muni":"若狭町"}},{"type":"Feature","geometry":{"type":"Point","coordinates":[135.863581,35.505009]},"properties":{"id":"kofun_835f46e9c8","name":"城山古墳","kana":"しろやまこふん","pref":"福井県","muni":"若狭町"}},{"type":"Feature","geometry":{"type":"Point","coordinates":[136.266255,36.082607]},"properties":{"id":"kofun_1723b67684","name":"十善ノ森古墳","kana":"じゆうぜんのもりこふん","pref":"福井県","muni":"福井市"}},{"type":"Feature","geometry":{"type":"Point","coordinates":[136.266255,36.082607]},"properties":{"id":"kofun_017db47bcc","name":"丸山塚古墳","kana":"まるやまづかこふん","pref":"福井県","muni":"福井市"}},{"type":"Feature","geometry":{"type":"Point","coordinates":[135.814132,35.470174]},"properties":{"id":"kofun_15f643849e","name":"上船塚古墳","kana":"かみふなづかこふん","pref":"福井県","muni":"若狭町"}},{"type":"Feature","geometry":{"type":"Point","coordinates":[135.814329,35.471137]},"properties":{"id":"kofun_c0695bf201","name":"下船塚古墳","kana":"しもふなづかこふん","pref":"福井県","muni":"若狭町"}},{"type":"Feature","geometry":{"type":"Point","coordinates":[136.211158,35.896227]},"properties":{"id":"kofun_faf4d3b46b","name":"坪の内古墳群","kana":"つぼのうちこふんぐん","pref":"福井県","muni":"越前市"}},{"type":"Feature","geometry":{"type":"Point","coordinates":[135.773054,35.483681]},"properties":{"id":"kofun_abdeec4a0b","name":"検見坂古墳群","kana":"けみざかこふんぐん","pref":"福井県","muni":"小浜市"}},{"type":"Feature","geometry":{"type":"Point","coordinates":[135.79832,35.47836]},"properties":{"id":"kofun_82603b36b7","name":"太興寺古墳群","kana":"たいこうじこふんぐん","pref":"福井県","muni":"小浜市"}},{"type":"Feature","geometry":{"type":"Point","coordinates":[135.809343,35.472419]},"properties":{"id":"kofun_7c781a2f6f","name":"白鬚神社古墳","kana":"しらひげじんじやこふん","pref":"福井県","muni":"小浜市"}},{"type":"Feature","geometry":{"type":"Point","coordinates":[135.829565,35.489334]},"properties":{"id":"kofun_bc2a7e79e7","name":"加茂古墳群","kana":"かもこふんぐん","pref":"福井県","muni":"小浜市"}},{"type":"Feature","geometry":{"type":"Point","coordinates":[135.617245,35.453443]},"properties":{"id":"kofun_67d693101b","name":"滝見古墳群","kana":"たきびこふんぐん","pref":"福井県","muni":"おおい町"}},{"type":"Feature","geometry":{"type":"Point","coordinates":[135.57356,35.44537]},"properties":{"id":"kofun_2e7108f4c6","name":"鹿野古墳群","kana":"しかのこふんぐん","pref":"福井県","muni":"おおい町"}},{"type":"Feature","geometry":{"type":"Point","coordinates":[135.662947,35.530661]},"properties":{"id":"kofun_2a5085c554","name":"神田古墳群","kana":"じんでんこふんぐん","pref":"福井県","muni":"おおい町"}},{"type":"Feature","geometry":{"type":"Point","coordinates":[135.654746,35.530979]},"properties":{"id":"kofun_da29a1ab6b","name":"ヒガンジョ古墳群","kana":"ひがんじよこふんぐん","pref":"福井県","muni":"おおい町"}},{"type":"Feature","geometry":{"type":"Point","coordinates":[135.529325,35.489398]},"properties":{"id":"kofun_f2bd8a28a6","name":"上の山古墳","kana":"うえのやまこふん","pref":"福井県","muni":"高浜町"}},{"type":"Feature","geometry":{"type":"Point","coordinates":[135.473717,35.519246]},"properties":{"id":"kofun_05fd7e4d8e","name":"広瀬古墳群","kana":"ひろせこふんぐん","pref":"福井県","muni":"高浜町"}},{"type":"Feature","geometry":{"type":"Point","coordinates":[138.9583,35.615876]},"properties":{"id":"kofun_701302d5d2","name":"強瀬子の神古墳","kana":"こわぜねのかみこふん","pref":"山梨県","muni":"大月市"}},{"type":"Feature","geometry":{"type":"Point","coordinates":[138.98833,35.628515]},"properties":{"id":"kofun_4b038b8b5b","name":"金山古墳","kana":"かなやまこふん","pref":"山梨県","muni":"大月市"}},{"type":"Feature","geometry":{"type":"Point","coordinates":[138.639453,35.667698]},"properties":{"id":"kofun_a47fcc12fd","name":"狐塚古墳","kana":"きつねづかこふん","pref":"山梨県","muni":"笛吹市"}},{"type":"Feature","geometry":{"type":"Point","coordinates":[138.644365,35.665416]},"properties":{"id":"kofun_b04a636530","name":"寺の前古墳","kana":"てらのまえこふん","pref":"山梨県","muni":"笛吹市"}},{"type":"Feature","geometry":{"type":"Point","coordinates":[138.631091,35.676266]},"properties":{"id":"kofun_75c3717213","name":"笹原塚三号墳","kana":"ささはらづかさんごうふん","pref":"山梨県","muni":"笛吹市"}},{"type":"Feature","geometry":{"type":"Point","coordinates":[138.644883,35.672352]},"properties":{"id":"kofun_fa81ef5006","name":"天神のこし古墳","kana":"てんじんのこしこふん","pref":"山梨県","muni":"笛吹市"}},{"type":"Feature","geometry":{"type":"Point","coordinates":[138.543574,35.684737]},"properties":{"id":"kofun_76eb4382d9","name":"加牟那塚古墳","kana":"かんなづかこふん","pref":"山梨県","muni":"甲府市"}},{"type":"Feature","geometry":{"type":"Point","coordinates":[138.552295,35.680602]},"properties":{"id":"kofun_a766b90f05","name":"万寿森古墳","kana":"まんじゆもりこふん","pref":"山梨県","muni":"甲府市"}},{"type":"Feature","geometry":{"type":"Point","coordinates":[138.61086,35.66711]},"properties":{"id":"kofun_ff60a311ec","name":"横根・桜井積石塚古墳群","kana":"よこね・さくらいつみいしづかこふんぐん","pref":"山梨県","muni":"甲府市"}},{"type":"Feature","geometry":{"type":"Point","coordinates":[138.632132,35.665463]},"properties":{"id":"kofun_7bb0fa37fc","name":"大蔵経寺山古墳群","kana":"だいぞうきようじやまこふんぐん","pref":"山梨県","muni":"笛吹市"}},{"type":"Feature","geometry":{"type":"Point","coordinates":[138.632623,35.659762]},"properties":{"id":"kofun_c77614af97","name":"鞍掛塚古墳","kana":"くらかけづかこふん","pref":"山梨県","muni":"笛吹市"}},{"type":"Feature","geometry":{"type":"Point","coordinates":[138.680255,35.636433]},"properties":{"id":"kofun_1d8750a223","name":"四ッ塚古墳群","kana":"よつづかこふんぐん","pref":"山梨県","muni":"笛吹市"}},{"type":"Feature","geometry":{"type":"Point","coordinates":[138.677494,35.638956]},"properties":{"id":"kofun_10de85ab53","name":"経塚古墳","kana":"きようづかこふん","pref":"山梨県","muni":"笛吹市"}},{"type":"Feature","geometry":{"type":"Point","coordinates":[138.690288,35.633789]},"properties":{"id":"kofun_f2d7ca2951","name":"稲荷塚古墳","kana":"いなりづかこふん","pref":"山梨県","muni":"笛吹市"}},{"type":"Feature","geometry":{"type":"Point","coordinates":[138.712241,35.644627]},"properties":{"id":"kofun_5833f5302e","name":"千米寺・石古墳群","kana":"せんべいじ・いしこふんぐん","pref":"山梨県","muni":"笛吹市"}},{"type":"Feature","geometry":{"type":"Point","coordinates":[138.711083,35.643158]},"properties":{"id":"kofun_1fcce3958d","name":"大塚古墳","kana":"おおつかこふん","pref":"山梨県","muni":"笛吹市"}},{"type":"Feature","geometry":{"type":"Point","coordinates":[138.641728,35.639476]},"properties":{"id":"kofun_4ea96cebf9","name":"亀甲塚古墳","kana":"かめのこうづかこふん","pref":"山梨県","muni":"笛吹市"}},{"type":"Feature","geometry":{"type":"Point","coordinates":[138.658311,35.634638]},"properties":{"id":"kofun_fa27d8df73","name":"姥塚古墳","kana":"うばづかこふん","pref":"山梨県","muni":"笛吹市"}},{"type":"Feature","geometry":{"type":"Point","coordinates":[138.690288,35.608775]},"properties":{"id":"kofun_8dd44e193c","name":"長田古墳群","kana":"ちようたこふんぐん","pref":"山梨県","muni":"笛吹市"}},{"type":"Feature","geometry":{"type":"Point","coordinates":[138.646417,35.619384]},"properties":{"id":"kofun_a8001993f3","name":"団栗塚古墳","kana":"どんぐりづかこふん","pref":"山梨県","muni":"笛吹市"}},{"type":"Feature","geometry":{"type":"Point","coordinates":[138.640245,35.623867]},"properties":{"id":"kofun_38944ed843","name":"狐塚古墳","kana":"きつねづかこふん","pref":"山梨県","muni":"笛吹市"}},{"type":"Feature","geometry":{"type":"Point","coordinates":[138.643843,35.600432]},"properties":{"id":"kofun_7b0e7ff79e","name":"銚子塚古墳","kana":"ちようしづかこふん","pref":"山梨県","muni":"笛吹市"}},{"type":"Feature","geometry":{"type":"Point","coordinates":[138.637607,35.601354]},"properties":{"id":"kofun_e4a095a431","name":"竜塚古墳","kana":"りゆうづかこふん","pref":"山梨県","muni":"笛吹市"}},{"type":"Feature","geometry":{"type":"Point","coordinates":[138.635129,35.613089]},"properties":{"id":"kofun_5868df5b9b","name":"荘塚古墳","kana":"しようづかこふん","pref":"山梨県","muni":"笛吹市"}},{"type":"Feature","geometry":{"type":"Point","coordinates":[138.681509,35.583515]},"properties":{"id":"kofun_07ec787835","name":"御崎古墳","kana":"みさきこふん","pref":"山梨県","muni":"笛吹市"}},{"type":"Feature","geometry":{"type":"Point","coordinates":[138.638888,35.663511]},"properties":{"id":"kofun_0b1c46fc17","name":"馬乗山古墳","kana":"うまのりやまこふん","pref":"山梨県","muni":"笛吹市"}},{"type":"Feature","geometry":{"type":"Point","coordinates":[138.578094,35.592116]},"properties":{"id":"kofun_7cb5a0d9c7","name":"銚子塚古墳","kana":"ちようしづかこふん","pref":"山梨県","muni":"甲府市"}},{"type":"Feature","geometry":{"type":"Point","coordinates":[138.580373,35.593248]},"properties":{"id":"kofun_ce0dd38d27","name":"丸山塚古墳","kana":"まるやまづかこふん","pref":"山梨県","muni":"甲府市"}},{"type":"Feature","geometry":{"type":"Point","coordinates":[138.582875,35.592299]},"properties":{"id":"kofun_d33ad161eb","name":"大丸山古墳","kana":"おおまるやまこふん","pref":"山梨県","muni":"甲府市"}},{"type":"Feature","geometry":{"type":"Point","coordinates":[138.638888,35.663511]},"properties":{"id":"kofun_6ae3b7579a","name":"かんかん塚古墳","kana":"かんかんづかこふん","pref":"山梨県","muni":"笛吹市"}},{"type":"Feature","geometry":{"type":"Point","coordinates":[138.573623,35.58684]},"properties":{"id":"kofun_d7464d5f43","name":"小平沢古墳","kana":"こびらさわこふん","pref":"山梨県","muni":"甲府市"}},{"type":"Feature","geometry":{"type":"Point","coordinates":[138.638888,35.663511]},"properties":{"id":"kofun_3f353697a6","name":"王塚古墳","kana":"おうづかこふん","pref":"山梨県","muni":"笛吹市"}},{"type":"Feature","geometry":{"type":"Point","coordinates":[138.638888,35.663511]},"properties":{"id":"kofun_c4ba13b680","name":"三星院古墳群","kana":"さんせいいんこふんぐん","pref":"山梨県","muni":"笛吹市"}},{"type":"Feature","geometry":{"type":"Point","coordinates":[138.540873,35.580841]},"properties":{"id":"kofun_cb49865f06","name":"大塚古墳","kana":"おおつかこふん","pref":"山梨県","muni":"中央市"}},{"type":"Feature","geometry":{"type":"Point","coordinates":[138.539462,35.574905]},"properties":{"id":"kofun_ff683d45eb","name":"伊勢塚古墳","kana":"いせづかこふん","pref":"山梨県","muni":"市川三郷町"}},{"type":"Feature","geometry":{"type":"Point","coordinates":[138.5052,35.674372]},"properties":{"id":"kofun_4959c778b7","name":"赤坂台古墳群","kana":"あかさかだいこふんぐん","pref":"山梨県","muni":"甲斐市"}},{"type":"Feature","geometry":{"type":"Point","coordinates":[138.638888,35.663511]},"properties":{"id":"kofun_28efbb3f03","name":"二ッ塚一号墳","kana":"ふたつづかいちごうふん","pref":"山梨県","muni":"笛吹市"}},{"type":"Feature","geometry":{"type":"Point","coordinates":[138.506221,35.660273]},"properties":{"id":"kofun_07d269e035","name":"竜王二号墳・竜王三号墳","kana":"りゆうおうにごうふん・りゆうおうさんごうふん","pref":"山梨県","muni":"甲斐市"}},{"type":"Feature","geometry":{"type":"Point","coordinates":[138.450313,35.600878]},"properties":{"id":"kofun_b3b774fb4a","name":"物見塚古墳","kana":"ものみづかこふん","pref":"山梨県","muni":"南アルプス市"}},{"type":"Feature","geometry":{"type":"Point","coordinates":[138.505389,36.265892]},"properties":{"id":"kofun_07967fc8ec","name":"安原大塚古墳","kana":"やすはらおおつかこふん","pref":"長野県","muni":"佐久市"}},{"type":"Feature","geometry":{"type":"Point","coordinates":[138.46331,36.248912]},"properties":{"id":"kofun_33baadd9cb","name":"三河田大塚古墳","kana":"みかわだおおつかこふん","pref":"長野県","muni":"佐久市"}},{"type":"Feature","geometry":{"type":"Point","coordinates":[138.446244,36.324009]},"properties":{"id":"kofun_7be73fc6b1","name":"加増古墳群","kana":"かますこふんぐん","pref":"長野県","muni":"小諸市"}},{"type":"Feature","geometry":{"type":"Point","coordinates":[138.433577,36.288348]},"properties":{"id":"kofun_05093a3491","name":"耳取大塚古墳","kana":"みみとりおおつかこふん","pref":"長野県","muni":"小諸市"}},{"type":"Feature","geometry":{"type":"Point","coordinates":[138.330355,36.38346]},"properties":{"id":"kofun_e96ad151e7","name":"丸山塚","kana":"まるやまづか","pref":"長野県","muni":"東御市"}},{"type":"Feature","geometry":{"type":"Point","coordinates":[138.256132,36.4148]},"properties":{"id":"kofun_995ace0c6d","name":"二子塚古墳","kana":"ふたごづかこふん","pref":"長野県","muni":"上田市"}},{"type":"Feature","geometry":{"type":"Point","coordinates":[138.234965,36.364099]},"properties":{"id":"kofun_d8ab325082","name":"他田塚古墳","kana":"おさだづかこふん","pref":"長野県","muni":"上田市"}},{"type":"Feature","geometry":{"type":"Point","coordinates":[138.185155,36.349374]},"properties":{"id":"kofun_bbf55bda43","name":"王子塚古墳","kana":"おうじづかこふん","pref":"長野県","muni":"上田市"}},{"type":"Feature","geometry":{"type":"Point","coordinates":[138.089164,36.076381]},"properties":{"id":"kofun_27b0bb1e28","name":"青塚古墳","kana":"あおづかこふん","pref":"長野県","muni":"下諏訪町"}},{"type":"Feature","geometry":{"type":"Point","coordinates":[138.116051,35.999006]},"properties":{"id":"kofun_64c4a7f7e4","name":"フネ古墳","kana":"ふねこふん","pref":"長野県","muni":"諏訪市"}},{"type":"Feature","geometry":{"type":"Point","coordinates":[138.153584,35.998472]},"properties":{"id":"kofun_ab598be893","name":"大塚古墳","kana":"おおつかこふん","pref":"長野県","muni":"茅野市"}},{"type":"Feature","geometry":{"type":"Point","coordinates":[138.155134,36.003551]},"properties":{"id":"kofun_26f1d99b7f","name":"釜石古墳","kana":"かまいしこふん","pref":"長野県","muni":"茅野市"}},{"type":"Feature","geometry":{"type":"Point","coordinates":[138.126276,35.993391]},"properties":{"id":"kofun_7e4c851936","name":"疱瘡神塚古墳","kana":"ほうそうのかみづかこふん","pref":"長野県","muni":"茅野市"}},{"type":"Feature","geometry":{"type":"Point","coordinates":[137.983292,35.922571]},"properties":{"id":"kofun_ae1675e912","name":"松島王墓古墳","kana":"まつしまおうばかこふん","pref":"長野県","muni":"箕輪町"}},{"type":"Feature","geometry":{"type":"Point","coordinates":[138.191531,36.437084]},"properties":{"id":"kofun_e5bc8c5f2e","name":"天神塚古墳","kana":"てんじんづかこふん","pref":"長野県","muni":"坂城町"}},{"type":"Feature","geometry":{"type":"Point","coordinates":[138.191531,36.437084]},"properties":{"id":"kofun_6031a26626","name":"番神塚古墳","kana":"ばんしんづかこふん","pref":"長野県","muni":"坂城町"}},{"type":"Feature","geometry":{"type":"Point","coordinates":[137.907996,35.562105]},"properties":{"id":"kofun_de2f3ff430","name":"大宮家の上古墳","kana":"おおみやいえのうえこふん","pref":"長野県","muni":"豊丘村"}},{"type":"Feature","geometry":{"type":"Point","coordinates":[137.863026,35.535085]},"properties":{"id":"kofun_2066c7f677","name":"高岡一号古墳","kana":"たかおかいちごうこふん","pref":"長野県","muni":"飯田市"}},{"type":"Feature","geometry":{"type":"Point","coordinates":[137.858845,35.530041]},"properties":{"id":"kofun_8486474d9a","name":"新井原古墳群","kana":"あらいばらこふんぐん","pref":"長野県","muni":"飯田市"}},{"type":"Feature","geometry":{"type":"Point","coordinates":[137.862411,35.53801]},"properties":{"id":"kofun_e55db6796c","name":"畦地一号古墳","kana":"あぜちいちごうこふん","pref":"長野県","muni":"飯田市"}},{"type":"Feature","geometry":{"type":"Point","coordinates":[137.852661,35.503162]},"properties":{"id":"kofun_7bbaee9a1c","name":"妙前大塚古墳","kana":"みようぜんおおつかこふん","pref":"長野県","muni":"飯田市"}},{"type":"Feature","geometry":{"type":"Point","coordinates":[137.843765,35.50243]},"properties":{"id":"kofun_b5642bf58b","name":"おかん塚古墳","kana":"おかんづかこふん","pref":"長野県","muni":"飯田市"}},{"type":"Feature","geometry":{"type":"Point","coordinates":[137.82146,35.468752]},"properties":{"id":"kofun_0572a9219b","name":"兼清塚古墳","kana":"けんせいづかこふん","pref":"長野県","muni":"飯田市"}},{"type":"Feature","geometry":{"type":"Point","coordinates":[137.820628,35.464906]},"properties":{"id":"kofun_d773be929b","name":"塚原二子塚古墳","kana":"つかはらふたごづかこふん","pref":"長野県","muni":"飯田市"}},{"type":"Feature","geometry":{"type":"Point","coordinates":[137.812395,35.461594]},"properties":{"id":"kofun_d30345cf07","name":"御猿堂古墳","kana":"おさるどうこふん","pref":"長野県","muni":"飯田市"}},{"type":"Feature","geometry":{"type":"Point","coordinates":[137.8143,35.463523]},"properties":{"id":"kofun_03587c29e6","name":"馬背塚古墳","kana":"ませづかこふん","pref":"長野県","muni":"飯田市"}},{"type":"Feature","geometry":{"type":"Point","coordinates":[138.0878,36.427377]},"properties":{"id":"kofun_72d13a8670","name":"安坂古墳群","kana":"あざかこふんぐん","pref":"長野県","muni":"筑北村"}},{"type":"Feature","geometry":{"type":"Point","coordinates":[137.994724,36.19346]},"properties":{"id":"kofun_acf1a768e7","name":"中山古墳群","kana":"なかやまこふんぐん","pref":"長野県","muni":"松本市"}},{"type":"Feature","geometry":{"type":"Point","coordinates":[137.982867,36.213117]},"properties":{"id":"kofun_b25f3e0ebe","name":"弘法山古墳","kana":"こうぼうやまこふん","pref":"長野県","muni":"松本市"}},{"type":"Feature","geometry":{"type":"Point","coordinates":[137.990228,36.261435]},"properties":{"id":"kofun_be9bfef3c8","name":"桜ヶ丘古墳","kana":"さくらがおかこふん","pref":"長野県","muni":"松本市"}},{"type":"Feature","geometry":{"type":"Point","coordinates":[137.990463,36.25632]},"properties":{"id":"kofun_aa258f822f","name":"妙義山古墳群","kana":"みようぎさんこふんぐん","pref":"長野県","muni":"松本市"}},{"type":"Feature","geometry":{"type":"Point","coordinates":[137.882747,36.339824]},"properties":{"id":"kofun_e5edbe8bdb","name":"有明古墳群","kana":"ありあけこふんぐん","pref":"長野県","muni":"安曇野市"}},{"type":"Feature","geometry":{"type":"Point","coordinates":[137.872378,36.319096]},"properties":{"id":"kofun_b9e3ff95b1","name":"西穂高古墳群","kana":"にしほたかこふんぐん","pref":"長野県","muni":"安曇野市"}},{"type":"Feature","geometry":{"type":"Point","coordinates":[138.160006,36.557687]},"properties":{"id":"kofun_2c2c4880b3","name":"土口将軍塚古墳","kana":"どぐちしようぐんづかこふん","pref":"長野県","muni":"長野市"}},{"type":"Feature","geometry":{"type":"Point","coordinates":[138.137568,36.534461]},"properties":{"id":"kofun_f72a5c3922","name":"森将軍塚古墳","kana":"もりしようぐんづかこふん","pref":"長野県","muni":"千曲市"}},{"type":"Feature","geometry":{"type":"Point","coordinates":[138.161401,36.536403]},"properties":{"id":"kofun_97e267f230","name":"倉科将軍塚古墳","kana":"くらしなしようぐんづかこふん","pref":"長野県","muni":"千曲市"}},{"type":"Feature","geometry":{"type":"Point","coordinates":[138.122851,36.625234]},"properties":{"id":"kofun_25880ed05a","name":"吉窪城山古墳群","kana":"よしくぼじようやまこふんぐん","pref":"長野県","muni":"長野市"}},{"type":"Feature","geometry":{"type":"Point","coordinates":[138.241841,36.705915]},"properties":{"id":"kofun_0568c6b727","name":"吉古墳群","kana":"よしこふんぐん","pref":"長野県","muni":"長野市"}},{"type":"Feature","geometry":{"type":"Point","coordinates":[138.084389,36.565009]},"properties":{"id":"kofun_b7204ceb77","name":"田野口大塚古墳","kana":"たのぐちおおつかこふん","pref":"長野県","muni":"長野市"}},{"type":"Feature","geometry":{"type":"Point","coordinates":[138.095801,36.539349]},"properties":{"id":"kofun_70891fdee5","name":"越将軍塚古墳","kana":"こししようぐんづかこふん","pref":"長野県","muni":"千曲市"}},{"type":"Feature","geometry":{"type":"Point","coordinates":[138.105922,36.557005]},"properties":{"id":"kofun_fc9da756bb","name":"中郷古墳","kana":"なかごうこふん","pref":"長野県","muni":"長野市"}},{"type":"Feature","geometry":{"type":"Point","coordinates":[138.109403,36.569624]},"properties":{"id":"kofun_84fc5eb9f5","name":"川柳将軍塚古墳","kana":"せんりゆうしようぐんづかこふん","pref":"長野県","muni":"長野市"}},{"type":"Feature","geometry":{"type":"Point","coordinates":[138.125024,36.613393]},"properties":{"id":"kofun_a6d1b0c74a","name":"腰村古墳","kana":"こしむらこふん","pref":"長野県","muni":"長野市"}},{"type":"Feature","geometry":{"type":"Point","coordinates":[138.201817,36.552544]},"properties":{"id":"kofun_26e0b200be","name":"舞鶴山古墳","kana":"まいづるやまこふん","pref":"長野県","muni":"長野市"}},{"type":"Feature","geometry":{"type":"Point","coordinates":[138.230762,36.551381]},"properties":{"id":"kofun_40e85dd7c0","name":"桑根井空塚古墳","kana":"くわねいそらつかこふん","pref":"長野県","muni":"長野市"}},{"type":"Feature","geometry":{"type":"Point","coordinates":[138.222544,36.564525]},"properties":{"id":"kofun_50b5258b4e","name":"竹原笹塚古墳","kana":"たけはらささづかこふん","pref":"長野県","muni":"長野市"}},{"type":"Feature","geometry":{"type":"Point","coordinates":[138.228119,36.563663]},"properties":{"id":"kofun_43516b7477","name":"菅間大塚古墳","kana":"すがまおおつかこふん","pref":"長野県","muni":"長野市"}},{"type":"Feature","geometry":{"type":"Point","coordinates":[138.22776,36.593712]},"properties":{"id":"kofun_628c83d2d4","name":"大室古墳群","kana":"おおむろこふんぐん","pref":"長野県","muni":"長野市"}},{"type":"Feature","geometry":{"type":"Point","coordinates":[138.289136,36.57173]},"properties":{"id":"kofun_ab0d77a35e","name":"長原古墳群","kana":"ながはらこふんぐん","pref":"長野県","muni":"長野市"}},{"type":"Feature","geometry":{"type":"Point","coordinates":[138.324048,36.623736]},"properties":{"id":"kofun_663ac4482c","name":"鎧塚古墳群","kana":"よろいづかこふんぐん","pref":"長野県","muni":"須坂市"}},{"type":"Feature","geometry":{"type":"Point","coordinates":[138.398264,36.757937]},"properties":{"id":"kofun_1f76cc95e4","name":"夜間瀬本郷古墳群","kana":"よませほんごうこふんぐん","pref":"長野県","muni":"山ノ内町"}},{"type":"Feature","geometry":{"type":"Point","coordinates":[138.416161,36.868824]},"properties":{"id":"kofun_29f1316275","name":"和栗古墳","kana":"わぐりこふん","pref":"長野県","muni":"木島平村"}},{"type":"Feature","geometry":{"type":"Point","coordinates":[138.364607,36.724084]},"properties":{"id":"kofun_bb93bdac76","name":"金鎧山古墳","kana":"きんがいざんこふん","pref":"長野県","muni":"中野市"}},{"type":"Feature","geometry":{"type":"Point","coordinates":[138.343748,36.756109]},"properties":{"id":"kofun_60c4b60294","name":"双子塚古墳","kana":"ふたごづかこふん","pref":"長野県","muni":"中野市"}},{"type":"Feature","geometry":{"type":"Point","coordinates":[138.344127,36.767494]},"properties":{"id":"kofun_1e0b9f0167","name":"林畔一号・二号古墳","kana":"はやしぐろいちごう・にごうこふん","pref":"長野県","muni":"中野市"}},{"type":"Feature","geometry":{"type":"Point","coordinates":[138.017187,36.568898]},"properties":{"id":"kofun_b0bbd4f2ab","name":"武富佐古墳","kana":"たけふさこふん","pref":"長野県","muni":"長野市"}},{"type":"Feature","geometry":{"type":"Point","coordinates":[138.37106,36.864679]},"properties":{"id":"kofun_9b57be6ed3","name":"有尾古墳","kana":"ありおこふん","pref":"長野県","muni":"飯山市"}},{"type":"Feature","geometry":{"type":"Point","coordinates":[136.521076,35.356273]},"properties":{"id":"kofun_d02d4d5b47","name":"兜塚古墳","kana":"かぶとづかこふん","pref":"岐阜県","muni":"垂井町"}},{"type":"Feature","geometry":{"type":"Point","coordinates":[136.531908,35.391244]},"properties":{"id":"kofun_bf4ea55065","name":"清塚古墳","kana":"きよづかこふん","pref":"岐阜県","muni":"垂井町"}},{"type":"Feature","geometry":{"type":"Point","coordinates":[136.532774,35.394743]},"properties":{"id":"kofun_d7639f4400","name":"親ヶ谷古墳","kana":"おやがだにこふん","pref":"岐阜県","muni":"垂井町"}},{"type":"Feature","geometry":{"type":"Point","coordinates":[136.512658,35.388939]},"properties":{"id":"kofun_39bb368e7e","name":"南大塚古墳","kana":"みなみおおつかこふん","pref":"岐阜県","muni":"垂井町"}},{"type":"Feature","geometry":{"type":"Point","coordinates":[136.537672,35.328327]},"properties":{"id":"kofun_12e8e6f6f0","name":"象鼻山古墳群","kana":"ぞうびさんこふんぐん","pref":"岐阜県","muni":"養老町"}},{"type":"Feature","geometry":{"type":"Point","coordinates":[136.504043,35.336617]},"properties":{"id":"kofun_97b7c0633c","name":"二又一号墳","kana":"ふたまたいちごうふん","pref":"岐阜県","muni":"大垣市"}},{"type":"Feature","geometry":{"type":"Point","coordinates":[136.587688,35.227977]},"properties":{"id":"kofun_552ddd5ee9","name":"円満寺山古墳","kana":"えんまんじやまこふん","pref":"岐阜県","muni":"海津市"}},{"type":"Feature","geometry":{"type":"Point","coordinates":[136.571526,35.38758]},"properties":{"id":"kofun_ddb212d58f","name":"昼飯大塚古墳","kana":"ひるいおおつかこふん","pref":"岐阜県","muni":"大垣市"}},{"type":"Feature","geometry":{"type":"Point","coordinates":[136.571648,35.390049]},"properties":{"id":"kofun_14813a11d8","name":"花岡山古墳群","kana":"はなおかやまこふんぐん","pref":"岐阜県","muni":"大垣市"}},{"type":"Feature","geometry":{"type":"Point","coordinates":[136.562012,35.399132]},"properties":{"id":"kofun_aec9190f10","name":"遊塚古墳群","kana":"あそびづかこふんぐん","pref":"岐阜県","muni":"大垣市"}},{"type":"Feature","geometry":{"type":"Point","coordinates":[136.557376,35.372908]},"properties":{"id":"kofun_1c9344deb7","name":"長塚古墳","kana":"ながつかこふん","pref":"岐阜県","muni":"大垣市"}},{"type":"Feature","geometry":{"type":"Point","coordinates":[136.544476,35.451419]},"properties":{"id":"kofun_6ab681c349","name":"願成寺古墳群","kana":"がんじようじこふんぐん","pref":"岐阜県","muni":"池田町"}},{"type":"Feature","geometry":{"type":"Point","coordinates":[136.6213,35.482032]},"properties":{"id":"kofun_f8286256e3","name":"野古墳群","kana":"のこふんぐん","pref":"岐阜県","muni":"大野町"}},{"type":"Feature","geometry":{"type":"Point","coordinates":[136.623118,35.441457]},"properties":{"id":"kofun_18731f5a19","name":"上磯古墳群","kana":"かみいそこふんぐん","pref":"岐阜県","muni":"大野町"}},{"type":"Feature","geometry":{"type":"Point","coordinates":[136.667063,35.430126]},"properties":{"id":"kofun_d5e8e6b9af","name":"宗慶大塚古墳","kana":"そうけおおつかこふん","pref":"岐阜県","muni":"本巣市"}},{"type":"Feature","geometry":{"type":"Point","coordinates":[136.688644,35.461228]},"properties":{"id":"kofun_db61282335","name":"船木山二四号墳","kana":"ふなきやまにじゆうよんごうふん","pref":"岐阜県","muni":"本巣市"}},{"type":"Feature","geometry":{"type":"Point","coordinates":[136.814517,35.418139]},"properties":{"id":"kofun_a9ba18255c","name":"琴塚古墳","kana":"ことづかこふん","pref":"岐阜県","muni":"岐阜市"}},{"type":"Feature","geometry":{"type":"Point","coordinates":[136.742257,35.484911]},"properties":{"id":"kofun_1d199e89fe","name":"龍門寺一号墳","kana":"りゆうもんじいちごうふん","pref":"岐阜県","muni":"岐阜市"}},{"type":"Feature","geometry":{"type":"Point","coordinates":[136.785204,35.457834]},"properties":{"id":"kofun_74112b1a4e","name":"西山四号墳","kana":"にしやまよんごうふん","pref":"岐阜県","muni":"岐阜市"}},{"type":"Feature","geometry":{"type":"Point","coordinates":[136.74664,35.466936]},"properties":{"id":"kofun_e6d60f1391","name":"坂尻古墳","kana":"さかじりこふん","pref":"岐阜県","muni":"岐阜市"}},{"type":"Feature","geometry":{"type":"Point","coordinates":[136.808335,35.495458]},"properties":{"id":"kofun_6480cfe884","name":"内山古墳","kana":"うちやまこふん","pref":"岐阜県","muni":"岐阜市"}},{"type":"Feature","geometry":{"type":"Point","coordinates":[136.823292,35.418443]},"properties":{"id":"kofun_a7aefbb446","name":"柄山古墳","kana":"からやまこふん","pref":"岐阜県","muni":"各務原市"}},{"type":"Feature","geometry":{"type":"Point","coordinates":[136.9257,35.403347]},"properties":{"id":"kofun_749bbcdab0","name":"坊の塚古墳","kana":"ぼうのづかこふん","pref":"岐阜県","muni":"各務原市"}},{"type":"Feature","geometry":{"type":"Point","coordinates":[136.929232,35.404901]},"properties":{"id":"kofun_6b551fc534","name":"衣裳塚古墳","kana":"いしようづかこふん","pref":"岐阜県","muni":"各務原市"}},{"type":"Feature","geometry":{"type":"Point","coordinates":[136.891522,35.498449]},"properties":{"id":"kofun_bd84c1d8b9","name":"小瀬古墳群","kana":"おぜこふんぐん","pref":"岐阜県","muni":"関市"}},{"type":"Feature","geometry":{"type":"Point","coordinates":[136.856999,35.492542]},"properties":{"id":"kofun_fa89cd3c59","name":"陽徳寺裏山古墳群","kana":"ようとくじうらやまこふんぐん","pref":"岐阜県","muni":"関市"}},{"type":"Feature","geometry":{"type":"Point","coordinates":[136.996005,35.483599]},"properties":{"id":"kofun_09e6c188f2","name":"夕田茶臼山古墳","kana":"ゆうだちやうすやまこふん","pref":"岐阜県","muni":"富加町"}},{"type":"Feature","geometry":{"type":"Point","coordinates":[137.089939,35.440678]},"properties":{"id":"kofun_dbb70ed7dc","name":"東寺山古墳","kana":"ひがしてらやまこふん","pref":"岐阜県","muni":"御嵩町"}},{"type":"Feature","geometry":{"type":"Point","coordinates":[137.123737,35.437524]},"properties":{"id":"kofun_969b26fcc1","name":"宝塚古墳","kana":"たからづかこふん","pref":"岐阜県","muni":"御嵩町"}},{"type":"Feature","geometry":{"type":"Point","coordinates":[137.158282,35.427303]},"properties":{"id":"kofun_ea32bea248","name":"中切古墳","kana":"なかぎりこふん","pref":"岐阜県","muni":"御嵩町"}},{"type":"Feature","geometry":{"type":"Point","coordinates":[137.068591,35.43092]},"properties":{"id":"kofun_540fcd707a","name":"長塚古墳","kana":"ながつかこふん","pref":"岐阜県","muni":"可児市"}},{"type":"Feature","geometry":{"type":"Point","coordinates":[137.088722,35.423322]},"properties":{"id":"kofun_49b2f603eb","name":"神崎山古墳","kana":"かんざきやまこふん","pref":"岐阜県","muni":"可児市"}},{"type":"Feature","geometry":{"type":"Point","coordinates":[137.070108,35.423638]},"properties":{"id":"kofun_97e851e854","name":"身隠山古墳","kana":"みかくしやまこふん","pref":"岐阜県","muni":"可児市"}},{"type":"Feature","geometry":{"type":"Point","coordinates":[137.067911,35.420171]},"properties":{"id":"kofun_07940ca6f9","name":"熊野古墳","kana":"くまのこふん","pref":"岐阜県","muni":"可児市"}},{"type":"Feature","geometry":{"type":"Point","coordinates":[137.082142,35.416629]},"properties":{"id":"kofun_691e5f4d0d","name":"羽崎中洞古墳","kana":"はざきなかぼらこふん","pref":"岐阜県","muni":"可児市"}},{"type":"Feature","geometry":{"type":"Point","coordinates":[137.078985,35.416803]},"properties":{"id":"kofun_1770fa6cb4","name":"不孝寺塚古墳","kana":"ふこうじづかこふん","pref":"岐阜県","muni":"可児市"}},{"type":"Feature","geometry":{"type":"Point","coordinates":[137.085189,35.404964]},"properties":{"id":"kofun_c3c31a8f2c","name":"鍋煎古墳群","kana":"なべいりこふんぐん","pref":"岐阜県","muni":"可児市"}},{"type":"Feature","geometry":{"type":"Point","coordinates":[137.062841,35.409757]},"properties":{"id":"kofun_bdc17b8296","name":"大森皿屋敷横穴古墳群","kana":"おおもりさらやしきよこあなこふんぐん","pref":"岐阜県","muni":"可児市"}},{"type":"Feature","geometry":{"type":"Point","coordinates":[137.131062,35.343133]},"properties":{"id":"kofun_874ea7752b","name":"虎渓山一号古墳","kana":"こけいざんいちごうこふん","pref":"岐阜県","muni":"多治見市"}},{"type":"Feature","geometry":{"type":"Point","coordinates":[137.18094,35.365514]},"properties":{"id":"kofun_7c3ab509a2","name":"乙塚古墳","kana":"おとづかこふん","pref":"岐阜県","muni":"土岐市"}},{"type":"Feature","geometry":{"type":"Point","coordinates":[137.193539,35.372434]},"properties":{"id":"kofun_e2553e262a","name":"炭焼古墳","kana":"すみやきこふん","pref":"岐阜県","muni":"土岐市"}},{"type":"Feature","geometry":{"type":"Point","coordinates":[137.236141,35.368015]},"properties":{"id":"kofun_de91725311","name":"戸狩荒神塚古墳","kana":"とがりこうじんづかこふん","pref":"岐阜県","muni":"瑞浪市"}},{"type":"Feature","geometry":{"type":"Point","coordinates":[137.236615,35.368909]},"properties":{"id":"kofun_a87155c4a1","name":"戸狩横穴古墳群","kana":"とがりよこあなこふんぐん","pref":"岐阜県","muni":"瑞浪市"}},{"type":"Feature","geometry":{"type":"Point","coordinates":[137.385597,35.304833]},"properties":{"id":"kofun_9825fce35f","name":"久後古墳","kana":"くごこふん","pref":"岐阜県","muni":"恵那市"}},{"type":"Feature","geometry":{"type":"Point","coordinates":[137.38609,35.306215]},"properties":{"id":"kofun_c0f12c886a","name":"徳平古墳","kana":"とくひらこふん","pref":"岐阜県","muni":"恵那市"}},{"type":"Feature","geometry":{"type":"Point","coordinates":[137.403597,35.455828]},"properties":{"id":"kofun_545f55c818","name":"能万寺古墳群","kana":"のうまんじこふんぐん","pref":"岐阜県","muni":"恵那市"}},{"type":"Feature","geometry":{"type":"Point","coordinates":[137.244627,36.1617]},"properties":{"id":"kofun_3c767d2402","name":"冬頭王塚古墳","kana":"ふゆとうおうつかこふん","pref":"岐阜県","muni":"高山市"}},{"type":"Feature","geometry":{"type":"Point","coordinates":[137.254522,36.164663]},"properties":{"id":"kofun_9b289ca3b6","name":"杉ヶ洞横穴古墳群","kana":"すぎがほらよこあなこふんぐん","pref":"岐阜県","muni":"高山市"}},{"type":"Feature","geometry":{"type":"Point","coordinates":[137.231592,36.162306]},"properties":{"id":"kofun_1993011382","name":"赤保木古墳群","kana":"あかほきこふんぐん","pref":"岐阜県","muni":"高山市"}},{"type":"Feature","geometry":{"type":"Point","coordinates":[137.226938,36.206922]},"properties":{"id":"kofun_3c2a36f24b","name":"こう峠口古墳","kana":"こうとうげぐちこふん","pref":"岐阜県","muni":"高山市"}},{"type":"Feature","geometry":{"type":"Point","coordinates":[137.173333,36.224264]},"properties":{"id":"kofun_6f2185cb86","name":"高野水上円墳","kana":"たかのみずかみえんぷん","pref":"岐阜県","muni":"飛騨市"}},{"type":"Feature","geometry":{"type":"Point","coordinates":[137.172774,36.223218]},"properties":{"id":"kofun_fba1cf6abb","name":"高野光泉寺円墳","kana":"たかのこうせんじえんぷん","pref":"岐阜県","muni":"飛騨市"}},{"type":"Feature","geometry":{"type":"Point","coordinates":[137.178161,36.226884]},"properties":{"id":"kofun_4b7d71a76c","name":"高野溝添古墳","kana":"たかのみぞぞえこふん","pref":"岐阜県","muni":"飛騨市"}},{"type":"Feature","geometry":{"type":"Point","coordinates":[137.153271,36.241286]},"properties":{"id":"kofun_81cce36093","name":"中野大洞平古墳群","kana":"なかのおおぼらだいらこふんぐん","pref":"岐阜県","muni":"飛騨市"}},{"type":"Feature","geometry":{"type":"Point","coordinates":[137.117831,36.254511]},"properties":{"id":"kofun_0013d05765","name":"信包八幡神社前方後円墳","kana":"のぶかはちまんじんじやぜんぽうこうえんふん","pref":"岐阜県","muni":"飛騨市"}},{"type":"Feature","geometry":{"type":"Point","coordinates":[138.942681,35.106382]},"properties":{"id":"kofun_858d14cf49","name":"向山古墳群","kana":"むかいやまこふんぐん","pref":"静岡県","muni":"三島市"}},{"type":"Feature","geometry":{"type":"Point","coordinates":[138.961875,35.066113]},"properties":{"id":"kofun_93c0dfd083","name":"多田大塚古墳群","kana":"ただおおつかこふんぐん","pref":"静岡県","muni":"伊豆の国市"}},{"type":"Feature","geometry":{"type":"Point","coordinates":[138.778283,34.996931]},"properties":{"id":"kofun_f6103078c0","name":"松江古墳群","kana":"すんごうこふんぐん","pref":"静岡県","muni":"沼津市"}},{"type":"Feature","geometry":{"type":"Point","coordinates":[138.856959,35.128817]},"properties":{"id":"kofun_b2425def4e","name":"長塚古墳","kana":"ながつかこふん","pref":"静岡県","muni":"沼津市"}},{"type":"Feature","geometry":{"type":"Point","coordinates":[138.822358,35.116377]},"properties":{"id":"kofun_ee2fb99a67","name":"神明塚古墳","kana":"しんめいづかこふん","pref":"静岡県","muni":"沼津市"}},{"type":"Feature","geometry":{"type":"Point","coordinates":[138.860909,35.153677]},"properties":{"id":"kofun_c3a2431811","name":"清水柳北一号墳","kana":"しみずやなぎきたいちごうふん","pref":"静岡県","muni":"沼津市"}},{"type":"Feature","geometry":{"type":"Point","coordinates":[138.67086,35.169486]},"properties":{"id":"kofun_2a014d5f94","name":"伊勢塚古墳","kana":"いせづかこふん","pref":"静岡県","muni":"富士市"}},{"type":"Feature","geometry":{"type":"Point","coordinates":[138.720582,35.173773]},"properties":{"id":"kofun_a1f851713c","name":"東坂古墳","kana":"ひがしざかこふん","pref":"静岡県","muni":"富士市"}},{"type":"Feature","geometry":{"type":"Point","coordinates":[138.737306,35.169659]},"properties":{"id":"kofun_799d366773","name":"琴平古墳","kana":"ことひらこふん","pref":"静岡県","muni":"富士市"}},{"type":"Feature","geometry":{"type":"Point","coordinates":[138.746576,35.164148]},"properties":{"id":"kofun_3c2ec3405e","name":"浅間古墳","kana":"せんげんこふん","pref":"静岡県","muni":"富士市"}},{"type":"Feature","geometry":{"type":"Point","coordinates":[138.770616,35.15622]},"properties":{"id":"kofun_6f735bcc8e","name":"船津古墳群","kana":"ふなつこふんぐん","pref":"静岡県","muni":"富士市"}},{"type":"Feature","geometry":{"type":"Point","coordinates":[138.753841,35.157415]},"properties":{"id":"kofun_83d108a5a2","name":"妙見古墳群","kana":"みようけんこふんぐん","pref":"静岡県","muni":"富士市"}},{"type":"Feature","geometry":{"type":"Point","coordinates":[138.454991,34.991126]},"properties":{"id":"kofun_c6ff12462a","name":"西ノ原古墳群","kana":"にしのはらこふんぐん","pref":"静岡県","muni":"静岡市 清水区"}},{"type":"Feature","geometry":{"type":"Point","coordinates":[138.47123,35.049278]},"properties":{"id":"kofun_a6ed0a0820","name":"午王堂山古墳群","kana":"ごおうどうやまこふんぐん","pref":"静岡県","muni":"静岡市 清水区"}},{"type":"Feature","geometry":{"type":"Point","coordinates":[138.480548,35.053188]},"properties":{"id":"kofun_b6d4a91d5c","name":"三池平古墳","kana":"みいけだいらこふん","pref":"静岡県","muni":"静岡市 清水区"}},{"type":"Feature","geometry":{"type":"Point","coordinates":[138.375043,34.982841]},"properties":{"id":"kofun_ffc684156e","name":"賤機山古墳","kana":"しずはたやまこふん","pref":"静岡県","muni":"静岡市 葵区"}},{"type":"Feature","geometry":{"type":"Point","coordinates":[138.408177,34.982472]},"properties":{"id":"kofun_f0f438a0ca","name":"柚木山神古墳","kana":"ゆのきやまのかみこふん","pref":"静岡県","muni":"静岡市 葵区"}},{"type":"Feature","geometry":{"type":"Point","coordinates":[138.249631,34.876463]},"properties":{"id":"kofun_418f04bc59","name":"若王子古墳群","kana":"にやくおうじこふんぐん","pref":"静岡県","muni":"藤枝市"}},{"type":"Feature","geometry":{"type":"Point","coordinates":[138.18713,34.852931]},"properties":{"id":"kofun_0e75522a6a","name":"大津古墳群","kana":"おおつこふんぐん","pref":"静岡県","muni":"島田市"}},{"type":"Feature","geometry":{"type":"Point","coordinates":[138.203814,34.81675]},"properties":{"id":"kofun_0f9ff68118","name":"谷口古墳群","kana":"やぐちこふんぐん","pref":"静岡県","muni":"島田市"}},{"type":"Feature","geometry":{"type":"Point","coordinates":[138.079113,34.712853]},"properties":{"id":"kofun_9797e7da85","name":"上平川大塚古墳","kana":"かみひらかわおおつかこふん","pref":"静岡県","muni":"菊川市"}},{"type":"Feature","geometry":{"type":"Point","coordinates":[138.002267,34.75351]},"properties":{"id":"kofun_a9ffb48c34","name":"堀之内古墳群","kana":"ほりのうちこふんぐん","pref":"静岡県","muni":"掛川市"}},{"type":"Feature","geometry":{"type":"Point","coordinates":[137.989882,34.757407]},"properties":{"id":"kofun_4b59503e42","name":"前坪三号墳","kana":"まえつぼさんごうふん","pref":"静岡県","muni":"掛川市"}},{"type":"Feature","geometry":{"type":"Point","coordinates":[137.958934,34.775112]},"properties":{"id":"kofun_4db2c59000","name":"和田岡古墳群","kana":"わだおかこふんぐん","pref":"静岡県","muni":"掛川市"}},{"type":"Feature","geometry":{"type":"Point","coordinates":[137.897012,35.001489]},"properties":{"id":"kofun_9268a2b3ed","name":"仇山古墳群","kana":"あだやまこふんぐん","pref":"静岡県","muni":"浜松市 天竜区"}},{"type":"Feature","geometry":{"type":"Point","coordinates":[137.930122,34.741651]},"properties":{"id":"kofun_99490d83de","name":"大門大塚古墳","kana":"だいもんおおつかこふん","pref":"静岡県","muni":"袋井市"}},{"type":"Feature","geometry":{"type":"Point","coordinates":[137.924078,34.713854]},"properties":{"id":"kofun_7117bf2557","name":"五ヶ山古墳群","kana":"ごかやまこふんぐん","pref":"静岡県","muni":"袋井市"}},{"type":"Feature","geometry":{"type":"Point","coordinates":[137.850377,34.806656]},"properties":{"id":"kofun_cbac998259","name":"血松塚古墳","kana":"ちまつづかこふん","pref":"静岡県","muni":"磐田市"}},{"type":"Feature","geometry":{"type":"Point","coordinates":[137.853791,34.712275]},"properties":{"id":"kofun_c7d88d0a19","name":"庚申塚古墳","kana":"こうしんづかこふん","pref":"静岡県","muni":"磐田市"}},{"type":"Feature","geometry":{"type":"Point","coordinates":[137.839166,34.723421]},"properties":{"id":"kofun_e7b848c9c2","name":"京見塚古墳","kana":"きようみづかこふん","pref":"静岡県","muni":"磐田市"}},{"type":"Feature","geometry":{"type":"Point","coordinates":[137.877934,34.713865]},"properties":{"id":"kofun_2a6ac3862b","name":"堂山古墳","kana":"どうやまこふん","pref":"静岡県","muni":"磐田市"}},{"type":"Feature","geometry":{"type":"Point","coordinates":[137.890547,34.722675]},"properties":{"id":"kofun_084ba87787","name":"連城寺経塚古墳","kana":"れんじようじきようづかこふん","pref":"静岡県","muni":"磐田市"}},{"type":"Feature","geometry":{"type":"Point","coordinates":[137.888257,34.719659]},"properties":{"id":"kofun_9a5818bd40","name":"松林山古墳","kana":"しようりんざんこふん","pref":"静岡県","muni":"磐田市"}},{"type":"Feature","geometry":{"type":"Point","coordinates":[137.875621,34.734758]},"properties":{"id":"kofun_64de42c111","name":"甑塚古墳","kana":"こしきづかこふん","pref":"静岡県","muni":"磐田市"}},{"type":"Feature","geometry":{"type":"Point","coordinates":[137.838418,34.780598]},"properties":{"id":"kofun_ac5d034e2c","name":"銚子塚古墳・小銚子塚古墳","kana":"ちようしづかこふん・こちようしづかこふん","pref":"静岡県","muni":"磐田市"}},{"type":"Feature","geometry":{"type":"Point","coordinates":[137.7535,34.78966]},"properties":{"id":"kofun_83e4d2fe25","name":"内野古墳群","kana":"うちのこふんぐん","pref":"静岡県","muni":"浜松市 浜名区"}},{"type":"Feature","geometry":{"type":"Point","coordinates":[137.774317,34.832402]},"properties":{"id":"kofun_a430109653","name":"興覚寺後古墳","kana":"こうかくじうしろこふん","pref":"静岡県","muni":"浜松市 浜名区"}},{"type":"Feature","geometry":{"type":"Point","coordinates":[137.819162,34.874507]},"properties":{"id":"kofun_2bd0456776","name":"光明山古墳","kana":"こうみようさんこふん","pref":"静岡県","muni":"浜松市 天竜区"}},{"type":"Feature","geometry":{"type":"Point","coordinates":[137.679127,34.839243]},"properties":{"id":"kofun_8cffb26459","name":"北岡大塚古墳","kana":"きたおかおおつかこふん","pref":"静岡県","muni":"浜松市 浜名区"}},{"type":"Feature","geometry":{"type":"Point","coordinates":[137.681119,34.830548]},"properties":{"id":"kofun_4fe84abede","name":"馬場平古墳","kana":"ばんばひらこふん","pref":"静岡県","muni":"浜松市 浜名区"}},{"type":"Feature","geometry":{"type":"Point","coordinates":[137.667923,34.799675]},"properties":{"id":"kofun_1f07497cf1","name":"陣座ヶ谷古墳","kana":"じんざがやこふん","pref":"静岡県","muni":"浜松市 浜名区"}},{"type":"Feature","geometry":{"type":"Point","coordinates":[137.750195,34.771973]},"properties":{"id":"kofun_f19ba39012","name":"三方原古墳群","kana":"みかたばらこふんぐん","pref":"静岡県","muni":"浜松市 中央区"}},{"type":"Feature","geometry":{"type":"Point","coordinates":[137.690709,34.701208]},"properties":{"id":"kofun_8409c17e82","name":"入野古墳","kana":"いりのこふん","pref":"静岡県","muni":"浜松市 中央区"}},{"type":"Feature","geometry":{"type":"Point","coordinates":[137.80367,34.772586]},"properties":{"id":"kofun_a3107e5c72","name":"蛭子森古墳","kana":"えびすもりこふん","pref":"静岡県","muni":"浜松市 中央区"}},{"type":"Feature","geometry":{"type":"Point","coordinates":[136.92962,35.218894]},"properties":{"id":"kofun_9d6b4670b8","name":"白山藪古墳","kana":"はくさんやぶこふん","pref":"愛知県","muni":"名古屋市 北区"}},{"type":"Feature","geometry":{"type":"Point","coordinates":[136.900715,35.15689]},"properties":{"id":"kofun_602355925b","name":"大須二子山古墳","kana":"おおすふたごやまこふん","pref":"愛知県","muni":"名古屋市 中区"}},{"type":"Feature","geometry":{"type":"Point","coordinates":[136.923993,35.153858]},"properties":{"id":"kofun_d52fd28e5f","name":"八幡山古墳","kana":"はちまんやまこふん","pref":"愛知県","muni":"名古屋市 昭和区"}},{"type":"Feature","geometry":{"type":"Point","coordinates":[136.928917,35.119049]},"properties":{"id":"kofun_db713a5104","name":"おつくり山古墳","kana":"おつくりやまこふん","pref":"愛知県","muni":"名古屋市 瑞穂区"}},{"type":"Feature","geometry":{"type":"Point","coordinates":[136.90324,35.127419]},"properties":{"id":"kofun_9d9cc9ff1e","name":"白鳥古墳","kana":"しらとりこふん","pref":"愛知県","muni":"名古屋市 熱田区"}},{"type":"Feature","geometry":{"type":"Point","coordinates":[136.903031,35.130981]},"properties":{"id":"kofun_7397bc09fa","name":"断夫山古墳","kana":"だんぷやまこふん","pref":"愛知県","muni":"名古屋市 熱田区"}},{"type":"Feature","geometry":{"type":"Point","coordinates":[136.904286,35.135888]},"properties":{"id":"kofun_490c47db38","name":"高蔵一号墳","kana":"たかくらいちごうふん","pref":"愛知県","muni":"名古屋市 熱田区"}},{"type":"Feature","geometry":{"type":"Point","coordinates":[136.979296,35.206909]},"properties":{"id":"kofun_c93b7d1a39","name":"池下古墳","kana":"いけしたこふん","pref":"愛知県","muni":"名古屋市 守山区"}},{"type":"Feature","geometry":{"type":"Point","coordinates":[136.998732,35.235664]},"properties":{"id":"kofun_39972c432e","name":"松洞古墳群","kana":"まつがほらこふんぐん","pref":"愛知県","muni":"名古屋市 守山区"}},{"type":"Feature","geometry":{"type":"Point","coordinates":[137.040667,35.252396]},"properties":{"id":"kofun_4eef4c1419","name":"大塚古墳","kana":"おおつかこふん","pref":"愛知県","muni":"名古屋市 守山区"}},{"type":"Feature","geometry":{"type":"Point","coordinates":[137.044232,35.255037]},"properties":{"id":"kofun_5ad41a90f6","name":"白鳥塚古墳","kana":"しらとりづかこふん","pref":"愛知県","muni":"名古屋市 守山区"}},{"type":"Feature","geometry":{"type":"Point","coordinates":[136.91568,35.241852]},"properties":{"id":"kofun_147a95fbda","name":"青塚","kana":"あおつか","pref":"愛知県","muni":"豊山町"}},{"type":"Feature","geometry":{"type":"Point","coordinates":[136.936679,35.225916]},"properties":{"id":"kofun_1a9b579bab","name":"二子山古墳","kana":"ふたごやまこふん","pref":"愛知県","muni":"春日井市"}},{"type":"Feature","geometry":{"type":"Point","coordinates":[137.015204,35.270473]},"properties":{"id":"kofun_c462f4eea5","name":"出川大塚古墳","kana":"てがわおおつかこふん","pref":"愛知県","muni":"春日井市"}},{"type":"Feature","geometry":{"type":"Point","coordinates":[137.075335,35.295121]},"properties":{"id":"kofun_30505da5f1","name":"大久手古墳","kana":"おおくてこふん","pref":"愛知県","muni":"春日井市"}},{"type":"Feature","geometry":{"type":"Point","coordinates":[136.896185,35.27945]},"properties":{"id":"kofun_b1192851be","name":"宇都宮古墳","kana":"うつのみやこふん","pref":"愛知県","muni":"小牧市"}},{"type":"Feature","geometry":{"type":"Point","coordinates":[136.895847,35.281223]},"properties":{"id":"kofun_7c41d0eb26","name":"甲屋敷古墳","kana":"こうやしきこふん","pref":"愛知県","muni":"小牧市"}},{"type":"Feature","geometry":{"type":"Point","coordinates":[136.924053,35.356102]},"properties":{"id":"kofun_326426dd23","name":"長泉塚古墳","kana":"ちようせんづかこふん","pref":"愛知県","muni":"扶桑町"}},{"type":"Feature","geometry":{"type":"Point","coordinates":[136.951007,35.389999]},"properties":{"id":"kofun_3027f4916a","name":"東之宮古墳","kana":"ひがしのみやこふん","pref":"愛知県","muni":"犬山市"}},{"type":"Feature","geometry":{"type":"Point","coordinates":[136.947386,35.385647]},"properties":{"id":"kofun_23dbb60f35","name":"妙感寺古墳","kana":"みようかんじこふん","pref":"愛知県","muni":"犬山市"}},{"type":"Feature","geometry":{"type":"Point","coordinates":[136.929114,35.326624]},"properties":{"id":"kofun_eff729fc8a","name":"青塚古墳","kana":"あおつかこふん","pref":"愛知県","muni":"犬山市"}},{"type":"Feature","geometry":{"type":"Point","coordinates":[136.927704,35.36982]},"properties":{"id":"kofun_4bf3dd06fb","name":"上野古墳群","kana":"かみのこふんぐん","pref":"愛知県","muni":"犬山市"}},{"type":"Feature","geometry":{"type":"Point","coordinates":[136.869768,35.331753]},"properties":{"id":"kofun_3ff7fda20c","name":"曾本二子山古墳","kana":"そもとふたごやまこふん","pref":"愛知県","muni":"江南市"}},{"type":"Feature","geometry":{"type":"Point","coordinates":[136.739602,35.253665]},"properties":{"id":"kofun_3c0f12a931","name":"王塚","kana":"おうつか","pref":"愛知県","muni":"稲沢市"}},{"type":"Feature","geometry":{"type":"Point","coordinates":[136.832852,35.350214]},"properties":{"id":"kofun_743c7e11a2","name":"浅井古墳群","kana":"あざいこふんぐん","pref":"愛知県","muni":"一宮市"}},{"type":"Feature","geometry":{"type":"Point","coordinates":[136.795627,35.321499]},"properties":{"id":"kofun_4f49e936b4","name":"車塚古墳","kana":"くるまづかこふん","pref":"愛知県","muni":"一宮市"}},{"type":"Feature","geometry":{"type":"Point","coordinates":[136.793048,35.240127]},"properties":{"id":"kofun_dd8615d9ad","name":"大塚古墳","kana":"おおつかこふん","pref":"愛知県","muni":"稲沢市"}},{"type":"Feature","geometry":{"type":"Point","coordinates":[136.755448,35.190918]},"properties":{"id":"kofun_dce168ea52","name":"奥津社古墳","kana":"おくつしやこふん","pref":"愛知県","muni":"愛西市"}},{"type":"Feature","geometry":{"type":"Point","coordinates":[137.01174,34.706586]},"properties":{"id":"kofun_3edd966b1f","name":"北地古墳群","kana":"きたじこふんぐん","pref":"愛知県","muni":"南知多町"}},{"type":"Feature","geometry":{"type":"Point","coordinates":[136.918302,35.059036]},"properties":{"id":"kofun_0f8a9c31d5","name":"兜山古墳","kana":"かぶとやまこふん","pref":"愛知県","muni":"東海市"}},{"type":"Feature","geometry":{"type":"Point","coordinates":[137.096544,34.928924]},"properties":{"id":"kofun_3e322fe8b4","name":"二子古墳","kana":"ふたごこふん","pref":"愛知県","muni":"安城市"}},{"type":"Feature","geometry":{"type":"Point","coordinates":[137.095728,34.916399]},"properties":{"id":"kofun_1d40d1fe72","name":"八ッ塚古墳","kana":"やつづかこふん","pref":"愛知県","muni":"安城市"}},{"type":"Feature","geometry":{"type":"Point","coordinates":[137.046747,34.922018]},"properties":{"id":"kofun_f61b093522","name":"北本郷古墳","kana":"きたほんごうこふん","pref":"愛知県","muni":"安城市"}},{"type":"Feature","geometry":{"type":"Point","coordinates":[137.040059,34.728985]},"properties":{"id":"kofun_735b6f6aa8","name":"佐久島古墳群","kana":"さくしまこふんぐん","pref":"愛知県","muni":"西尾市"}},{"type":"Feature","geometry":{"type":"Point","coordinates":[137.085299,34.789676]},"properties":{"id":"kofun_e98b2cb098","name":"正法寺古墳","kana":"しようぼうじこふん","pref":"愛知県","muni":"西尾市"}},{"type":"Feature","geometry":{"type":"Point","coordinates":[137.084448,34.804372]},"properties":{"id":"kofun_d7dfa3a038","name":"岩場古墳","kana":"いわばこふん","pref":"愛知県","muni":"西尾市"}},{"type":"Feature","geometry":{"type":"Point","coordinates":[137.10546,34.888157]},"properties":{"id":"kofun_17d690a873","name":"五砂山古墳","kana":"ごさごやまこふん","pref":"愛知県","muni":"西尾市"}},{"type":"Feature","geometry":{"type":"Point","coordinates":[137.135324,34.886611]},"properties":{"id":"kofun_1f5132b5f8","name":"羽角山古墳群","kana":"はすみやまこふんぐん","pref":"愛知県","muni":"西尾市"}},{"type":"Feature","geometry":{"type":"Point","coordinates":[137.174093,34.891784]},"properties":{"id":"kofun_3e176514e2","name":"青塚古墳","kana":"あおづかこふん","pref":"愛知県","muni":"幸田町"}},{"type":"Feature","geometry":{"type":"Point","coordinates":[137.166352,34.96309]},"properties":{"id":"kofun_0fa69e37a5","name":"甲山一号墳","kana":"かぶとやまいちごうふん","pref":"愛知県","muni":"岡崎市"}},{"type":"Feature","geometry":{"type":"Point","coordinates":[137.153081,34.913836]},"properties":{"id":"kofun_c57fa2934f","name":"太夫塚古墳","kana":"たいゆうづかこふん","pref":"愛知県","muni":"岡崎市"}},{"type":"Feature","geometry":{"type":"Point","coordinates":[137.206311,34.939673]},"properties":{"id":"kofun_58b4b11ec9","name":"亀山二号墳","kana":"かめやまにごうふん","pref":"愛知県","muni":"岡崎市"}},{"type":"Feature","geometry":{"type":"Point","coordinates":[137.211802,34.940365]},"properties":{"id":"kofun_f91db11671","name":"神明宮一号墳","kana":"しんめいぐういちごうふん","pref":"愛知県","muni":"岡崎市"}},{"type":"Feature","geometry":{"type":"Point","coordinates":[137.173993,35.006278]},"properties":{"id":"kofun_b07be8b519","name":"岩津一号墳","kana":"いわづいちごうふん","pref":"愛知県","muni":"岡崎市"}},{"type":"Feature","geometry":{"type":"Point","coordinates":[137.119937,34.970101]},"properties":{"id":"kofun_26e7b2460e","name":"宇頭古墳群","kana":"うとうこふんぐん","pref":"愛知県","muni":"岡崎市"}},{"type":"Feature","geometry":{"type":"Point","coordinates":[137.131481,34.984646]},"properties":{"id":"kofun_49a0193594","name":"小針古墳群","kana":"こばりこふんぐん","pref":"愛知県","muni":"岡崎市"}},{"type":"Feature","geometry":{"type":"Point","coordinates":[137.16564,35.045623]},"properties":{"id":"kofun_2340df908a","name":"豊田大塚古墳","kana":"とよたおおつかこふん","pref":"愛知県","muni":"豊田市"}},{"type":"Feature","geometry":{"type":"Point","coordinates":[137.172164,35.160398]},"properties":{"id":"kofun_a3cfe61f6b","name":"池田第一号墳","kana":"いけだだいいちごうふん","pref":"愛知県","muni":"豊田市"}},{"type":"Feature","geometry":{"type":"Point","coordinates":[137.177041,35.111853]},"properties":{"id":"kofun_eac4356de8","name":"宇津木古墳","kana":"うつぎこふん","pref":"愛知県","muni":"豊田市"}},{"type":"Feature","geometry":{"type":"Point","coordinates":[137.534924,35.152795]},"properties":{"id":"kofun_01bf23e66e","name":"丸根古墳","kana":"まるねこふん","pref":"愛知県","muni":"設楽町"}},{"type":"Feature","geometry":{"type":"Point","coordinates":[137.526315,34.916834]},"properties":{"id":"kofun_1e83e5a4f1","name":"断上第九号墳・第一〇号墳","kana":"だんじようだいくごうふん・だいじゆうごうふん","pref":"愛知県","muni":"新城市"}},{"type":"Feature","geometry":{"type":"Point","coordinates":[137.454368,34.861734]},"properties":{"id":"kofun_250dd6bd80","name":"旗頭山古墳群","kana":"はたがしらやまこふんぐん","pref":"愛知県","muni":"新城市"}},{"type":"Feature","geometry":{"type":"Point","coordinates":[137.426982,34.857107]},"properties":{"id":"kofun_9650b5a6c6","name":"炭焼古墳群","kana":"すみやきこふんぐん","pref":"愛知県","muni":"豊川市"}},{"type":"Feature","geometry":{"type":"Point","coordinates":[137.426982,34.857107]},"properties":{"id":"kofun_79e564c1f6","name":"念仏塚古墳群","kana":"ねんぶつづかこふんぐん","pref":"愛知県","muni":"豊川市"}},{"type":"Feature","geometry":{"type":"Point","coordinates":[137.320808,34.826283]},"properties":{"id":"kofun_6fc7f66631","name":"船塚山古墳","kana":"ふなづかやまこふん","pref":"愛知県","muni":"豊川市"}},{"type":"Feature","geometry":{"type":"Point","coordinates":[137.330332,34.838927]},"properties":{"id":"kofun_d1f4fb6f5c","name":"船山一号墳","kana":"ふなやまいちごうふん","pref":"愛知県","muni":"豊川市"}},{"type":"Feature","geometry":{"type":"Point","coordinates":[137.243534,34.842253]},"properties":{"id":"kofun_96b0a24271","name":"権現山古墳","kana":"ごんげんやまこふん","pref":"愛知県","muni":"蒲郡市"}},{"type":"Feature","geometry":{"type":"Point","coordinates":[137.366547,34.714888]},"properties":{"id":"kofun_8e514868dc","name":"車神社古墳","kana":"くるまじんじやこふん","pref":"愛知県","muni":"豊橋市"}},{"type":"Feature","geometry":{"type":"Point","coordinates":[137.433415,34.81429]},"properties":{"id":"kofun_b485b6b19f","name":"権現山第一号墳・第二号墳","kana":"ごんげんやまだいいちごうふん・だいにごうふん","pref":"愛知県","muni":"豊橋市"}},{"type":"Feature","geometry":{"type":"Point","coordinates":[137.441856,34.8165]},"properties":{"id":"kofun_d456d94d32","name":"馬越長火塚古墳","kana":"まごしながひづかこふん","pref":"愛知県","muni":"豊橋市"}},{"type":"Feature","geometry":{"type":"Point","coordinates":[137.227614,34.653582]},"properties":{"id":"kofun_42da9e59a4","name":"籠池古墳","kana":"かごいけこふん","pref":"愛知県","muni":"田原市"}},{"type":"Feature","geometry":{"type":"Point","coordinates":[136.586107,35.119298]},"properties":{"id":"kofun_30a713715a","name":"岡古墳群","kana":"おかこふんぐん","pref":"三重県","muni":"いなべ市"}},{"type":"Feature","geometry":{"type":"Point","coordinates":[136.589723,34.931522]},"properties":{"id":"kofun_b642504005","name":"八幡塚古墳","kana":"はちまんづかこふん","pref":"三重県","muni":"四日市市"}},{"type":"Feature","geometry":{"type":"Point","coordinates":[136.540335,34.944332]},"properties":{"id":"kofun_83c8624741","name":"和田ヶ平古墳群","kana":"わだがひらこふんぐん","pref":"三重県","muni":"四日市市"}},{"type":"Feature","geometry":{"type":"Point","coordinates":[136.614934,35.035111]},"properties":{"id":"kofun_f8298d30b6","name":"広古墳群","kana":"ひろこふんぐん","pref":"三重県","muni":"四日市市"}},{"type":"Feature","geometry":{"type":"Point","coordinates":[136.632735,34.991062]},"properties":{"id":"kofun_5a217084ae","name":"志氐神社古墳","kana":"しでじんじやこふん","pref":"三重県","muni":"四日市市"}},{"type":"Feature","geometry":{"type":"Point","coordinates":[136.604365,34.85064]},"properties":{"id":"kofun_f615ab630b","name":"岸岡山古墳群","kana":"きしおかやまこふんぐん","pref":"三重県","muni":"鈴鹿市"}},{"type":"Feature","geometry":{"type":"Point","coordinates":[136.546356,34.81351]},"properties":{"id":"kofun_9468bb23d0","name":"経塚古墳","kana":"きようづかこふん","pref":"三重県","muni":"鈴鹿市"}},{"type":"Feature","geometry":{"type":"Point","coordinates":[136.546356,34.81351]},"properties":{"id":"kofun_a808ab712b","name":"茶臼山古墳群","kana":"ちやうすやまこふんぐん","pref":"三重県","muni":"鈴鹿市"}},{"type":"Feature","geometry":{"type":"Point","coordinates":[136.494975,34.852272]},"properties":{"id":"kofun_22fb9663dc","name":"西ノ野古墳群","kana":"にしののこふんぐん","pref":"三重県","muni":"鈴鹿市"}},{"type":"Feature","geometry":{"type":"Point","coordinates":[136.511449,34.85074]},"properties":{"id":"kofun_0dacdf9dad","name":"保子里古墳群","kana":"ほこりこふんぐん","pref":"三重県","muni":"鈴鹿市"}},{"type":"Feature","geometry":{"type":"Point","coordinates":[136.513855,34.867514]},"properties":{"id":"kofun_faa9a6bdc6","name":"八百姫古墳群","kana":"やおひめこふんぐん","pref":"三重県","muni":"鈴鹿市"}},{"type":"Feature","geometry":{"type":"Point","coordinates":[136.492147,34.842403]},"properties":{"id":"kofun_ebf4198f39","name":"八野古墳群","kana":"はちのこふんぐん","pref":"三重県","muni":"鈴鹿市"}},{"type":"Feature","geometry":{"type":"Point","coordinates":[136.542743,34.907281]},"properties":{"id":"kofun_638f3a37f4","name":"石薬師付近古墳群","kana":"いしやくしふきんこふんぐん","pref":"三重県","muni":"鈴鹿市"}},{"type":"Feature","geometry":{"type":"Point","coordinates":[136.525823,34.901481]},"properties":{"id":"kofun_4c6a299671","name":"白鳥塚古墳","kana":"しらとりづかこふん","pref":"三重県","muni":"鈴鹿市"}},{"type":"Feature","geometry":{"type":"Point","coordinates":[136.509042,34.923678]},"properties":{"id":"kofun_16840d371b","name":"深溝狐塚古墳","kana":"ふかみぞきつねづかこふん","pref":"三重県","muni":"鈴鹿市"}},{"type":"Feature","geometry":{"type":"Point","coordinates":[136.47009,34.938259]},"properties":{"id":"kofun_6fe7de79c8","name":"双児塚古墳群","kana":"ふたごづかこふんぐん","pref":"三重県","muni":"鈴鹿市"}},{"type":"Feature","geometry":{"type":"Point","coordinates":[136.465746,34.91335]},"properties":{"id":"kofun_b02c3b370f","name":"四辻古墳群","kana":"よつつじこふんぐん","pref":"三重県","muni":"鈴鹿市"}},{"type":"Feature","geometry":{"type":"Point","coordinates":[136.479167,34.853533]},"properties":{"id":"kofun_4525e05fa7","name":"井尻古墳","kana":"いじりこふん","pref":"三重県","muni":"亀山市"}},{"type":"Feature","geometry":{"type":"Point","coordinates":[136.478971,34.866563]},"properties":{"id":"kofun_2d3ba4f595","name":"釣鐘山古墳","kana":"つりがねやまこふん","pref":"三重県","muni":"亀山市"}},{"type":"Feature","geometry":{"type":"Point","coordinates":[136.492398,34.868376]},"properties":{"id":"kofun_0cf58523af","name":"井田川茶臼山古墳","kana":"いだがわちやうすやまこふん","pref":"三重県","muni":"亀山市"}},{"type":"Feature","geometry":{"type":"Point","coordinates":[136.417864,34.859154]},"properties":{"id":"kofun_495dbd43c5","name":"太岡寺古墳群","kana":"たいこうじこふんぐん","pref":"三重県","muni":"亀山市"}},{"type":"Feature","geometry":{"type":"Point","coordinates":[136.406875,34.854587]},"properties":{"id":"kofun_8dbc287d53","name":"引地古墳","kana":"ひきじこふん","pref":"三重県","muni":"亀山市"}},{"type":"Feature","geometry":{"type":"Point","coordinates":[136.414156,34.852071]},"properties":{"id":"kofun_2bbfd91f85","name":"木下古墳","kana":"このしたこふん","pref":"三重県","muni":"亀山市"}},{"type":"Feature","geometry":{"type":"Point","coordinates":[136.483458,34.88736]},"properties":{"id":"kofun_177480b023","name":"能褒野古墳","kana":"のぼのこふん","pref":"三重県","muni":"亀山市"}},{"type":"Feature","geometry":{"type":"Point","coordinates":[136.474395,34.899117]},"properties":{"id":"kofun_d4a732d2d8","name":"徳原古墳群","kana":"とくはらこふんぐん","pref":"三重県","muni":"亀山市"}},{"type":"Feature","geometry":{"type":"Point","coordinates":[136.435701,34.779997]},"properties":{"id":"kofun_262071f3d6","name":"大塚古墳群","kana":"おおつかこふんぐん","pref":"三重県","muni":"津市"}},{"type":"Feature","geometry":{"type":"Point","coordinates":[136.43976,34.767308]},"properties":{"id":"kofun_8d5472ad5c","name":"明合古墳","kana":"あけあいこふん","pref":"三重県","muni":"津市"}},{"type":"Feature","geometry":{"type":"Point","coordinates":[136.420851,34.771113]},"properties":{"id":"kofun_11f56a20da","name":"大名塚古墳","kana":"おおなづかこふん","pref":"三重県","muni":"津市"}},{"type":"Feature","geometry":{"type":"Point","coordinates":[136.505433,34.725713]},"properties":{"id":"kofun_2cb7ad4d77","name":"鳥居古墳","kana":"とりいこふん","pref":"三重県","muni":"津市"}},{"type":"Feature","geometry":{"type":"Point","coordinates":[136.433252,34.733904]},"properties":{"id":"kofun_a188f991fc","name":"長谷山古墳群","kana":"はせやまこふんぐん","pref":"三重県","muni":"津市"}},{"type":"Feature","geometry":{"type":"Point","coordinates":[136.488592,34.74069]},"properties":{"id":"kofun_f4c7fa4519","name":"君ヶ口古墳","kana":"きみがぐちこふん","pref":"三重県","muni":"津市"}},{"type":"Feature","geometry":{"type":"Point","coordinates":[136.498428,34.706271]},"properties":{"id":"kofun_1cb8c10099","name":"元井池古墳","kana":"もといいけこふん","pref":"三重県","muni":"津市"}},{"type":"Feature","geometry":{"type":"Point","coordinates":[136.473367,34.714217]},"properties":{"id":"kofun_dd249a4cc5","name":"鎌切古墳群","kana":"かまきりこふんぐん","pref":"三重県","muni":"津市"}},{"type":"Feature","geometry":{"type":"Point","coordinates":[136.449926,34.718092]},"properties":{"id":"kofun_93cd109728","name":"坂本山古墳群","kana":"さかもとやまこふんぐん","pref":"三重県","muni":"津市"}},{"type":"Feature","geometry":{"type":"Point","coordinates":[136.437062,34.705144]},"properties":{"id":"kofun_de78187bbf","name":"高井古墳","kana":"たかいこふん","pref":"三重県","muni":"津市"}},{"type":"Feature","geometry":{"type":"Point","coordinates":[136.505322,34.689889]},"properties":{"id":"kofun_51ae6b0cb4","name":"池ノ谷古墳","kana":"いけのたにこふん","pref":"三重県","muni":"津市"}},{"type":"Feature","geometry":{"type":"Point","coordinates":[136.480775,34.625434]},"properties":{"id":"kofun_7531a76592","name":"天花寺赤坂古墳群","kana":"てんげいじあかさかこふんぐん","pref":"三重県","muni":"松阪市"}},{"type":"Feature","geometry":{"type":"Point","coordinates":[136.480775,34.625434]},"properties":{"id":"kofun_9e07ac727f","name":"西山古墳","kana":"にしやまこふん","pref":"三重県","muni":"松阪市"}},{"type":"Feature","geometry":{"type":"Point","coordinates":[136.470764,34.611784]},"properties":{"id":"kofun_96124e0251","name":"向山古墳","kana":"むかいやまこふん","pref":"三重県","muni":"松阪市"}},{"type":"Feature","geometry":{"type":"Point","coordinates":[136.480775,34.625434]},"properties":{"id":"kofun_7e23fab3b0","name":"筒野古墳","kana":"つつのこふん","pref":"三重県","muni":"松阪市"}},{"type":"Feature","geometry":{"type":"Point","coordinates":[136.423976,34.621794]},"properties":{"id":"kofun_1d7f1ee5e2","name":"釜生田古墳群","kana":"かもだこふんぐん","pref":"三重県","muni":"松阪市"}},{"type":"Feature","geometry":{"type":"Point","coordinates":[136.44783,34.642684]},"properties":{"id":"kofun_e38b367eae","name":"小山古墳群","kana":"おやまこふんぐん","pref":"三重県","muni":"津市"}},{"type":"Feature","geometry":{"type":"Point","coordinates":[136.441709,34.637855]},"properties":{"id":"kofun_e603a5a1d0","name":"ヒジリ谷古墳群","kana":"ひじりだにこふんぐん","pref":"三重県","muni":"津市"}},{"type":"Feature","geometry":{"type":"Point","coordinates":[136.431439,34.662714]},"properties":{"id":"kofun_328c17fdad","name":"上野山古墳群","kana":"うえのやまこふんぐん","pref":"三重県","muni":"津市"}},{"type":"Feature","geometry":{"type":"Point","coordinates":[136.408467,34.641674]},"properties":{"id":"kofun_7110674318","name":"ユガミ谷古墳群","kana":"ゆがみだにこふんぐん","pref":"三重県","muni":"津市"}},{"type":"Feature","geometry":{"type":"Point","coordinates":[136.323853,34.623119]},"properties":{"id":"kofun_49378450ce","name":"ガガフタ古墳群","kana":"ががふたこふんぐん","pref":"三重県","muni":"津市"}},{"type":"Feature","geometry":{"type":"Point","coordinates":[136.433506,34.673771]},"properties":{"id":"kofun_bcade194c1","name":"善応寺山古墳群","kana":"ぜんのうじやまこふんぐん","pref":"三重県","muni":"津市"}},{"type":"Feature","geometry":{"type":"Point","coordinates":[136.411202,34.672008]},"properties":{"id":"kofun_a2cc6c8820","name":"入田古墳","kana":"にゆうだこふん","pref":"三重県","muni":"津市"}},{"type":"Feature","geometry":{"type":"Point","coordinates":[136.472959,34.600043]},"properties":{"id":"kofun_a9b6aa77cb","name":"八幡山古墳群","kana":"はちまんやまこふんぐん","pref":"三重県","muni":"松阪市"}},{"type":"Feature","geometry":{"type":"Point","coordinates":[136.542141,34.572787]},"properties":{"id":"kofun_fa2ab76a26","name":"茶臼山古墳","kana":"ちやうすやまこふん","pref":"三重県","muni":"松阪市"}},{"type":"Feature","geometry":{"type":"Point","coordinates":[136.561481,34.549497]},"properties":{"id":"kofun_41bb7e1710","name":"高田古墳群","kana":"たかたこふんぐん","pref":"三重県","muni":"松阪市"}},{"type":"Feature","geometry":{"type":"Point","coordinates":[136.545549,34.553254]},"properties":{"id":"kofun_e1e3ab0625","name":"西野々広古墳群","kana":"にしののびろこふんぐん","pref":"三重県","muni":"松阪市"}},{"type":"Feature","geometry":{"type":"Point","coordinates":[136.545549,34.553254]},"properties":{"id":"kofun_5726c3ff39","name":"坊山古墳群","kana":"ぼうやまこふんぐん","pref":"三重県","muni":"松阪市"}},{"type":"Feature","geometry":{"type":"Point","coordinates":[136.540238,34.552512]},"properties":{"id":"kofun_d342c369f8","name":"久保古墳","kana":"くぼこふん","pref":"三重県","muni":"松阪市"}},{"type":"Feature","geometry":{"type":"Point","coordinates":[136.51568,34.550475]},"properties":{"id":"kofun_ade50171d2","name":"宝塚古墳","kana":"たからづかこふん","pref":"三重県","muni":"松阪市"}},{"type":"Feature","geometry":{"type":"Point","coordinates":[136.459421,34.572678]},"properties":{"id":"kofun_733f605a2c","name":"瑞巌寺古墳群","kana":"ずいがんじこふんぐん","pref":"三重県","muni":"松阪市"}},{"type":"Feature","geometry":{"type":"Point","coordinates":[136.460937,34.560973]},"properties":{"id":"kofun_a22f7ac913","name":"平林古墳群","kana":"ひらばやしこふんぐん","pref":"三重県","muni":"松阪市"}},{"type":"Feature","geometry":{"type":"Point","coordinates":[136.460937,34.560973]},"properties":{"id":"kofun_5f69a2770c","name":"上文珠古墳群","kana":"かみもんじゆこふんぐん","pref":"三重県","muni":"松阪市"}},{"type":"Feature","geometry":{"type":"Point","coordinates":[136.490997,34.564188]},"properties":{"id":"kofun_e3eba78603","name":"八重田古墳群","kana":"やえだこふんぐん","pref":"三重県","muni":"松阪市"}},{"type":"Feature","geometry":{"type":"Point","coordinates":[136.49973,34.54918]},"properties":{"id":"kofun_e179fc79ee","name":"立野古墳群","kana":"たちのこふんぐん","pref":"三重県","muni":"松阪市"}},{"type":"Feature","geometry":{"type":"Point","coordinates":[136.499417,34.546546]},"properties":{"id":"kofun_ae74ecb9ae","name":"浅間古墳群","kana":"せんげんこふんぐん","pref":"三重県","muni":"松阪市"}},{"type":"Feature","geometry":{"type":"Point","coordinates":[136.505919,34.547865]},"properties":{"id":"kofun_aee1649499","name":"東山古墳群","kana":"ひがしやまこふんぐん","pref":"三重県","muni":"松阪市"}},{"type":"Feature","geometry":{"type":"Point","coordinates":[136.50062,34.554955]},"properties":{"id":"kofun_181b137951","name":"高地蔵古墳群","kana":"たかじぞうこふんぐん","pref":"三重県","muni":"松阪市"}},{"type":"Feature","geometry":{"type":"Point","coordinates":[136.488592,34.549622]},"properties":{"id":"kofun_a59017224e","name":"園古墳群","kana":"そのこふんぐん","pref":"三重県","muni":"松阪市"}},{"type":"Feature","geometry":{"type":"Point","coordinates":[136.568034,34.573553]},"properties":{"id":"kofun_ff39f90c83","name":"佐久米古墳群","kana":"さくめこふんぐん","pref":"三重県","muni":"松阪市"}},{"type":"Feature","geometry":{"type":"Point","coordinates":[136.575263,34.547477]},"properties":{"id":"kofun_090d84468e","name":"天王山古墳群","kana":"てんのうやまこふんぐん","pref":"三重県","muni":"松阪市"}},{"type":"Feature","geometry":{"type":"Point","coordinates":[136.552377,34.520466]},"properties":{"id":"kofun_adfeb76dd3","name":"尾だけ古墳群","kana":"おだけこふんぐん","pref":"三重県","muni":"松阪市"}},{"type":"Feature","geometry":{"type":"Point","coordinates":[136.552377,34.520466]},"properties":{"id":"kofun_e52745c896","name":"弁天窟古墳","kana":"べんてんくつこふん","pref":"三重県","muni":"松阪市"}},{"type":"Feature","geometry":{"type":"Point","coordinates":[136.508164,34.506764]},"properties":{"id":"kofun_e63facd4b5","name":"庄古墳","kana":"しようこふん","pref":"三重県","muni":"松阪市"}},{"type":"Feature","geometry":{"type":"Point","coordinates":[136.644054,34.532929]},"properties":{"id":"kofun_bd2e4508af","name":"明星古墳群","kana":"みようじようこふんぐん","pref":"三重県","muni":"明和町"}},{"type":"Feature","geometry":{"type":"Point","coordinates":[136.60057,34.523741]},"properties":{"id":"kofun_bc976791c5","name":"神前山古墳群","kana":"かんざきやまこふんぐん","pref":"三重県","muni":"明和町"}},{"type":"Feature","geometry":{"type":"Point","coordinates":[136.60057,34.523741]},"properties":{"id":"kofun_251f9b4fe9","name":"高塚古墳","kana":"たかつかこふん","pref":"三重県","muni":"明和町"}},{"type":"Feature","geometry":{"type":"Point","coordinates":[136.60057,34.523741]},"properties":{"id":"kofun_1fc0bbcdbf","name":"上村池古墳群","kana":"うえむらいけこふんぐん","pref":"三重県","muni":"明和町"}},{"type":"Feature","geometry":{"type":"Point","coordinates":[136.60057,34.523741]},"properties":{"id":"kofun_9536ab9cee","name":"天皇山古墳群","kana":"てんのうやまこふんぐん","pref":"三重県","muni":"明和町"}},{"type":"Feature","geometry":{"type":"Point","coordinates":[136.605392,34.512349]},"properties":{"id":"kofun_532ea2e792","name":"斎宮池古墳群","kana":"さいくういけこふんぐん","pref":"三重県","muni":"明和町"}},{"type":"Feature","geometry":{"type":"Point","coordinates":[136.586107,34.517353]},"properties":{"id":"kofun_5f0e7a55d5","name":"河田古墳群","kana":"こうだこふんぐん","pref":"三重県","muni":"多気町"}},{"type":"Feature","geometry":{"type":"Point","coordinates":[136.60057,34.487682]},"properties":{"id":"kofun_ac00b294bc","name":"ぼうず山古墳群","kana":"ぼうずやまこふんぐん","pref":"三重県","muni":"玉城町"}},{"type":"Feature","geometry":{"type":"Point","coordinates":[136.669327,34.311446]},"properties":{"id":"kofun_19a56fdba0","name":"礫古墳群","kana":"さざらこふんぐん","pref":"三重県","muni":"南伊勢町"}},{"type":"Feature","geometry":{"type":"Point","coordinates":[136.752685,34.444055]},"properties":{"id":"kofun_fb460afb3d","name":"丸山古墳群","kana":"まるやまこふんぐん","pref":"三重県","muni":"伊勢市"}},{"type":"Feature","geometry":{"type":"Point","coordinates":[136.732497,34.476493]},"properties":{"id":"kofun_319c165120","name":"風呂山古墳","kana":"ふろやまこふん","pref":"三重県","muni":"伊勢市"}},{"type":"Feature","geometry":{"type":"Point","coordinates":[136.745567,34.484538]},"properties":{"id":"kofun_12fd1593ce","name":"南山古墳","kana":"みなみやまこふん","pref":"三重県","muni":"伊勢市"}},{"type":"Feature","geometry":{"type":"Point","coordinates":[136.699477,34.482383]},"properties":{"id":"kofun_43d95968ea","name":"高倉山古墳","kana":"たかくらやまこふん","pref":"三重県","muni":"伊勢市"}},{"type":"Feature","geometry":{"type":"Point","coordinates":[136.701929,34.469177]},"properties":{"id":"kofun_372247e924","name":"車塚一号墳","kana":"くるまづかいちごうふん","pref":"三重県","muni":"伊勢市"}},{"type":"Feature","geometry":{"type":"Point","coordinates":[136.720654,34.485871]},"properties":{"id":"kofun_e9f45650af","name":"尾部古墳","kana":"おぶこふん","pref":"三重県","muni":"伊勢市"}},{"type":"Feature","geometry":{"type":"Point","coordinates":[136.699216,34.523094]},"properties":{"id":"kofun_1df20b62fc","name":"丁塚古墳","kana":"ちようづかこふん","pref":"三重県","muni":"伊勢市"}},{"type":"Feature","geometry":{"type":"Point","coordinates":[136.75024,34.29626]},"properties":{"id":"kofun_f85d026aec","name":"浜島古墳群","kana":"はまじまこふんぐん","pref":"三重県","muni":"志摩市"}},{"type":"Feature","geometry":{"type":"Point","coordinates":[136.791392,34.26202]},"properties":{"id":"kofun_563a706afc","name":"野里浜古墳群","kana":"のりはまこふんぐん","pref":"三重県","muni":"志摩市"}},{"type":"Feature","geometry":{"type":"Point","coordinates":[136.882226,34.298271]},"properties":{"id":"kofun_ee259db093","name":"泊古墳","kana":"とまりこふん","pref":"三重県","muni":"志摩市"}},{"type":"Feature","geometry":{"type":"Point","coordinates":[136.880231,34.279891]},"properties":{"id":"kofun_c66b58c41a","name":"塚原古墳","kana":"つかはらこふん","pref":"三重県","muni":"志摩市"}},{"type":"Feature","geometry":{"type":"Point","coordinates":[136.88818,34.311172]},"properties":{"id":"kofun_81ee43eb3f","name":"志島古墳群","kana":"しじまこふんぐん","pref":"三重県","muni":"志摩市"}},{"type":"Feature","geometry":{"type":"Point","coordinates":[136.871317,34.376148]},"properties":{"id":"kofun_213c96b04f","name":"鍋田古墳群","kana":"なべたこふんぐん","pref":"三重県","muni":"志摩市"}},{"type":"Feature","geometry":{"type":"Point","coordinates":[136.898153,34.526291]},"properties":{"id":"kofun_db12efd868","name":"蟹穴古墳","kana":"がにあなこふん","pref":"三重県","muni":"鳥羽市"}},{"type":"Feature","geometry":{"type":"Point","coordinates":[136.855177,34.47185]},"properties":{"id":"kofun_3844568995","name":"松の鼻古墳","kana":"まつのはなこふん","pref":"三重県","muni":"鳥羽市"}},{"type":"Feature","geometry":{"type":"Point","coordinates":[136.637953,35.080753]},"properties":{"id":"kofun_0621a743ce","name":"辻堂古墳","kana":"つじどうこふん","pref":"三重県","muni":"桑名市"}},{"type":"Feature","geometry":{"type":"Point","coordinates":[136.234504,34.768292]},"properties":{"id":"kofun_1191afdefb","name":"鳴塚古墳","kana":"なるづかこふん","pref":"三重県","muni":"伊賀市"}},{"type":"Feature","geometry":{"type":"Point","coordinates":[136.209509,34.774614]},"properties":{"id":"kofun_2bf6c7bee8","name":"寺音寺古墳","kana":"じおんじこふん","pref":"三重県","muni":"伊賀市"}},{"type":"Feature","geometry":{"type":"Point","coordinates":[136.221115,34.839677]},"properties":{"id":"kofun_d91ea2483e","name":"筒御前古墳","kana":"つつごぜんこふん","pref":"三重県","muni":"伊賀市"}},{"type":"Feature","geometry":{"type":"Point","coordinates":[136.2259,34.810502]},"properties":{"id":"kofun_4437f4606d","name":"菰池古墳群","kana":"こもいけこふんぐん","pref":"三重県","muni":"伊賀市"}},{"type":"Feature","geometry":{"type":"Point","coordinates":[136.17629,34.825787]},"properties":{"id":"kofun_344e0850b9","name":"御旅古墳","kana":"おたびこふん","pref":"三重県","muni":"伊賀市"}},{"type":"Feature","geometry":{"type":"Point","coordinates":[136.160971,34.813006]},"properties":{"id":"kofun_652a474489","name":"上丸川古墳群","kana":"かみまるかわこふんぐん","pref":"三重県","muni":"伊賀市"}},{"type":"Feature","geometry":{"type":"Point","coordinates":[136.152042,34.822363]},"properties":{"id":"kofun_ff5e80040b","name":"波敷野古墳群","kana":"はじきのこふんぐん","pref":"三重県","muni":"伊賀市"}},{"type":"Feature","geometry":{"type":"Point","coordinates":[136.17903,34.770054]},"properties":{"id":"kofun_d18eed02a2","name":"車塚古墳","kana":"くるまづかこふん","pref":"三重県","muni":"伊賀市"}},{"type":"Feature","geometry":{"type":"Point","coordinates":[136.173344,34.801969]},"properties":{"id":"kofun_02e25a2c50","name":"御墓山古墳","kana":"おはかやまこふん","pref":"三重県","muni":"伊賀市"}},{"type":"Feature","geometry":{"type":"Point","coordinates":[136.160211,34.808045]},"properties":{"id":"kofun_bf60f6d8c1","name":"外山古墳群","kana":"とやまこふんぐん","pref":"三重県","muni":"伊賀市"}},{"type":"Feature","geometry":{"type":"Point","coordinates":[136.048705,33.81439]},"properties":{"id":"kofun_24c8cd46e0","name":"勘定塚古墳","kana":"かんじようづかこふん","pref":"三重県","muni":"御浜町"}},{"type":"Feature","geometry":{"type":"Point","coordinates":[136.518817,34.601507]},"properties":{"id":"kofun_c72add021c","name":"久米山古墳群","kana":"くめやまこふんぐん","pref":"三重県","muni":"松阪市"}},{"type":"Feature","geometry":{"type":"Point","coordinates":[136.172942,34.707725]},"properties":{"id":"kofun_7b15d9f222","name":"石山古墳","kana":"いしやまこふん","pref":"三重県","muni":"伊賀市"}},{"type":"Feature","geometry":{"type":"Point","coordinates":[136.139842,34.67782]},"properties":{"id":"kofun_e4d0d952c7","name":"わき塚一号・二号墳","kana":"わきづかいちごう・にごうふん","pref":"三重県","muni":"伊賀市"}},{"type":"Feature","geometry":{"type":"Point","coordinates":[136.221115,34.741196]},"properties":{"id":"kofun_2ae63b6e7a","name":"高猿古墳群","kana":"たかざるこふんぐん","pref":"三重県","muni":"伊賀市"}},{"type":"Feature","geometry":{"type":"Point","coordinates":[136.164352,34.662962]},"properties":{"id":"kofun_9786c29d9c","name":"塚原古墳","kana":"つかはらこふん","pref":"三重県","muni":"伊賀市"}},{"type":"Feature","geometry":{"type":"Point","coordinates":[136.133496,34.663274]},"properties":{"id":"kofun_173f62ed77","name":"美旗古墳群","kana":"みはたこふんぐん","pref":"三重県","muni":"名張市"}},{"type":"Feature","geometry":{"type":"Point","coordinates":[136.094008,34.599453]},"properties":{"id":"kofun_c1219ddf34","name":"根冷四号墳","kana":"ねべよんごうふん","pref":"三重県","muni":"名張市"}},{"type":"Feature","geometry":{"type":"Point","coordinates":[136.106417,34.618004]},"properties":{"id":"kofun_708cd27f00","name":"男山古墳群","kana":"おとこやまこふんぐん","pref":"三重県","muni":"名張市"}},{"type":"Feature","geometry":{"type":"Point","coordinates":[136.097454,34.607414]},"properties":{"id":"kofun_cee0a8f7ce","name":"中村古墳群","kana":"なかむらこふんぐん","pref":"三重県","muni":"名張市"}},{"type":"Feature","geometry":{"type":"Point","coordinates":[136.059842,34.595083]},"properties":{"id":"kofun_8646b4780e","name":"鹿高神社古墳","kana":"かたかじんじやこふん","pref":"三重県","muni":"名張市"}},{"type":"Feature","geometry":{"type":"Point","coordinates":[136.090905,34.594229]},"properties":{"id":"kofun_e07f672c31","name":"尻矢古墳群","kana":"しりやこふんぐん","pref":"三重県","muni":"名張市"}},{"type":"Feature","geometry":{"type":"Point","coordinates":[136.075619,34.586393]},"properties":{"id":"kofun_bca7de1a53","name":"宮山古墳","kana":"みややまこふん","pref":"三重県","muni":"名張市"}},{"type":"Feature","geometry":{"type":"Point","coordinates":[136.048705,33.81439]},"properties":{"id":"kofun_d47ff24bbf","name":"横城古墳","kana":"よこじろこふん","pref":"三重県","muni":"御浜町"}},{"type":"Feature","geometry":{"type":"Point","coordinates":[135.919759,35.144219]},"properties":{"id":"kofun_a34ecc71d3","name":"唐臼山古墳","kana":"からうすやまこふん","pref":"滋賀県","muni":"大津市"}},{"type":"Feature","geometry":{"type":"Point","coordinates":[135.913021,35.143496]},"properties":{"id":"kofun_fef37c5c17","name":"和邇大塚山古墳","kana":"わにおおつかやまこふん","pref":"滋賀県","muni":"大津市"}},{"type":"Feature","geometry":{"type":"Point","coordinates":[136.056321,35.329201]},"properties":{"id":"kofun_70e322d481","name":"小野古墳群","kana":"おのこふんぐん","pref":"滋賀県","muni":"高島市"}},{"type":"Feature","geometry":{"type":"Point","coordinates":[135.850667,35.028466]},"properties":{"id":"kofun_e9ea9554a1","name":"皇子山古墳群","kana":"おうじやまこふんぐん","pref":"滋賀県","muni":"大津市"}},{"type":"Feature","geometry":{"type":"Point","coordinates":[135.854677,35.043433]},"properties":{"id":"kofun_c00d3fdf89","name":"太鼓塚古墳群","kana":"たいこづかこふんぐん","pref":"滋賀県","muni":"大津市"}},{"type":"Feature","geometry":{"type":"Point","coordinates":[135.853786,35.047187]},"properties":{"id":"kofun_3157d7cafc","name":"大通寺古墳群","kana":"だいつうじこふんぐん","pref":"滋賀県","muni":"大津市"}},{"type":"Feature","geometry":{"type":"Point","coordinates":[135.883641,34.990307]},"properties":{"id":"kofun_a03cb2416d","name":"茶臼山古墳","kana":"ちやうすやまこふん","pref":"滋賀県","muni":"大津市"}},{"type":"Feature","geometry":{"type":"Point","coordinates":[135.865661,35.073918]},"properties":{"id":"kofun_d12c05269e","name":"日吉古墳群","kana":"ひよしこふんぐん","pref":"滋賀県","muni":"大津市"}},{"type":"Feature","geometry":{"type":"Point","coordinates":[135.851611,35.055833]},"properties":{"id":"kofun_eecabdc5bf","name":"壺笠山古墳","kana":"つぼかさやまこふん","pref":"滋賀県","muni":"大津市"}},{"type":"Feature","geometry":{"type":"Point","coordinates":[135.862256,35.058329]},"properties":{"id":"kofun_2c1e516b7d","name":"穴太野添古墳群","kana":"あのうのぞえこふんぐん","pref":"滋賀県","muni":"大津市"}},{"type":"Feature","geometry":{"type":"Point","coordinates":[135.886738,35.075707]},"properties":{"id":"kofun_8473ec0392","name":"木の岡古墳群","kana":"このおかこふんぐん","pref":"滋賀県","muni":"大津市"}},{"type":"Feature","geometry":{"type":"Point","coordinates":[135.900998,35.099024]},"properties":{"id":"kofun_a716aa1180","name":"出口古墳群","kana":"でぐちこふんぐん","pref":"滋賀県","muni":"大津市"}},{"type":"Feature","geometry":{"type":"Point","coordinates":[135.905752,35.112307]},"properties":{"id":"kofun_45ccf62b51","name":"西羅古墳群","kana":"にしらこふんぐん","pref":"滋賀県","muni":"大津市"}},{"type":"Feature","geometry":{"type":"Point","coordinates":[135.911991,35.142104]},"properties":{"id":"kofun_147be279f8","name":"曼陀羅山古墳群","kana":"まんだらやまこふんぐん","pref":"滋賀県","muni":"大津市"}},{"type":"Feature","geometry":{"type":"Point","coordinates":[135.906526,35.121014]},"properties":{"id":"kofun_7af20ad7e5","name":"春日山古墳群","kana":"かすがやまこふんぐん","pref":"滋賀県","muni":"大津市"}},{"type":"Feature","geometry":{"type":"Point","coordinates":[135.892872,34.965815]},"properties":{"id":"kofun_9a30131d79","name":"国分大塚古墳","kana":"こくぶおおつかこふん","pref":"滋賀県","muni":"大津市"}},{"type":"Feature","geometry":{"type":"Point","coordinates":[135.91942,34.956648]},"properties":{"id":"kofun_705bf9a21c","name":"横尾山古墳群","kana":"よこおやまこふんぐん","pref":"滋賀県","muni":"大津市"}},{"type":"Feature","geometry":{"type":"Point","coordinates":[135.915185,34.98102]},"properties":{"id":"kofun_b9a122e906","name":"若松神社境内古墳","kana":"わかまつじんじやけいだいこふん","pref":"滋賀県","muni":"大津市"}},{"type":"Feature","geometry":{"type":"Point","coordinates":[135.912493,34.944326]},"properties":{"id":"kofun_71b420e281","name":"大日山古墳群","kana":"だいにちやまこふんぐん","pref":"滋賀県","muni":"大津市"}},{"type":"Feature","geometry":{"type":"Point","coordinates":[135.990798,35.018034]},"properties":{"id":"kofun_4723104c9b","name":"下味古墳","kana":"したみこふん","pref":"滋賀県","muni":"栗東市"}},{"type":"Feature","geometry":{"type":"Point","coordinates":[135.99709,35.020401]},"properties":{"id":"kofun_2f702bd9d9","name":"椿山古墳","kana":"つばきやまこふん","pref":"滋賀県","muni":"栗東市"}},{"type":"Feature","geometry":{"type":"Point","coordinates":[136.001514,35.017329]},"properties":{"id":"kofun_ff4c4b77bf","name":"新開古墳","kana":"しんがいこふん","pref":"滋賀県","muni":"栗東市"}},{"type":"Feature","geometry":{"type":"Point","coordinates":[136.018046,35.024658]},"properties":{"id":"kofun_ed39f4fc27","name":"岡山古墳","kana":"おかやまこふん","pref":"滋賀県","muni":"栗東市"}},{"type":"Feature","geometry":{"type":"Point","coordinates":[136.031293,35.025267]},"properties":{"id":"kofun_f26f0e84dc","name":"金山古墳群","kana":"かなやまこふんぐん","pref":"滋賀県","muni":"栗東市"}},{"type":"Feature","geometry":{"type":"Point","coordinates":[136.000677,35.043295]},"properties":{"id":"kofun_e3d753ad27","name":"出庭亀塚古墳","kana":"でばかめづかこふん","pref":"滋賀県","muni":"栗東市"}},{"type":"Feature","geometry":{"type":"Point","coordinates":[135.962106,35.003674]},"properties":{"id":"kofun_f60edcb8bc","name":"追分古墳","kana":"おいわけこふん","pref":"滋賀県","muni":"草津市"}},{"type":"Feature","geometry":{"type":"Point","coordinates":[135.988483,35.00575]},"properties":{"id":"kofun_f895449ea2","name":"北谷古墳群","kana":"きただにこふんぐん","pref":"滋賀県","muni":"草津市"}},{"type":"Feature","geometry":{"type":"Point","coordinates":[135.940284,34.993915]},"properties":{"id":"kofun_cd6e8e159e","name":"南笠古墳群","kana":"みなみがさこふんぐん","pref":"滋賀県","muni":"草津市"}},{"type":"Feature","geometry":{"type":"Point","coordinates":[135.929225,35.022867]},"properties":{"id":"kofun_66ce7732f7","name":"大宮若松神社古墳","kana":"おおみやわかまつじんじやこふん","pref":"滋賀県","muni":"草津市"}},{"type":"Feature","geometry":{"type":"Point","coordinates":[136.056321,35.329201]},"properties":{"id":"kofun_293d1ffe19","name":"狐栗古墳群","kana":"きつねぐりこふんぐん","pref":"滋賀県","muni":"高島市"}},{"type":"Feature","geometry":{"type":"Point","coordinates":[136.126503,34.974115]},"properties":{"id":"kofun_ed4d1ad370","name":"園養山古墳群","kana":"おんようざんこふんぐん","pref":"滋賀県","muni":"湖南市"}},{"type":"Feature","geometry":{"type":"Point","coordinates":[136.083141,35.017811]},"properties":{"id":"kofun_79e3ec0da4","name":"正福寺古墳群","kana":"しようふくじこふんぐん","pref":"滋賀県","muni":"湖南市"}},{"type":"Feature","geometry":{"type":"Point","coordinates":[136.071778,34.899415]},"properties":{"id":"kofun_c939574f3c","name":"勅旨古墳群","kana":"ちよくしこふんぐん","pref":"滋賀県","muni":"甲賀市"}},{"type":"Feature","geometry":{"type":"Point","coordinates":[136.133872,34.982481]},"properties":{"id":"kofun_4408b49ba9","name":"泉古墳群","kana":"いずみこふんぐん","pref":"滋賀県","muni":"甲賀市"}},{"type":"Feature","geometry":{"type":"Point","coordinates":[136.035108,35.056628]},"properties":{"id":"kofun_34bdb291da","name":"三上神社古墳群","kana":"みかみじんじやこふんぐん","pref":"滋賀県","muni":"野洲市"}},{"type":"Feature","geometry":{"type":"Point","coordinates":[136.044794,35.044455]},"properties":{"id":"kofun_adf99affd8","name":"北桜古墳群","kana":"きたざくらこふんぐん","pref":"滋賀県","muni":"野洲市"}},{"type":"Feature","geometry":{"type":"Point","coordinates":[136.041701,35.072371]},"properties":{"id":"kofun_b450125ac2","name":"大岩山古墳群","kana":"おおいわやまこふんぐん","pref":"滋賀県","muni":"野洲市"}},{"type":"Feature","geometry":{"type":"Point","coordinates":[136.040311,35.064829]},"properties":{"id":"kofun_bf1e4beeb3","name":"田中山古墳群","kana":"たなかやまこふんぐん","pref":"滋賀県","muni":"野洲市"}},{"type":"Feature","geometry":{"type":"Point","coordinates":[136.031909,35.064252]},"properties":{"id":"kofun_6c9588365c","name":"越前塚古墳","kana":"こしまえづかこふん","pref":"滋賀県","muni":"野洲市"}},{"type":"Feature","geometry":{"type":"Point","coordinates":[136.025888,35.102924]},"properties":{"id":"kofun_85bbecf7f9","name":"木部天神前古墳","kana":"きべてんじんまえこふん","pref":"滋賀県","muni":"野洲市"}},{"type":"Feature","geometry":{"type":"Point","coordinates":[136.006278,35.108559]},"properties":{"id":"kofun_e307f56338","name":"御明田古墳群","kana":"ごみようたこふんぐん","pref":"滋賀県","muni":"野洲市"}},{"type":"Feature","geometry":{"type":"Point","coordinates":[136.217527,35.022438]},"properties":{"id":"kofun_e75ce1b95d","name":"小御門古墳群","kana":"こみかどこふんぐん","pref":"滋賀県","muni":"日野町"}},{"type":"Feature","geometry":{"type":"Point","coordinates":[136.167316,35.042204]},"properties":{"id":"kofun_c4ee33d957","name":"木村古墳群","kana":"きむらこふんぐん","pref":"滋賀県","muni":"東近江市"}},{"type":"Feature","geometry":{"type":"Point","coordinates":[136.139842,35.071058]},"properties":{"id":"kofun_3ee00c01f0","name":"天神山古墳","kana":"てんじんやまこふん","pref":"滋賀県","muni":"竜王町"}},{"type":"Feature","geometry":{"type":"Point","coordinates":[136.102464,35.059857]},"properties":{"id":"kofun_fa41aad6aa","name":"岩屋古墳","kana":"いわやこふん","pref":"滋賀県","muni":"竜王町"}},{"type":"Feature","geometry":{"type":"Point","coordinates":[136.128755,35.044495]},"properties":{"id":"kofun_e3d19b4ae6","name":"雨宮古墳","kana":"あまみやこふん","pref":"滋賀県","muni":"竜王町"}},{"type":"Feature","geometry":{"type":"Point","coordinates":[136.13626,35.130733]},"properties":{"id":"kofun_8a9cae1964","name":"常楽寺山一号墳","kana":"じようらくじやまいちごうふん","pref":"滋賀県","muni":"近江八幡市"}},{"type":"Feature","geometry":{"type":"Point","coordinates":[136.148381,35.142126]},"properties":{"id":"kofun_e15164dbc9","name":"瓢箪山古墳","kana":"ひようたんやまこふん","pref":"滋賀県","muni":"近江八幡市"}},{"type":"Feature","geometry":{"type":"Point","coordinates":[136.114771,35.105414]},"properties":{"id":"kofun_93855a8d78","name":"千僧供古墳群","kana":"せんぞくこふんぐん","pref":"滋賀県","muni":"近江八幡市"}},{"type":"Feature","geometry":{"type":"Point","coordinates":[136.122748,35.093981]},"properties":{"id":"kofun_ef7a0956ab","name":"倉橋部古墳群","kana":"くらはしべこふんぐん","pref":"滋賀県","muni":"近江八幡市"}},{"type":"Feature","geometry":{"type":"Point","coordinates":[136.145798,35.076459]},"properties":{"id":"kofun_9cf64ac6f4","name":"新巻古墳群","kana":"しんまきこふんぐん","pref":"滋賀県","muni":"東近江市"}},{"type":"Feature","geometry":{"type":"Point","coordinates":[136.078977,35.095892]},"properties":{"id":"kofun_133f17e3e8","name":"上野古墳群","kana":"うえのこふんぐん","pref":"滋賀県","muni":"近江八幡市"}},{"type":"Feature","geometry":{"type":"Point","coordinates":[136.045152,35.138482]},"properties":{"id":"kofun_bc62b1f1b1","name":"岡山古墳群","kana":"おかやまこふんぐん","pref":"滋賀県","muni":"近江八幡市"}},{"type":"Feature","geometry":{"type":"Point","coordinates":[136.155369,35.168339]},"properties":{"id":"kofun_52b3c12a65","name":"繖山古墳群","kana":"きぬがさやまこふんぐん","pref":"滋賀県","muni":"東近江市"}},{"type":"Feature","geometry":{"type":"Point","coordinates":[136.179267,35.15686]},"properties":{"id":"kofun_6a95a1d6fe","name":"丸山古墳群","kana":"まるやまこふんぐん","pref":"滋賀県","muni":"東近江市"}},{"type":"Feature","geometry":{"type":"Point","coordinates":[136.17041,35.1544]},"properties":{"id":"kofun_27dc6d2a07","name":"狐塚古墳群","kana":"きつねづかこふんぐん","pref":"滋賀県","muni":"東近江市"}},{"type":"Feature","geometry":{"type":"Point","coordinates":[136.14524,35.082468]},"properties":{"id":"kofun_3487375d7e","name":"八幡社古墳群","kana":"はちまんしやこふんぐん","pref":"滋賀県","muni":"東近江市"}},{"type":"Feature","geometry":{"type":"Point","coordinates":[136.145798,35.076459]},"properties":{"id":"kofun_707701a003","name":"雪野山古墳","kana":"ゆきのやまこふん","pref":"滋賀県","muni":"東近江市"}},{"type":"Feature","geometry":{"type":"Point","coordinates":[136.235471,35.114214]},"properties":{"id":"kofun_d52f4b8a3a","name":"上岸本古墳群","kana":"かみぎしもとこふんぐん","pref":"滋賀県","muni":"東近江市"}},{"type":"Feature","geometry":{"type":"Point","coordinates":[136.235471,35.154361]},"properties":{"id":"kofun_b1d61caabe","name":"勝堂古墳群","kana":"しようどうこふんぐん","pref":"滋賀県","muni":"東近江市"}},{"type":"Feature","geometry":{"type":"Point","coordinates":[136.274374,35.15572]},"properties":{"id":"kofun_20383c6454","name":"金剛寺野古墳群","kana":"こんごうじのこふんぐん","pref":"滋賀県","muni":"愛荘町"}},{"type":"Feature","geometry":{"type":"Point","coordinates":[136.211546,35.156947]},"properties":{"id":"kofun_e3eb7c195f","name":"塚原古墳","kana":"つかはらこふん","pref":"滋賀県","muni":"愛荘町"}},{"type":"Feature","geometry":{"type":"Point","coordinates":[136.278566,35.187161]},"properties":{"id":"kofun_7da041d3ea","name":"外輪古墳群","kana":"とがわこふんぐん","pref":"滋賀県","muni":"甲良町"}},{"type":"Feature","geometry":{"type":"Point","coordinates":[136.294137,35.315646]},"properties":{"id":"kofun_e27cf479a6","name":"石淵山古墳群","kana":"いしぶちやまこふんぐん","pref":"滋賀県","muni":"米原市"}},{"type":"Feature","geometry":{"type":"Point","coordinates":[136.340428,35.435807]},"properties":{"id":"kofun_49a0eb5bb6","name":"塚原古墳群","kana":"つかはらこふんぐん","pref":"滋賀県","muni":"長浜市"}},{"type":"Feature","geometry":{"type":"Point","coordinates":[136.056321,35.329201]},"properties":{"id":"kofun_a7773366ff","name":"塚の越古墳","kana":"つかのこしこふん","pref":"滋賀県","muni":"高島市"}},{"type":"Feature","geometry":{"type":"Point","coordinates":[136.322133,35.330118]},"properties":{"id":"kofun_51a546299e","name":"山津照神社古墳","kana":"やまつてるじんじやこふん","pref":"滋賀県","muni":"米原市"}},{"type":"Feature","geometry":{"type":"Point","coordinates":[136.313308,35.346561]},"properties":{"id":"kofun_db1674ba3f","name":"緒頭山古墳群","kana":"もろとうやまこふんぐん","pref":"滋賀県","muni":"長浜市"}},{"type":"Feature","geometry":{"type":"Point","coordinates":[136.298929,35.395734]},"properties":{"id":"kofun_acc1668b65","name":"越前塚古墳群","kana":"こしまえづかこふんぐん","pref":"滋賀県","muni":"長浜市"}},{"type":"Feature","geometry":{"type":"Point","coordinates":[136.329405,35.40737]},"properties":{"id":"kofun_16ea1be964","name":"龍ヶ鼻古墳群","kana":"たつがはなこふんぐん","pref":"滋賀県","muni":"長浜市"}},{"type":"Feature","geometry":{"type":"Point","coordinates":[136.328814,35.403572]},"properties":{"id":"kofun_ab293efb90","name":"垣籠古墳","kana":"かいごめこふん","pref":"滋賀県","muni":"長浜市"}},{"type":"Feature","geometry":{"type":"Point","coordinates":[136.262824,35.429668]},"properties":{"id":"kofun_7246041eb0","name":"丸山古墳","kana":"まるやまこふん","pref":"滋賀県","muni":"長浜市"}},{"type":"Feature","geometry":{"type":"Point","coordinates":[136.213939,35.440717]},"properties":{"id":"kofun_5da61b3daf","name":"若宮山古墳","kana":"わかみややまこふん","pref":"滋賀県","muni":"長浜市"}},{"type":"Feature","geometry":{"type":"Point","coordinates":[136.253423,35.444136]},"properties":{"id":"kofun_6c02a4b81b","name":"四郷崎古墳","kana":"しごうさきこふん","pref":"滋賀県","muni":"長浜市"}},{"type":"Feature","geometry":{"type":"Point","coordinates":[136.195751,35.467404]},"properties":{"id":"kofun_fa24cac59e","name":"古保利古墳群","kana":"こぼりこふんぐん","pref":"滋賀県","muni":"長浜市"}},{"type":"Feature","geometry":{"type":"Point","coordinates":[136.217527,35.470119]},"properties":{"id":"kofun_4429891955","name":"物部古墳群","kana":"ものべこふんぐん","pref":"滋賀県","muni":"長浜市"}},{"type":"Feature","geometry":{"type":"Point","coordinates":[136.217527,35.490113]},"properties":{"id":"kofun_6086ae34c9","name":"湧出山古墳","kana":"ゆるぎやまこふん","pref":"滋賀県","muni":"長浜市"}},{"type":"Feature","geometry":{"type":"Point","coordinates":[136.21633,35.510672]},"properties":{"id":"kofun_e690618839","name":"黒田長野古墳群","kana":"くろだながのこふんぐん","pref":"滋賀県","muni":"長浜市"}},{"type":"Feature","geometry":{"type":"Point","coordinates":[136.211546,35.544028]},"properties":{"id":"kofun_3dd75e8744","name":"鉛練古墳","kana":"えれこふん","pref":"滋賀県","muni":"長浜市"}},{"type":"Feature","geometry":{"type":"Point","coordinates":[136.21633,35.523995]},"properties":{"id":"kofun_d9058b7650","name":"黒田長山古墳群","kana":"くろだながやまこふんぐん","pref":"滋賀県","muni":"長浜市"}},{"type":"Feature","geometry":{"type":"Point","coordinates":[136.154175,35.526869]},"properties":{"id":"kofun_6c5d4fb2c1","name":"塩津丸山古墳群","kana":"しおつまるやまこふんぐん","pref":"滋賀県","muni":"長浜市"}},{"type":"Feature","geometry":{"type":"Point","coordinates":[136.030507,35.487515]},"properties":{"id":"kofun_dd649e92a2","name":"斎頼塚","kana":"しようらいづか","pref":"滋賀県","muni":"高島市"}},{"type":"Feature","geometry":{"type":"Point","coordinates":[136.039354,35.491631]},"properties":{"id":"kofun_0b4274ce71","name":"北牧野古墳群","kana":"きたまきのこふんぐん","pref":"滋賀県","muni":"高島市"}},{"type":"Feature","geometry":{"type":"Point","coordinates":[136.02057,35.417268]},"properties":{"id":"kofun_93f16c2f08","name":"妙見山古墳群","kana":"みようけんやまこふんぐん","pref":"滋賀県","muni":"高島市"}},{"type":"Feature","geometry":{"type":"Point","coordinates":[136.024771,35.361319]},"properties":{"id":"kofun_e74ff54a7a","name":"熊野本古墳群","kana":"くまのもとこふんぐん","pref":"滋賀県","muni":"高島市"}},{"type":"Feature","geometry":{"type":"Point","coordinates":[136.012045,35.353929]},"properties":{"id":"kofun_4c0115348f","name":"下平古墳群","kana":"しもだいらこふんぐん","pref":"滋賀県","muni":"高島市"}},{"type":"Feature","geometry":{"type":"Point","coordinates":[136.015933,35.322182]},"properties":{"id":"kofun_db55fba74a","name":"胞衣塚","kana":"えなづか","pref":"滋賀県","muni":"高島市"}},{"type":"Feature","geometry":{"type":"Point","coordinates":[136.006678,35.340138]},"properties":{"id":"kofun_7d3d79a49c","name":"田中王塚古墳","kana":"たなかおうづかこふん","pref":"滋賀県","muni":"高島市"}},{"type":"Feature","geometry":{"type":"Point","coordinates":[135.965804,35.372325]},"properties":{"id":"kofun_f273fd78cf","name":"下井古墳群","kana":"したいこふんぐん","pref":"滋賀県","muni":"高島市"}},{"type":"Feature","geometry":{"type":"Point","coordinates":[136.001318,35.297789]},"properties":{"id":"kofun_68d7a0442b","name":"音羽古墳群","kana":"おとわこふんぐん","pref":"滋賀県","muni":"高島市"}},{"type":"Feature","geometry":{"type":"Point","coordinates":[136.014277,35.317053]},"properties":{"id":"kofun_89b470ecbc","name":"稲荷山古墳","kana":"いなりやまこふん","pref":"滋賀県","muni":"高島市"}},{"type":"Feature","geometry":{"type":"Point","coordinates":[135.794467,34.749099]},"properties":{"id":"kofun_5e9bf67596","name":"吐師七ッ塚古墳","kana":"はぜななつづかこふん","pref":"京都府","muni":"木津川市"}},{"type":"Feature","geometry":{"type":"Point","coordinates":[135.817839,34.7621]},"properties":{"id":"kofun_9317097013","name":"椿井大塚山古墳","kana":"つばいおおつかやまこふん","pref":"京都府","muni":"木津川市"}},{"type":"Feature","geometry":{"type":"Point","coordinates":[135.77113,34.997417]},"properties":{"id":"kofun_6bf81f0397","name":"平尾城山古墳","kana":"ひらおじようやまこふん","pref":"京都府","muni":"京都市 東山区"}},{"type":"Feature","geometry":{"type":"Point","coordinates":[135.749498,34.830677]},"properties":{"id":"kofun_811946b020","name":"大住古墳群","kana":"おおすみこふんぐん","pref":"京都府","muni":"京田辺市"}},{"type":"Feature","geometry":{"type":"Point","coordinates":[135.77878,34.808164]},"properties":{"id":"kofun_b9ab47317d","name":"興戸古墳群","kana":"こうどこふんぐん","pref":"京都府","muni":"京田辺市"}},{"type":"Feature","geometry":{"type":"Point","coordinates":[135.791475,34.805696]},"properties":{"id":"kofun_6043be9b39","name":"飯岡古墳群","kana":"いのおかこふんぐん","pref":"京都府","muni":"京田辺市"}},{"type":"Feature","geometry":{"type":"Point","coordinates":[135.702146,34.864494]},"properties":{"id":"kofun_8203c5ce83","name":"車塚","kana":"くるまづか","pref":"京都府","muni":"八幡市"}},{"type":"Feature","geometry":{"type":"Point","coordinates":[135.778621,34.864936]},"properties":{"id":"kofun_e2ed5c347a","name":"久津川古墳群","kana":"くつかわこふんぐん","pref":"京都府","muni":"城陽市"}},{"type":"Feature","geometry":{"type":"Point","coordinates":[135.812255,34.89476]},"properties":{"id":"kofun_3cf3e05433","name":"二子山古墳","kana":"ふたごやまこふん","pref":"京都府","muni":"宇治市"}},{"type":"Feature","geometry":{"type":"Point","coordinates":[135.677606,34.911839]},"properties":{"id":"kofun_3552d00453","name":"鳥居前古墳","kana":"とりいまえこふん","pref":"京都府","muni":"大山崎町"}},{"type":"Feature","geometry":{"type":"Point","coordinates":[135.696159,34.910102]},"properties":{"id":"kofun_119db2150c","name":"境野古墳群","kana":"さかいのこふんぐん","pref":"京都府","muni":"大山崎町"}},{"type":"Feature","geometry":{"type":"Point","coordinates":[135.697577,34.914658]},"properties":{"id":"kofun_7a46085983","name":"恵解山古墳","kana":"いげのやまこふん","pref":"京都府","muni":"長岡京市"}},{"type":"Feature","geometry":{"type":"Point","coordinates":[135.677301,34.921506]},"properties":{"id":"kofun_6b45edb443","name":"走田古墳群","kana":"はしりだこふんぐん","pref":"京都府","muni":"長岡京市"}},{"type":"Feature","geometry":{"type":"Point","coordinates":[135.677301,34.921506]},"properties":{"id":"kofun_b58389794f","name":"大原古墳群","kana":"おおはらこふんぐん","pref":"京都府","muni":"長岡京市"}},{"type":"Feature","geometry":{"type":"Point","coordinates":[135.675253,34.931204]},"properties":{"id":"kofun_73272510cd","name":"長法寺南原古墳","kana":"ちようほうじみなみはらこふん","pref":"京都府","muni":"長岡京市"}},{"type":"Feature","geometry":{"type":"Point","coordinates":[135.675253,34.931204]},"properties":{"id":"kofun_bdb330bf03","name":"南原古墳群","kana":"みなみはらこふんぐん","pref":"京都府","muni":"長岡京市"}},{"type":"Feature","geometry":{"type":"Point","coordinates":[135.675162,34.931872]},"properties":{"id":"kofun_327f03caa4","name":"稲荷山古墳群","kana":"いなりやまこふんぐん","pref":"京都府","muni":"長岡京市"}},{"type":"Feature","geometry":{"type":"Point","coordinates":[135.675162,34.931872]},"properties":{"id":"kofun_5d3aea3316","name":"七ッ塚古墳群","kana":"ななつづかこふんぐん","pref":"京都府","muni":"長岡京市"}},{"type":"Feature","geometry":{"type":"Point","coordinates":[135.683737,34.941636]},"properties":{"id":"kofun_b46e240c32","name":"稲荷塚古墳","kana":"いなりづかこふん","pref":"京都府","muni":"長岡京市"}},{"type":"Feature","geometry":{"type":"Point","coordinates":[135.680847,34.944016]},"properties":{"id":"kofun_3368b0a72f","name":"井ノ内車塚古墳","kana":"いのうちくるまづかこふん","pref":"京都府","muni":"長岡京市"}},{"type":"Feature","geometry":{"type":"Point","coordinates":[135.679456,34.944606]},"properties":{"id":"kofun_428d5fd35c","name":"芝古墳群","kana":"しばこふんぐん","pref":"京都府","muni":"長岡京市"}},{"type":"Feature","geometry":{"type":"Point","coordinates":[135.68699,34.937294]},"properties":{"id":"kofun_a35395fbc2","name":"今里車塚古墳","kana":"いまざとくるまづかこふん","pref":"京都府","muni":"長岡京市"}},{"type":"Feature","geometry":{"type":"Point","coordinates":[135.686539,34.929966]},"properties":{"id":"kofun_fa7efe76e5","name":"今里大塚古墳","kana":"いまざとおおつかこふん","pref":"京都府","muni":"長岡京市"}},{"type":"Feature","geometry":{"type":"Point","coordinates":[135.689235,34.926205]},"properties":{"id":"kofun_1f682956c6","name":"開田古墳","kana":"かいでんこふん","pref":"京都府","muni":"長岡京市"}},{"type":"Feature","geometry":{"type":"Point","coordinates":[135.69725,34.945327]},"properties":{"id":"kofun_1fceffd7b0","name":"元稲荷古墳","kana":"もといなりこふん","pref":"京都府","muni":"向日市"}},{"type":"Feature","geometry":{"type":"Point","coordinates":[135.697934,34.945365]},"properties":{"id":"kofun_0b917f2b0b","name":"北山古墳","kana":"きたやまこふん","pref":"京都府","muni":"向日市"}},{"type":"Feature","geometry":{"type":"Point","coordinates":[135.695214,34.949921]},"properties":{"id":"kofun_a57194b2d5","name":"五塚原古墳","kana":"いつつがはらこふん","pref":"京都府","muni":"向日市"}},{"type":"Feature","geometry":{"type":"Point","coordinates":[135.688626,34.955922]},"properties":{"id":"kofun_3d5c110ed1","name":"寺戸大塚古墳","kana":"てらどおおつかこふん","pref":"京都府","muni":"京都市 西京区"}},{"type":"Feature","geometry":{"type":"Point","coordinates":[135.691131,34.955301]},"properties":{"id":"kofun_0e5ea8d74a","name":"妙見山古墳","kana":"みようけんやまこふん","pref":"京都府","muni":"向日市"}},{"type":"Feature","geometry":{"type":"Point","coordinates":[135.699268,34.958014]},"properties":{"id":"kofun_cd79355d28","name":"物集女車塚古墳","kana":"もずめくるまづかこふん","pref":"京都府","muni":"向日市"}},{"type":"Feature","geometry":{"type":"Point","coordinates":[135.688764,34.961993]},"properties":{"id":"kofun_499f744a2d","name":"物集女古墳群","kana":"もずめこふんぐん","pref":"京都府","muni":"向日市"}},{"type":"Feature","geometry":{"type":"Point","coordinates":[135.589427,35.000091]},"properties":{"id":"kofun_11f762b706","name":"頼政塚","kana":"よりまさづか","pref":"京都府","muni":"亀岡市"}},{"type":"Feature","geometry":{"type":"Point","coordinates":[135.570539,35.056963]},"properties":{"id":"kofun_b9a2e0f059","name":"車塚","kana":"くるまづか","pref":"京都府","muni":"亀岡市"}},{"type":"Feature","geometry":{"type":"Point","coordinates":[135.53522,35.056658]},"properties":{"id":"kofun_95b70d961f","name":"拝田古墳群","kana":"はいだこふんぐん","pref":"京都府","muni":"亀岡市"}},{"type":"Feature","geometry":{"type":"Point","coordinates":[135.631422,35.154737]},"properties":{"id":"kofun_7906975cdc","name":"周山方形石塚古墳群","kana":"しゆうざんほうけいいしづかこふんぐん","pref":"京都府","muni":"京都市 右京区"}},{"type":"Feature","geometry":{"type":"Point","coordinates":[135.532272,35.064714]},"properties":{"id":"kofun_5957e09ee7","name":"坊田古墳群","kana":"ぼうでんこふんぐん","pref":"京都府","muni":"南丹市"}},{"type":"Feature","geometry":{"type":"Point","coordinates":[135.446433,35.110493]},"properties":{"id":"kofun_8eaad4e911","name":"黒田古墳群","kana":"くろだこふんぐん","pref":"京都府","muni":"南丹市"}},{"type":"Feature","geometry":{"type":"Point","coordinates":[135.454052,35.061093]},"properties":{"id":"kofun_f066c336da","name":"鶏塚古墳","kana":"にわとりつかこふん","pref":"京都府","muni":"南丹市"}},{"type":"Feature","geometry":{"type":"Point","coordinates":[135.483076,35.102556]},"properties":{"id":"kofun_8d084fc36f","name":"園部垣内古墳","kana":"そのべかいちこふん","pref":"京都府","muni":"南丹市"}},{"type":"Feature","geometry":{"type":"Point","coordinates":[135.407452,35.194984]},"properties":{"id":"kofun_355a93879d","name":"カナヤ古墳群","kana":"かなやこふんぐん","pref":"京都府","muni":"京丹波町"}},{"type":"Feature","geometry":{"type":"Point","coordinates":[135.180283,35.320135]},"properties":{"id":"kofun_0e206b73cb","name":"奉安塚古墳","kana":"ほうあんづかこふん","pref":"京都府","muni":"福知山市"}},{"type":"Feature","geometry":{"type":"Point","coordinates":[135.203278,35.326918]},"properties":{"id":"kofun_89ce31b0c4","name":"成山古墳群","kana":"なるやまこふんぐん","pref":"京都府","muni":"綾部市"}},{"type":"Feature","geometry":{"type":"Point","coordinates":[135.104359,35.506368]},"properties":{"id":"kofun_d41e01a8dd","name":"作山古墳","kana":"つくりやまこふん","pref":"京都府","muni":"与謝野町"}},{"type":"Feature","geometry":{"type":"Point","coordinates":[135.104704,35.507049]},"properties":{"id":"kofun_30eb3e2bc6","name":"蛭子山古墳","kana":"えびすやまこふん","pref":"京都府","muni":"与謝野町"}},{"type":"Feature","geometry":{"type":"Point","coordinates":[135.063877,35.623335]},"properties":{"id":"kofun_155c7d3a4e","name":"カジヤ古墳","kana":"かじやこふん","pref":"京都府","muni":"京丹後市"}},{"type":"Feature","geometry":{"type":"Point","coordinates":[135.038092,35.607968]},"properties":{"id":"kofun_a878fa864f","name":"桃谷古墳群","kana":"ももだにこふんぐん","pref":"京都府","muni":"京丹後市"}},{"type":"Feature","geometry":{"type":"Point","coordinates":[135.088606,35.65197]},"properties":{"id":"kofun_a141236958","name":"太田古墳群","kana":"おおだこふんぐん","pref":"京都府","muni":"京丹後市"}},{"type":"Feature","geometry":{"type":"Point","coordinates":[135.09919,35.68922]},"properties":{"id":"kofun_dee365239e","name":"黒部銚子山古墳","kana":"くろべちようしやまこふん","pref":"京都府","muni":"京丹後市"}},{"type":"Feature","geometry":{"type":"Point","coordinates":[135.111879,35.741403]},"properties":{"id":"kofun_6cbcf18f39","name":"産土山古墳","kana":"うぶすなやまこふん","pref":"京都府","muni":"京丹後市"}},{"type":"Feature","geometry":{"type":"Point","coordinates":[135.109957,35.743884]},"properties":{"id":"kofun_f789fe355f","name":"大成古墳群","kana":"おおなるこふんぐん","pref":"京都府","muni":"京丹後市"}},{"type":"Feature","geometry":{"type":"Point","coordinates":[135.110844,35.734943]},"properties":{"id":"kofun_f75ccd70e1","name":"神明山古墳","kana":"しんめいやまこふん","pref":"京都府","muni":"京丹後市"}},{"type":"Feature","geometry":{"type":"Point","coordinates":[135.033099,35.681768]},"properties":{"id":"kofun_1b3d1c52bd","name":"岡古墳群","kana":"おかこふんぐん","pref":"京都府","muni":"京丹後市"}},{"type":"Feature","geometry":{"type":"Point","coordinates":[135.029695,35.677783]},"properties":{"id":"kofun_d41e5eee2a","name":"銚子山古墳","kana":"ちようしやまこふん","pref":"京都府","muni":"京丹後市"}},{"type":"Feature","geometry":{"type":"Point","coordinates":[135.774915,35.065521]},"properties":{"id":"kofun_1fa88b3598","name":"幡枝古墳","kana":"はたえだこふん","pref":"京都府","muni":"京都市 左京区"}},{"type":"Feature","geometry":{"type":"Point","coordinates":[135.77152,35.067927]},"properties":{"id":"kofun_7c3cc23393","name":"八幡古墳群","kana":"はちまんこふんぐん","pref":"京都府","muni":"京都市 左京区"}},{"type":"Feature","geometry":{"type":"Point","coordinates":[135.779945,35.000406]},"properties":{"id":"kofun_ecc5747228","name":"八坂方墳","kana":"やさかほうふん","pref":"京都府","muni":"京都市 東山区"}},{"type":"Feature","geometry":{"type":"Point","coordinates":[135.786168,35.007419]},"properties":{"id":"kofun_56ed1d2a90","name":"如法経墳","kana":"によほうきようふん","pref":"京都府","muni":"京都市 東山区"}},{"type":"Feature","geometry":{"type":"Point","coordinates":[135.787208,35.002085]},"properties":{"id":"kofun_327f00cd77","name":"将軍塚","kana":"しようぐんづか","pref":"京都府","muni":"京都市 東山区"}},{"type":"Feature","geometry":{"type":"Point","coordinates":[135.785233,35.003499]},"properties":{"id":"kofun_1f265db170","name":"将軍塚付近古墳群","kana":"しようぐんづかふきんこふんぐん","pref":"京都府","muni":"京都市 東山区"}},{"type":"Feature","geometry":{"type":"Point","coordinates":[135.803767,34.971235]},"properties":{"id":"kofun_5a551d8145","name":"中臣十三塚古墳群","kana":"なかとみじゆうさんづかこふんぐん","pref":"京都府","muni":"京都市 山科区"}},{"type":"Feature","geometry":{"type":"Point","coordinates":[135.785527,34.967243]},"properties":{"id":"kofun_9b44244fa9","name":"稲荷山古墳群","kana":"いなりやまこふんぐん","pref":"京都府","muni":"京都市 伏見区"}},{"type":"Feature","geometry":{"type":"Point","coordinates":[135.789428,34.935804]},"properties":{"id":"kofun_e0c93d471b","name":"黄金塚古墳","kana":"こがねづかこふん","pref":"京都府","muni":"京都市 伏見区"}},{"type":"Feature","geometry":{"type":"Point","coordinates":[135.823524,34.963327]},"properties":{"id":"kofun_996358d210","name":"小野群集墳","kana":"おのぐんしゆうふん","pref":"京都府","muni":"京都市 伏見区"}},{"type":"Feature","geometry":{"type":"Point","coordinates":[135.74283,35.04088]},"properties":{"id":"kofun_b8c10c27ce","name":"媞子内親王火葬塚","kana":"ていしないしんのうかそうづか","pref":"京都府","muni":"京都市 北区"}},{"type":"Feature","geometry":{"type":"Point","coordinates":[135.711282,35.024659]},"properties":{"id":"kofun_7a58cb556b","name":"双ヶ丘古墳群","kana":"ならびがおかこふんぐん","pref":"京都府","muni":"京都市 右京区"}},{"type":"Feature","geometry":{"type":"Point","coordinates":[135.709768,35.0191]},"properties":{"id":"kofun_65eba6263a","name":"常盤東ノ町古墳群","kana":"ときわひがしのちようこふんぐん","pref":"京都府","muni":"京都市 右京区"}},{"type":"Feature","geometry":{"type":"Point","coordinates":[135.712071,35.007105]},"properties":{"id":"kofun_91798d63ef","name":"天塚古墳","kana":"あまづかこふん","pref":"京都府","muni":"京都市 右京区"}},{"type":"Feature","geometry":{"type":"Point","coordinates":[135.700168,35.011913]},"properties":{"id":"kofun_69bb31d3db","name":"蛇塚古墳","kana":"へびづかこふん","pref":"京都府","muni":"京都市 右京区"}},{"type":"Feature","geometry":{"type":"Point","coordinates":[135.693556,35.032382]},"properties":{"id":"kofun_a4b26ae59c","name":"御堂ヶ池古墳群","kana":"みどうがいけこふんぐん","pref":"京都府","muni":"京都市 右京区"}},{"type":"Feature","geometry":{"type":"Point","coordinates":[135.691124,35.025154]},"properties":{"id":"kofun_705ab6d1c8","name":"広沢古墳群","kana":"ひろさわこふんぐん","pref":"京都府","muni":"京都市 右京区"}},{"type":"Feature","geometry":{"type":"Point","coordinates":[135.679629,35.026009]},"properties":{"id":"kofun_5f87ea14ff","name":"円山塚","kana":"まるやまづか","pref":"京都府","muni":"京都市 右京区"}},{"type":"Feature","geometry":{"type":"Point","coordinates":[135.681381,35.025441]},"properties":{"id":"kofun_3f93bb70cb","name":"入道塚古墳","kana":"にゆうどうづかこふん","pref":"京都府","muni":"京都市 右京区"}},{"type":"Feature","geometry":{"type":"Point","coordinates":[135.690223,35.019679]},"properties":{"id":"kofun_42502babff","name":"冑塚","kana":"かぶとづか","pref":"京都府","muni":"京都市 右京区"}},{"type":"Feature","geometry":{"type":"Point","coordinates":[135.68371,34.992178]},"properties":{"id":"kofun_dd4f69cf21","name":"西芳寺古墳群","kana":"さいほうじこふんぐん","pref":"京都府","muni":"京都市 西京区"}},{"type":"Feature","geometry":{"type":"Point","coordinates":[135.688355,34.989326]},"properties":{"id":"kofun_39d041eaef","name":"穀塚古墳","kana":"こくづかこふん","pref":"京都府","muni":"京都市 西京区"}},{"type":"Feature","geometry":{"type":"Point","coordinates":[135.684033,34.988699]},"properties":{"id":"kofun_cc5253562d","name":"衣笠山古墳群","kana":"きぬがさやまこふんぐん","pref":"京都府","muni":"京都市 西京区"}},{"type":"Feature","geometry":{"type":"Point","coordinates":[135.69468,34.98914]},"properties":{"id":"kofun_56f9065a7e","name":"天鼓の森古墳","kana":"てんこのもりこふん","pref":"京都府","muni":"京都市 西京区"}},{"type":"Feature","geometry":{"type":"Point","coordinates":[135.686239,34.970788]},"properties":{"id":"kofun_44e242d63c","name":"百々池古墳","kana":"どどいけこふん","pref":"京都府","muni":"京都市 西京区"}},{"type":"Feature","geometry":{"type":"Point","coordinates":[135.686954,34.968484]},"properties":{"id":"kofun_3725280ad8","name":"一本松塚古墳","kana":"いつぽんまつづかこふん","pref":"京都府","muni":"京都市 西京区"}},{"type":"Feature","geometry":{"type":"Point","coordinates":[135.689601,34.97763]},"properties":{"id":"kofun_d919e3034c","name":"天皇の杜古墳","kana":"てんのうのもりこふん","pref":"京都府","muni":"京都市 西京区"}},{"type":"Feature","geometry":{"type":"Point","coordinates":[135.681431,34.960518]},"properties":{"id":"kofun_ee78bf69b0","name":"福西古墳群","kana":"ふくにしこふんぐん","pref":"京都府","muni":"京都市 西京区"}},{"type":"Feature","geometry":{"type":"Point","coordinates":[135.695567,34.947614]},"properties":{"id":"kofun_734f3908a6","name":"妙見山古墳","kana":"みようけんやまこふん","pref":"京都府","muni":"京都市 西京区"}},{"type":"Feature","geometry":{"type":"Point","coordinates":[135.594956,34.849949]},"properties":{"id":"kofun_17e9805081","name":"今城塚古墳","kana":"いましろづかこふん","pref":"大阪府","muni":"高槻市"}},{"type":"Feature","geometry":{"type":"Point","coordinates":[135.595032,34.850891]},"properties":{"id":"kofun_b2d2620f06","name":"狐塚古墳群","kana":"きつねづかこふんぐん","pref":"大阪府","muni":"高槻市"}},{"type":"Feature","geometry":{"type":"Point","coordinates":[135.592658,34.852475]},"properties":{"id":"kofun_c476ca6a0e","name":"前塚古墳","kana":"まえづかこふん","pref":"大阪府","muni":"高槻市"}},{"type":"Feature","geometry":{"type":"Point","coordinates":[135.590276,34.86381]},"properties":{"id":"kofun_9f7ec3ad8a","name":"弁天山古墳群","kana":"べんてんやまこふんぐん","pref":"大阪府","muni":"高槻市"}},{"type":"Feature","geometry":{"type":"Point","coordinates":[135.586617,34.860194]},"properties":{"id":"kofun_e019c7dfdf","name":"墓谷古墳群","kana":"はかだにこふんぐん","pref":"大阪府","muni":"高槻市"}},{"type":"Feature","geometry":{"type":"Point","coordinates":[135.583002,34.849577]},"properties":{"id":"kofun_663489a92f","name":"土保山古墳","kana":"どぼやまこふん","pref":"大阪府","muni":"高槻市"}},{"type":"Feature","geometry":{"type":"Point","coordinates":[135.580377,34.847715]},"properties":{"id":"kofun_dbd39f0ece","name":"石塚古墳","kana":"いしづかこふん","pref":"大阪府","muni":"高槻市"}},{"type":"Feature","geometry":{"type":"Point","coordinates":[135.579336,34.848679]},"properties":{"id":"kofun_e60acb30ff","name":"二子山古墳","kana":"ふたごやまこふん","pref":"大阪府","muni":"高槻市"}},{"type":"Feature","geometry":{"type":"Point","coordinates":[135.58106,34.850906]},"properties":{"id":"kofun_8b83bdb8bc","name":"番山古墳","kana":"ばんやまこふん","pref":"大阪府","muni":"高槻市"}},{"type":"Feature","geometry":{"type":"Point","coordinates":[135.569525,34.855029]},"properties":{"id":"kofun_a6f1c17047","name":"塚原古墳群","kana":"つかはらこふんぐん","pref":"大阪府","muni":"高槻市"}},{"type":"Feature","geometry":{"type":"Point","coordinates":[135.569642,34.863348]},"properties":{"id":"kofun_9c28b5b794","name":"阿武山古墳","kana":"あぶやまこふん","pref":"大阪府","muni":"高槻市"}},{"type":"Feature","geometry":{"type":"Point","coordinates":[135.593922,34.87209]},"properties":{"id":"kofun_6d2eec9cda","name":"塚脇古墳群","kana":"つかわきこふんぐん","pref":"大阪府","muni":"高槻市"}},{"type":"Feature","geometry":{"type":"Point","coordinates":[135.618687,34.855669]},"properties":{"id":"kofun_7aa96ea673","name":"昼神車塚古墳","kana":"ひるがみくるまづかこふん","pref":"大阪府","muni":"高槻市"}},{"type":"Feature","geometry":{"type":"Point","coordinates":[135.635773,34.866085]},"properties":{"id":"kofun_01fe705daf","name":"安満宮山古墳","kana":"あまみややまこふん","pref":"大阪府","muni":"高槻市"}},{"type":"Feature","geometry":{"type":"Point","coordinates":[135.546056,34.844222]},"properties":{"id":"kofun_ee7268b22a","name":"紫金山古墳","kana":"しきんざんこふん","pref":"大阪府","muni":"茨木市"}},{"type":"Feature","geometry":{"type":"Point","coordinates":[135.546537,34.843771]},"properties":{"id":"kofun_fb58246172","name":"青松塚古墳","kana":"せいしようづかこふん","pref":"大阪府","muni":"茨木市"}},{"type":"Feature","geometry":{"type":"Point","coordinates":[135.546457,34.842725]},"properties":{"id":"kofun_e7e891e9db","name":"南塚古墳","kana":"みなみづかこふん","pref":"大阪府","muni":"茨木市"}},{"type":"Feature","geometry":{"type":"Point","coordinates":[135.554091,34.821292]},"properties":{"id":"kofun_595766db25","name":"見付山古墳","kana":"みつけやまこふん","pref":"大阪府","muni":"茨木市"}},{"type":"Feature","geometry":{"type":"Point","coordinates":[135.550491,34.817053]},"properties":{"id":"kofun_b157eceb7b","name":"上寺山古墳","kana":"じようじやまこふん","pref":"大阪府","muni":"茨木市"}},{"type":"Feature","geometry":{"type":"Point","coordinates":[135.563854,34.841829]},"properties":{"id":"kofun_7bf27ea3aa","name":"耳原古墳","kana":"みのはらこふん","pref":"大阪府","muni":"茨木市"}},{"type":"Feature","geometry":{"type":"Point","coordinates":[135.57816,34.845083]},"properties":{"id":"kofun_f6307d2073","name":"茶臼山古墳","kana":"ちやうすやまこふん","pref":"大阪府","muni":"茨木市"}},{"type":"Feature","geometry":{"type":"Point","coordinates":[135.549623,34.841403]},"properties":{"id":"kofun_c192575110","name":"海北塚古墳","kana":"かいぼうづかこふん","pref":"大阪府","muni":"茨木市"}},{"type":"Feature","geometry":{"type":"Point","coordinates":[135.549085,34.846886]},"properties":{"id":"kofun_b26a2b470e","name":"新屋古墳群","kana":"にいやこふんぐん","pref":"大阪府","muni":"茨木市"}},{"type":"Feature","geometry":{"type":"Point","coordinates":[135.557236,34.846081]},"properties":{"id":"kofun_3a89d2235d","name":"将軍山古墳","kana":"しようぐんやまこふん","pref":"大阪府","muni":"茨木市"}},{"type":"Feature","geometry":{"type":"Point","coordinates":[135.557099,34.846238]},"properties":{"id":"kofun_8e6ef418f0","name":"将軍塚古墳","kana":"しようぐんづかこふん","pref":"大阪府","muni":"茨木市"}},{"type":"Feature","geometry":{"type":"Point","coordinates":[135.563975,34.854935]},"properties":{"id":"kofun_14aa66ed9a","name":"安威古墳群","kana":"あいこふんぐん","pref":"大阪府","muni":"茨木市"}},{"type":"Feature","geometry":{"type":"Point","coordinates":[135.55763,34.85846]},"properties":{"id":"kofun_d03ae73c5c","name":"初田一号古墳","kana":"はつたいちごうこふん","pref":"大阪府","muni":"茨木市"}},{"type":"Feature","geometry":{"type":"Point","coordinates":[135.555566,34.86223]},"properties":{"id":"kofun_a922320ecb","name":"初田二号古墳","kana":"はつたにごうこふん","pref":"大阪府","muni":"茨木市"}},{"type":"Feature","geometry":{"type":"Point","coordinates":[135.549665,34.801753]},"properties":{"id":"kofun_b7379aabe7","name":"新芦屋古墳","kana":"しんあしやこふん","pref":"大阪府","muni":"吹田市"}},{"type":"Feature","geometry":{"type":"Point","coordinates":[135.466877,34.813333]},"properties":{"id":"kofun_3b08820978","name":"太鼓塚古墳群","kana":"たこづかこふんぐん","pref":"大阪府","muni":"豊中市"}},{"type":"Feature","geometry":{"type":"Point","coordinates":[135.450679,34.807091]},"properties":{"id":"kofun_b0fa13731c","name":"待兼山古墳","kana":"まちかねやまこふん","pref":"大阪府","muni":"豊中市"}},{"type":"Feature","geometry":{"type":"Point","coordinates":[135.451359,34.791239]},"properties":{"id":"kofun_87033be9fc","name":"御神山古墳","kana":"おかみやまこふん","pref":"大阪府","muni":"豊中市"}},{"type":"Feature","geometry":{"type":"Point","coordinates":[135.472935,34.779071]},"properties":{"id":"kofun_d1f622bbcf","name":"桜塚古墳群","kana":"さくらづかこふんぐん","pref":"大阪府","muni":"豊中市"}},{"type":"Feature","geometry":{"type":"Point","coordinates":[135.457286,34.824257]},"properties":{"id":"kofun_f52ec1dad0","name":"桜古墳","kana":"さくらこふん","pref":"大阪府","muni":"箕面市"}},{"type":"Feature","geometry":{"type":"Point","coordinates":[135.433984,34.826174]},"properties":{"id":"kofun_a62f201338","name":"茶臼山古墳","kana":"ちやうすやまこふん","pref":"大阪府","muni":"池田市"}},{"type":"Feature","geometry":{"type":"Point","coordinates":[135.430812,34.829888]},"properties":{"id":"kofun_ac99726842","name":"娯三堂古墳","kana":"ごさんどうこふん","pref":"大阪府","muni":"池田市"}},{"type":"Feature","geometry":{"type":"Point","coordinates":[135.437079,34.817695]},"properties":{"id":"kofun_f9f2f28c75","name":"鉢塚古墳","kana":"はちづかこふん","pref":"大阪府","muni":"池田市"}},{"type":"Feature","geometry":{"type":"Point","coordinates":[135.457199,34.947223]},"properties":{"id":"kofun_f8b2bf49d5","name":"野間中古墳群","kana":"のまなかこふんぐん","pref":"大阪府","muni":"能勢町"}},{"type":"Feature","geometry":{"type":"Point","coordinates":[135.463933,34.973326]},"properties":{"id":"kofun_c210193c2c","name":"大貝谷古墳群","kana":"おおかいだにこふんぐん","pref":"大阪府","muni":"能勢町"}},{"type":"Feature","geometry":{"type":"Point","coordinates":[135.4051,34.961619]},"properties":{"id":"kofun_c30cad58b4","name":"塩山古墳群","kana":"しおやまこふんぐん","pref":"大阪府","muni":"能勢町"}},{"type":"Feature","geometry":{"type":"Point","coordinates":[135.396869,34.969987]},"properties":{"id":"kofun_332260c560","name":"狐塚古墳","kana":"きつねづかこふん","pref":"大阪府","muni":"能勢町"}},{"type":"Feature","geometry":{"type":"Point","coordinates":[135.384089,34.964149]},"properties":{"id":"kofun_1e450c6ba3","name":"岩坪古墳","kana":"いわつぼこふん","pref":"大阪府","muni":"能勢町"}},{"type":"Feature","geometry":{"type":"Point","coordinates":[135.535982,34.654348]},"properties":{"id":"kofun_484b89f3a3","name":"御勝山古墳","kana":"おかちやまこふん","pref":"大阪府","muni":"大阪市 生野区"}},{"type":"Feature","geometry":{"type":"Point","coordinates":[135.496801,34.62146]},"properties":{"id":"kofun_a1802f0efa","name":"帝塚山古墳","kana":"てづかやまこふん","pref":"大阪府","muni":"大阪市 住吉区"}},{"type":"Feature","geometry":{"type":"Point","coordinates":[135.657043,34.810829]},"properties":{"id":"kofun_e328fb42d9","name":"禁野車塚古墳","kana":"きんやくるまづかこふん","pref":"大阪府","muni":"枚方市"}},{"type":"Feature","geometry":{"type":"Point","coordinates":[135.66038,34.823392]},"properties":{"id":"kofun_dda2449033","name":"白雉塚古墳","kana":"びやくちづかこふん","pref":"大阪府","muni":"枚方市"}},{"type":"Feature","geometry":{"type":"Point","coordinates":[135.643831,34.810249]},"properties":{"id":"kofun_ee51060a0e","name":"万年山古墳","kana":"まんねんやまこふん","pref":"大阪府","muni":"枚方市"}},{"type":"Feature","geometry":{"type":"Point","coordinates":[135.66286,34.794318]},"properties":{"id":"kofun_ea3ce87a40","name":"藤田山古墳","kana":"とうだやまこふん","pref":"大阪府","muni":"枚方市"}},{"type":"Feature","geometry":{"type":"Point","coordinates":[135.702963,34.795043]},"properties":{"id":"kofun_f0d985a4ed","name":"倉治古墳群","kana":"くらじこふんぐん","pref":"大阪府","muni":"交野市"}},{"type":"Feature","geometry":{"type":"Point","coordinates":[135.679211,34.759024]},"properties":{"id":"kofun_3f8c86fcdd","name":"妙見山古墳","kana":"みようけんさんこふん","pref":"大阪府","muni":"交野市"}},{"type":"Feature","geometry":{"type":"Point","coordinates":[135.658441,34.752305]},"properties":{"id":"kofun_04a74a13e9","name":"石宝殿古墳","kana":"いしのほうでんこふん","pref":"大阪府","muni":"寝屋川市"}},{"type":"Feature","geometry":{"type":"Point","coordinates":[135.641741,34.746581]},"properties":{"id":"kofun_3c790f39b1","name":"忍岡古墳","kana":"しのぶがおかこふん","pref":"大阪府","muni":"四條畷市"}},{"type":"Feature","geometry":{"type":"Point","coordinates":[135.647742,34.713943]},"properties":{"id":"kofun_449b1b53cb","name":"堂山古墳群","kana":"どうやまこふんぐん","pref":"大阪府","muni":"大東市"}},{"type":"Feature","geometry":{"type":"Point","coordinates":[135.655651,34.701049]},"properties":{"id":"kofun_756b355630","name":"戎山古墳","kana":"えびすやまこふん","pref":"大阪府","muni":"東大阪市"}},{"type":"Feature","geometry":{"type":"Point","coordinates":[135.663517,34.692471]},"properties":{"id":"kofun_126b5a8e2b","name":"イノラムキ古墳","kana":"いのらむきこふん","pref":"大阪府","muni":"東大阪市"}},{"type":"Feature","geometry":{"type":"Point","coordinates":[135.655188,34.687443]},"properties":{"id":"kofun_92a8297153","name":"芝山古墳","kana":"しばやまこふん","pref":"大阪府","muni":"東大阪市"}},{"type":"Feature","geometry":{"type":"Point","coordinates":[135.665701,34.685044]},"properties":{"id":"kofun_7bdb086437","name":"墓尾古墳群","kana":"はかのおこふんぐん","pref":"大阪府","muni":"東大阪市"}},{"type":"Feature","geometry":{"type":"Point","coordinates":[135.64863,34.683591]},"properties":{"id":"kofun_5e43ff18bb","name":"大藪古墳","kana":"おおやぶこふん","pref":"大阪府","muni":"東大阪市"}},{"type":"Feature","geometry":{"type":"Point","coordinates":[135.64222,34.660613]},"properties":{"id":"kofun_6f89b46be3","name":"瓢箪山古墳","kana":"ひようたんやまこふん","pref":"大阪府","muni":"東大阪市"}},{"type":"Feature","geometry":{"type":"Point","coordinates":[135.652886,34.66102]},"properties":{"id":"kofun_a261560688","name":"山畑古墳群","kana":"やまはたこふんぐん","pref":"大阪府","muni":"東大阪市"}},{"type":"Feature","geometry":{"type":"Point","coordinates":[135.646529,34.636234]},"properties":{"id":"kofun_4b606b820d","name":"愛宕塚古墳","kana":"あたごづかこふん","pref":"大阪府","muni":"八尾市"}},{"type":"Feature","geometry":{"type":"Point","coordinates":[135.64081,34.639184]},"properties":{"id":"kofun_bee65ea86a","name":"心合寺山古墳","kana":"しおんじやまこふん","pref":"大阪府","muni":"八尾市"}},{"type":"Feature","geometry":{"type":"Point","coordinates":[135.63968,34.586154]},"properties":{"id":"kofun_a1ba3c7318","name":"太平寺古墳群","kana":"たいへいじこふんぐん","pref":"大阪府","muni":"柏原市"}},{"type":"Feature","geometry":{"type":"Point","coordinates":[135.640876,34.576761]},"properties":{"id":"kofun_2e91336fa9","name":"高井田古墳群","kana":"たかいだこふんぐん","pref":"大阪府","muni":"柏原市"}},{"type":"Feature","geometry":{"type":"Point","coordinates":[135.643016,34.577871]},"properties":{"id":"kofun_4d82a76bd4","name":"平尾山古墳群","kana":"ひらおやまこふんぐん","pref":"大阪府","muni":"柏原市"}},{"type":"Feature","geometry":{"type":"Point","coordinates":[135.659789,34.58986]},"properties":{"id":"kofun_b5288ccc37","name":"雁多尾畑古墳群","kana":"かりんどうばたこふんぐん","pref":"大阪府","muni":"柏原市"}},{"type":"Feature","geometry":{"type":"Point","coordinates":[135.645702,34.569925]},"properties":{"id":"kofun_1f40b69d75","name":"松岳山古墳","kana":"まつおかやまこふん","pref":"大阪府","muni":"柏原市"}},{"type":"Feature","geometry":{"type":"Point","coordinates":[135.631231,34.565845]},"properties":{"id":"kofun_e6c1a717dd","name":"玉手山古墳群","kana":"たまてやまこふんぐん","pref":"大阪府","muni":"柏原市"}},{"type":"Feature","geometry":{"type":"Point","coordinates":[135.604581,34.563718]},"properties":{"id":"kofun_d438fb18db","name":"藤の森古墳","kana":"ふじのもりこふん","pref":"大阪府","muni":"藤井寺市"}},{"type":"Feature","geometry":{"type":"Point","coordinates":[135.602482,34.561994]},"properties":{"id":"kofun_726105c99e","name":"蕃上山古墳","kana":"ばんじようやまこふん","pref":"大阪府","muni":"藤井寺市"}},{"type":"Feature","geometry":{"type":"Point","coordinates":[135.603368,34.560449]},"properties":{"id":"kofun_1dcc54c642","name":"アリ山古墳","kana":"ありやまこふん","pref":"大阪府","muni":"藤井寺市"}},{"type":"Feature","geometry":{"type":"Point","coordinates":[135.604434,34.558974]},"properties":{"id":"kofun_668918bd00","name":"野中古墳","kana":"のなかこふん","pref":"大阪府","muni":"藤井寺市"}},{"type":"Feature","geometry":{"type":"Point","coordinates":[135.594082,34.565398]},"properties":{"id":"kofun_07562ea3b1","name":"ミサンザイ古墳","kana":"みさんざいこふん","pref":"大阪府","muni":"藤井寺市"}},{"type":"Feature","geometry":{"type":"Point","coordinates":[135.593521,34.581979]},"properties":{"id":"kofun_62fb84f282","name":"津堂城山古墳","kana":"つどうしろやまこふん","pref":"大阪府","muni":"藤井寺市"}},{"type":"Feature","geometry":{"type":"Point","coordinates":[135.612225,34.567286]},"properties":{"id":"kofun_894926918e","name":"三ッ塚古墳","kana":"みつづかこふん","pref":"大阪府","muni":"藤井寺市"}},{"type":"Feature","geometry":{"type":"Point","coordinates":[135.616616,34.573562]},"properties":{"id":"kofun_b77bb55887","name":"市野山古墳","kana":"いちのやまこふん","pref":"大阪府","muni":"藤井寺市"}},{"type":"Feature","geometry":{"type":"Point","coordinates":[135.612637,34.569958]},"properties":{"id":"kofun_f1112d822c","name":"仲津山古墳","kana":"なかつやまこふん","pref":"大阪府","muni":"藤井寺市"}},{"type":"Feature","geometry":{"type":"Point","coordinates":[135.61563,34.571979]},"properties":{"id":"kofun_a71b68534e","name":"唐櫃山古墳","kana":"からびつやまこふん","pref":"大阪府","muni":"藤井寺市"}},{"type":"Feature","geometry":{"type":"Point","coordinates":[135.614954,34.572778]},"properties":{"id":"kofun_3ae17926e2","name":"長持山古墳","kana":"ながもちやまこふん","pref":"大阪府","muni":"藤井寺市"}},{"type":"Feature","geometry":{"type":"Point","coordinates":[135.609692,34.568293]},"properties":{"id":"kofun_2a9dda08ad","name":"古室山古墳","kana":"こむろやまこふん","pref":"大阪府","muni":"藤井寺市"}},{"type":"Feature","geometry":{"type":"Point","coordinates":[135.609427,34.562661]},"properties":{"id":"kofun_6cc46cd483","name":"誉田御廟山古墳","kana":"こんだごびようやまこふん","pref":"大阪府","muni":"羽曳野市"}},{"type":"Feature","geometry":{"type":"Point","coordinates":[135.602482,34.551964]},"properties":{"id":"kofun_fcc0d68f8c","name":"前の山古墳","kana":"まえのやまこふん","pref":"大阪府","muni":"羽曳野市"}},{"type":"Feature","geometry":{"type":"Point","coordinates":[135.597305,34.552242]},"properties":{"id":"kofun_be0600dc74","name":"峯ヶ塚古墳","kana":"みねがつかこふん","pref":"大阪府","muni":"羽曳野市"}},{"type":"Feature","geometry":{"type":"Point","coordinates":[135.609373,34.54863]},"properties":{"id":"kofun_ca4e48cfd2","name":"高屋築山古墳","kana":"たかやつきやまこふん","pref":"大阪府","muni":"羽曳野市"}},{"type":"Feature","geometry":{"type":"Point","coordinates":[135.630241,34.544032]},"properties":{"id":"kofun_8b973e5fc8","name":"宮山古墳","kana":"みややまこふん","pref":"大阪府","muni":"羽曳野市"}},{"type":"Feature","geometry":{"type":"Point","coordinates":[135.637353,34.54046]},"properties":{"id":"kofun_3a17030842","name":"飛鳥千塚","kana":"あすかせんづか","pref":"大阪府","muni":"羽曳野市"}},{"type":"Feature","geometry":{"type":"Point","coordinates":[135.641296,34.537441]},"properties":{"id":"kofun_10e6d38a7c","name":"観音塚古墳","kana":"かんのんづかこふん","pref":"大阪府","muni":"羽曳野市"}},{"type":"Feature","geometry":{"type":"Point","coordinates":[135.642617,34.540486]},"properties":{"id":"kofun_aa6291c333","name":"王公塚古墳","kana":"おうこうづかこふん","pref":"大阪府","muni":"羽曳野市"}},{"type":"Feature","geometry":{"type":"Point","coordinates":[135.621971,34.532448]},"properties":{"id":"kofun_c6841b19df","name":"御旅山古墳","kana":"おたびやまこふん","pref":"大阪府","muni":"羽曳野市"}},{"type":"Feature","geometry":{"type":"Point","coordinates":[135.59894,34.549229]},"properties":{"id":"kofun_2a103fb6cb","name":"白髪古墳","kana":"しらがこふん","pref":"大阪府","muni":"羽曳野市"}},{"type":"Feature","geometry":{"type":"Point","coordinates":[135.593331,34.540255]},"properties":{"id":"kofun_9bed05c507","name":"徳楽山古墳","kana":"とくらくやまこふん","pref":"大阪府","muni":"羽曳野市"}},{"type":"Feature","geometry":{"type":"Point","coordinates":[135.567979,34.572629]},"properties":{"id":"kofun_2d11a3cc78","name":"大塚山古墳","kana":"おおつかやまこふん","pref":"大阪府","muni":"羽曳野市"}},{"type":"Feature","geometry":{"type":"Point","coordinates":[135.557649,34.545617]},"properties":{"id":"kofun_7ccab306da","name":"黒姫山古墳","kana":"くろひめやまこふん","pref":"大阪府","muni":"堺市 美原区"}},{"type":"Feature","geometry":{"type":"Point","coordinates":[135.650332,34.527559]},"properties":{"id":"kofun_7d5ede453d","name":"向山古墳","kana":"むかいやまこふん","pref":"大阪府","muni":"太子町"}},{"type":"Feature","geometry":{"type":"Point","coordinates":[135.645706,34.528815]},"properties":{"id":"kofun_6e4a028005","name":"太平塚古墳","kana":"おおひらづかこふん","pref":"大阪府","muni":"太子町"}},{"type":"Feature","geometry":{"type":"Point","coordinates":[135.635544,34.511752]},"properties":{"id":"kofun_2dd035c6c8","name":"太子西山古墳","kana":"たいしにしやまこふん","pref":"大阪府","muni":"太子町"}},{"type":"Feature","geometry":{"type":"Point","coordinates":[135.628863,34.522321]},"properties":{"id":"kofun_b830a3fae3","name":"九流谷古墳","kana":"くるだにこふん","pref":"大阪府","muni":"太子町"}},{"type":"Feature","geometry":{"type":"Point","coordinates":[135.632741,34.526561]},"properties":{"id":"kofun_f938905468","name":"御嶺山古墳","kana":"ごりようやまこふん","pref":"大阪府","muni":"太子町"}},{"type":"Feature","geometry":{"type":"Point","coordinates":[135.644422,34.50813]},"properties":{"id":"kofun_fc4204fe2b","name":"葉室古墳群","kana":"はむろこふんぐん","pref":"大阪府","muni":"太子町"}},{"type":"Feature","geometry":{"type":"Point","coordinates":[135.650111,34.514677]},"properties":{"id":"kofun_73d5474e7e","name":"仏陀寺古墳","kana":"ぶつだじこふん","pref":"大阪府","muni":"太子町"}},{"type":"Feature","geometry":{"type":"Point","coordinates":[135.664519,34.516185]},"properties":{"id":"kofun_cb80a9fe1e","name":"松井塚古墳","kana":"まついづかこふん","pref":"大阪府","muni":"太子町"}},{"type":"Feature","geometry":{"type":"Point","coordinates":[135.664519,34.516185]},"properties":{"id":"kofun_e8e7f08405","name":"上ノ山古墳","kana":"うえのやまこふん","pref":"大阪府","muni":"太子町"}},{"type":"Feature","geometry":{"type":"Point","coordinates":[135.649573,34.511655]},"properties":{"id":"kofun_f45b4f81ac","name":"高松古墳","kana":"たかまつこふん","pref":"大阪府","muni":"太子町"}},{"type":"Feature","geometry":{"type":"Point","coordinates":[135.651641,34.510882]},"properties":{"id":"kofun_1928197934","name":"二子塚古墳","kana":"ふたごづかこふん","pref":"大阪府","muni":"太子町"}},{"type":"Feature","geometry":{"type":"Point","coordinates":[135.643808,34.501666]},"properties":{"id":"kofun_71e32ed40f","name":"一須賀古墳群","kana":"いちすかこふんぐん","pref":"大阪府","muni":"河南町"}},{"type":"Feature","geometry":{"type":"Point","coordinates":[135.669249,34.491563]},"properties":{"id":"kofun_df2729e0b6","name":"塚廻古墳","kana":"つかまりこふん","pref":"大阪府","muni":"河南町"}},{"type":"Feature","geometry":{"type":"Point","coordinates":[135.651458,34.492621]},"properties":{"id":"kofun_4aab3c427a","name":"アカハゲ古墳","kana":"あかはげこふん","pref":"大阪府","muni":"河南町"}},{"type":"Feature","geometry":{"type":"Point","coordinates":[135.630375,34.469413]},"properties":{"id":"kofun_363621c910","name":"金山古墳","kana":"かなやまこふん","pref":"大阪府","muni":"河南町"}},{"type":"Feature","geometry":{"type":"Point","coordinates":[135.618366,34.487282]},"properties":{"id":"kofun_7a0068bb7f","name":"寛弘寺古墳群","kana":"かんこうじこふんぐん","pref":"大阪府","muni":"河南町"}},{"type":"Feature","geometry":{"type":"Point","coordinates":[135.598742,34.512144]},"properties":{"id":"kofun_f24d3fd855","name":"お亀石古墳","kana":"おかめいしこふん","pref":"大阪府","muni":"富田林市"}},{"type":"Feature","geometry":{"type":"Point","coordinates":[135.601301,34.520213]},"properties":{"id":"kofun_f98d111825","name":"鍋塚古墳","kana":"なべづかこふん","pref":"大阪府","muni":"富田林市"}},{"type":"Feature","geometry":{"type":"Point","coordinates":[135.592446,34.522295]},"properties":{"id":"kofun_0ee36f253e","name":"平古墳群","kana":"ひらこふんぐん","pref":"大阪府","muni":"富田林市"}},{"type":"Feature","geometry":{"type":"Point","coordinates":[135.59894,34.515789]},"properties":{"id":"kofun_c1f5e67992","name":"真名井古墳","kana":"まないこふん","pref":"大阪府","muni":"富田林市"}},{"type":"Feature","geometry":{"type":"Point","coordinates":[135.59894,34.515789]},"properties":{"id":"kofun_c9660e111e","name":"宮前山古墳群","kana":"みやぜんやまこふんぐん","pref":"大阪府","muni":"富田林市"}},{"type":"Feature","geometry":{"type":"Point","coordinates":[135.608682,34.483722]},"properties":{"id":"kofun_df9f420d32","name":"板持古墳群","kana":"いたもちこふんぐん","pref":"大阪府","muni":"富田林市"}},{"type":"Feature","geometry":{"type":"Point","coordinates":[135.579608,34.488215]},"properties":{"id":"kofun_5744b60e03","name":"廿山古墳","kana":"つづやまこふん","pref":"大阪府","muni":"富田林市"}},{"type":"Feature","geometry":{"type":"Point","coordinates":[135.597133,34.484357]},"properties":{"id":"kofun_532a25499d","name":"彼方丸山古墳","kana":"おちかたまるやまこふん","pref":"大阪府","muni":"富田林市"}},{"type":"Feature","geometry":{"type":"Point","coordinates":[135.587439,34.468902]},"properties":{"id":"kofun_b8255e041e","name":"田中古墳群","kana":"たなかこふんぐん","pref":"大阪府","muni":"富田林市"}},{"type":"Feature","geometry":{"type":"Point","coordinates":[135.574538,34.439669]},"properties":{"id":"kofun_4c5a34cb11","name":"大師山古墳","kana":"だいしやまこふん","pref":"大阪府","muni":"河内長野市"}},{"type":"Feature","geometry":{"type":"Point","coordinates":[135.488421,34.575764]},"properties":{"id":"kofun_70a34f82eb","name":"田出井山古墳","kana":"たでいやまこふん","pref":"大阪府","muni":"堺市 堺区"}},{"type":"Feature","geometry":{"type":"Point","coordinates":[135.487476,34.563943]},"properties":{"id":"kofun_52e85b3649","name":"大仙古墳","kana":"だいせんこふん","pref":"大阪府","muni":"堺市 堺区"}},{"type":"Feature","geometry":{"type":"Point","coordinates":[135.474542,34.550154]},"properties":{"id":"kofun_6816ab9b9d","name":"大塚山古墳","kana":"おおつかやまこふん","pref":"大阪府","muni":"堺市 西区"}},{"type":"Feature","geometry":{"type":"Point","coordinates":[135.481797,34.546699]},"properties":{"id":"kofun_fc767e2f8e","name":"文珠塚古墳","kana":"もんじゆづかこふん","pref":"大阪府","muni":"堺市 西区"}},{"type":"Feature","geometry":{"type":"Point","coordinates":[135.477536,34.553965]},"properties":{"id":"kofun_e3060c5729","name":"ミサンザイ古墳","kana":"みさんざいこふん","pref":"大阪府","muni":"堺市 西区"}},{"type":"Feature","geometry":{"type":"Point","coordinates":[135.478562,34.557196]},"properties":{"id":"kofun_1249249643","name":"七観山古墳","kana":"しちかんやまこふん","pref":"大阪府","muni":"堺市 堺区"}},{"type":"Feature","geometry":{"type":"Point","coordinates":[135.465994,34.555369]},"properties":{"id":"kofun_7d194e5ee4","name":"乳の岡古墳","kana":"ちのおかこふん","pref":"大阪府","muni":"堺市 堺区"}},{"type":"Feature","geometry":{"type":"Point","coordinates":[135.454711,34.53894]},"properties":{"id":"kofun_02814a090c","name":"塔塚古墳","kana":"とうづかこふん","pref":"大阪府","muni":"堺市 西区"}},{"type":"Feature","geometry":{"type":"Point","coordinates":[135.452455,34.536348]},"properties":{"id":"kofun_6ba8a76f15","name":"経塚古墳","kana":"きようづかこふん","pref":"大阪府","muni":"堺市 西区"}},{"type":"Feature","geometry":{"type":"Point","coordinates":[135.476622,34.487309]},"properties":{"id":"kofun_7235704f4a","name":"二本木山古墳","kana":"にほんぎやまこふん","pref":"大阪府","muni":"堺市 南区"}},{"type":"Feature","geometry":{"type":"Point","coordinates":[135.489673,34.48698]},"properties":{"id":"kofun_55e61f6b9f","name":"牛石古墳群","kana":"うしいしこふんぐん","pref":"大阪府","muni":"堺市 南区"}},{"type":"Feature","geometry":{"type":"Point","coordinates":[135.476298,34.476323]},"properties":{"id":"kofun_d8e7941181","name":"檜尾塚原古墳群","kana":"ひのつかはらこふんぐん","pref":"大阪府","muni":"堺市 南区"}},{"type":"Feature","geometry":{"type":"Point","coordinates":[135.515428,34.517785]},"properties":{"id":"kofun_3effa64ec9","name":"陶器千塚","kana":"とうきせんづか","pref":"大阪府","muni":"堺市 中区"}},{"type":"Feature","geometry":{"type":"Point","coordinates":[135.493967,34.554585]},"properties":{"id":"kofun_c1bd279a48","name":"カトンボ山古墳","kana":"かとんぼやまこふん","pref":"大阪府","muni":"堺市 北区"}},{"type":"Feature","geometry":{"type":"Point","coordinates":[135.490517,34.554835]},"properties":{"id":"kofun_8299c11dd2","name":"御廟山古墳","kana":"ごびようやまこふん","pref":"大阪府","muni":"堺市 北区"}},{"type":"Feature","geometry":{"type":"Point","coordinates":[135.485614,34.553355]},"properties":{"id":"kofun_eff56babc9","name":"いたすけ古墳","kana":"いたすけこふん","pref":"大阪府","muni":"堺市 北区"}},{"type":"Feature","geometry":{"type":"Point","coordinates":[135.492564,34.550938]},"properties":{"id":"kofun_920982628f","name":"城の山古墳","kana":"じようのやまこふん","pref":"大阪府","muni":"堺市 北区"}},{"type":"Feature","geometry":{"type":"Point","coordinates":[135.498675,34.546963]},"properties":{"id":"kofun_8b0bd89c25","name":"ニサンザイ古墳","kana":"にさんざいこふん","pref":"大阪府","muni":"堺市 北区"}},{"type":"Feature","geometry":{"type":"Point","coordinates":[135.49161,34.544598]},"properties":{"id":"kofun_07112fc7dd","name":"平井塚古墳","kana":"ひらいづかこふん","pref":"大阪府","muni":"堺市 北区"}},{"type":"Feature","geometry":{"type":"Point","coordinates":[135.490654,34.562837]},"properties":{"id":"kofun_4f27def9cf","name":"塚廻古墳","kana":"つかまわりこふん","pref":"大阪府","muni":"堺市 堺区"}},{"type":"Feature","geometry":{"type":"Point","coordinates":[135.487764,34.557676]},"properties":{"id":"kofun_f24690eb93","name":"長塚古墳","kana":"ながつかこふん","pref":"大阪府","muni":"堺市 堺区"}},{"type":"Feature","geometry":{"type":"Point","coordinates":[135.483764,34.557029]},"properties":{"id":"kofun_9623299d50","name":"グワショウ坊古墳","kana":"ぐわしようぼうこふん","pref":"大阪府","muni":"堺市 堺区"}},{"type":"Feature","geometry":{"type":"Point","coordinates":[135.50023,34.552735]},"properties":{"id":"kofun_71fafddfbf","name":"定の山古墳","kana":"じようのやまこふん","pref":"大阪府","muni":"堺市 北区"}},{"type":"Feature","geometry":{"type":"Point","coordinates":[135.446864,34.521814]},"properties":{"id":"kofun_7a66134a01","name":"富木車塚古墳","kana":"とのきくるまづかこふん","pref":"大阪府","muni":"高石市"}},{"type":"Feature","geometry":{"type":"Point","coordinates":[135.456815,34.514148]},"properties":{"id":"kofun_30c3c9a3bf","name":"黄金塚古墳","kana":"こがねづかこふん","pref":"大阪府","muni":"和泉市"}},{"type":"Feature","geometry":{"type":"Point","coordinates":[135.460401,34.488515]},"properties":{"id":"kofun_0eeee1f64d","name":"道田池古墳群","kana":"みちだいけこふんぐん","pref":"大阪府","muni":"和泉市"}},{"type":"Feature","geometry":{"type":"Point","coordinates":[135.44229,34.508445]},"properties":{"id":"kofun_fed46c2a82","name":"貝吹山古墳","kana":"かいぶきやまこふん","pref":"大阪府","muni":"和泉市"}},{"type":"Feature","geometry":{"type":"Point","coordinates":[135.446949,34.501042]},"properties":{"id":"kofun_7bff9a7672","name":"聖神社古墳群","kana":"ひじりじんじやこふんぐん","pref":"大阪府","muni":"和泉市"}},{"type":"Feature","geometry":{"type":"Point","coordinates":[135.440832,34.49525]},"properties":{"id":"kofun_9e92e75245","name":"信太千塚古墳群","kana":"しのだせんづかこふんぐん","pref":"大阪府","muni":"和泉市"}},{"type":"Feature","geometry":{"type":"Point","coordinates":[135.444371,34.495827]},"properties":{"id":"kofun_883738b638","name":"丸笠山古墳","kana":"まるがさやまこふん","pref":"大阪府","muni":"和泉市"}},{"type":"Feature","geometry":{"type":"Point","coordinates":[135.480904,34.450394]},"properties":{"id":"kofun_bf86400454","name":"三林古墳群","kana":"みばやしこふんぐん","pref":"大阪府","muni":"和泉市"}},{"type":"Feature","geometry":{"type":"Point","coordinates":[135.409904,34.459636]},"properties":{"id":"kofun_91cc0066e6","name":"貝吹山古墳","kana":"かいぶきやまこふん","pref":"大阪府","muni":"岸和田市"}},{"type":"Feature","geometry":{"type":"Point","coordinates":[135.408256,34.458351]},"properties":{"id":"kofun_a79af316bd","name":"風吹山古墳","kana":"かぜふきやまこふん","pref":"大阪府","muni":"岸和田市"}},{"type":"Feature","geometry":{"type":"Point","coordinates":[135.432762,34.462711]},"properties":{"id":"kofun_183d5ee787","name":"摩湯山古墳","kana":"まゆやまこふん","pref":"大阪府","muni":"岸和田市"}},{"type":"Feature","geometry":{"type":"Point","coordinates":[135.432313,34.461559]},"properties":{"id":"kofun_e2b8ef0ed4","name":"馬子塚古墳","kana":"まごづかこふん","pref":"大阪府","muni":"岸和田市"}},{"type":"Feature","geometry":{"type":"Point","coordinates":[135.355363,34.428618]},"properties":{"id":"kofun_9efa3de698","name":"丸山古墳","kana":"まるやまこふん","pref":"大阪府","muni":"貝塚市"}},{"type":"Feature","geometry":{"type":"Point","coordinates":[135.178752,34.330333]},"properties":{"id":"kofun_e0f587167b","name":"宇度墓古墳","kana":"うどばかこふん","pref":"大阪府","muni":"岬町"}},{"type":"Feature","geometry":{"type":"Point","coordinates":[135.170345,34.33224]},"properties":{"id":"kofun_f98fd3674f","name":"鴻ノ巣山古墳群","kana":"こうのすやまこふんぐん","pref":"大阪府","muni":"岬町"}},{"type":"Feature","geometry":{"type":"Point","coordinates":[135.174273,34.32725]},"properties":{"id":"kofun_5f42a98ebc","name":"西小山古墳","kana":"にしこやまこふん","pref":"大阪府","muni":"岬町"}},{"type":"Feature","geometry":{"type":"Point","coordinates":[135.16901,34.327029]},"properties":{"id":"kofun_fa54670eb4","name":"西陵古墳","kana":"さいりようこふん","pref":"大阪府","muni":"岬町"}},{"type":"Feature","geometry":{"type":"Point","coordinates":[135.16727,34.324359]},"properties":{"id":"kofun_64a0898c57","name":"真鍋山古墳","kana":"まなべやまこふん","pref":"大阪府","muni":"岬町"}},{"type":"Feature","geometry":{"type":"Point","coordinates":[135.164477,34.324108]},"properties":{"id":"kofun_3ae590fe17","name":"白峠山古墳","kana":"しらとうげやまこふん","pref":"大阪府","muni":"岬町"}},{"type":"Feature","geometry":{"type":"Point","coordinates":[135.170345,34.33224]},"properties":{"id":"kofun_57561d12f1","name":"磯山古墳群","kana":"いそやまこふんぐん","pref":"大阪府","muni":"岬町"}},{"type":"Feature","geometry":{"type":"Point","coordinates":[135.149268,34.318047]},"properties":{"id":"kofun_42aadaf456","name":"みどり山古墳群","kana":"みどりやまこふんぐん","pref":"大阪府","muni":"岬町"}},{"type":"Feature","geometry":{"type":"Point","coordinates":[135.157432,34.678148]},"properties":{"id":"kofun_d76dadfb41","name":"会下山二本松古墳","kana":"えげやまにほんまつこふん","pref":"兵庫県","muni":"神戸市 兵庫区"}},{"type":"Feature","geometry":{"type":"Point","coordinates":[135.226276,34.704984]},"properties":{"id":"kofun_f1ac1b10cb","name":"西求女塚古墳","kana":"にしもとめづかこふん","pref":"兵庫県","muni":"神戸市 灘区"}},{"type":"Feature","geometry":{"type":"Point","coordinates":[135.247382,34.711216]},"properties":{"id":"kofun_102def377b","name":"処女塚古墳","kana":"おとめづかこふん","pref":"兵庫県","muni":"神戸市 東灘区"}},{"type":"Feature","geometry":{"type":"Point","coordinates":[135.264096,34.712945]},"properties":{"id":"kofun_e62e7ac4d2","name":"東求女塚古墳","kana":"ひがしもとめづかこふん","pref":"兵庫県","muni":"神戸市 東灘区"}},{"type":"Feature","geometry":{"type":"Point","coordinates":[135.274628,34.727979]},"properties":{"id":"kofun_86651cecce","name":"ヘボソ塚古墳","kana":"へぼそづかこふん","pref":"兵庫県","muni":"神戸市 東灘区"}},{"type":"Feature","geometry":{"type":"Point","coordinates":[135.044872,34.630191]},"properties":{"id":"kofun_359a14b628","name":"五色塚古墳・小壺古墳","kana":"ごしきづかこふん・こつぼこふん","pref":"兵庫県","muni":"神戸市 垂水区"}},{"type":"Feature","geometry":{"type":"Point","coordinates":[134.972135,34.67237]},"properties":{"id":"kofun_f3206b3b12","name":"王塚古墳","kana":"おうつかこふん","pref":"兵庫県","muni":"神戸市 西区"}},{"type":"Feature","geometry":{"type":"Point","coordinates":[135.006444,34.675025]},"properties":{"id":"kofun_108958ec5c","name":"白水瓢塚古墳","kana":"しらみずひさごつかこふん","pref":"兵庫県","muni":"神戸市 西区"}},{"type":"Feature","geometry":{"type":"Point","coordinates":[135.009935,34.677036]},"properties":{"id":"kofun_e7a226bdb9","name":"天王山古墳群","kana":"てんのうざんこふんぐん","pref":"兵庫県","muni":"神戸市 西区"}},{"type":"Feature","geometry":{"type":"Point","coordinates":[135.31355,34.73782]},"properties":{"id":"kofun_2f1c0bbff8","name":"阿保親王塚古墳","kana":"あぼしんのうづかこふん","pref":"兵庫県","muni":"芦屋市"}},{"type":"Feature","geometry":{"type":"Point","coordinates":[135.315868,34.731677]},"properties":{"id":"kofun_94c862047c","name":"打出小槌古墳","kana":"うちでこづちこふん","pref":"兵庫県","muni":"芦屋市"}},{"type":"Feature","geometry":{"type":"Point","coordinates":[135.343879,34.752181]},"properties":{"id":"kofun_90ce5c89c7","name":"具足塚古墳","kana":"ぐそくづかこふん","pref":"兵庫県","muni":"西宮市"}},{"type":"Feature","geometry":{"type":"Point","coordinates":[135.193912,34.912187]},"properties":{"id":"kofun_935f43c17b","name":"奈良山古墳群","kana":"ならやまこふんぐん","pref":"兵庫県","muni":"三田市"}},{"type":"Feature","geometry":{"type":"Point","coordinates":[135.193912,34.912187]},"properties":{"id":"kofun_5695f853a3","name":"西山古墳群","kana":"にしやまこふんぐん","pref":"兵庫県","muni":"三田市"}},{"type":"Feature","geometry":{"type":"Point","coordinates":[135.373592,34.796567]},"properties":{"id":"kofun_88da0da5c0","name":"安倉高塚古墳","kana":"あくらたかつかこふん","pref":"兵庫県","muni":"宝塚市"}},{"type":"Feature","geometry":{"type":"Point","coordinates":[135.367633,34.821254]},"properties":{"id":"kofun_68136fa0fa","name":"中山寺古墳","kana":"なかやまでらこふん","pref":"兵庫県","muni":"宝塚市"}},{"type":"Feature","geometry":{"type":"Point","coordinates":[135.393694,34.831833]},"properties":{"id":"kofun_680e6ed1c3","name":"万籟山古墳","kana":"ばんらいさんこふん","pref":"兵庫県","muni":"宝塚市"}},{"type":"Feature","geometry":{"type":"Point","coordinates":[135.363176,34.820094]},"properties":{"id":"kofun_d249688cd3","name":"中山荘園古墳","kana":"なかやまそうえんこふん","pref":"兵庫県","muni":"宝塚市"}},{"type":"Feature","geometry":{"type":"Point","coordinates":[135.414223,34.837837]},"properties":{"id":"kofun_87e13e5030","name":"勝福寺古墳","kana":"しようふくじこふん","pref":"兵庫県","muni":"川西市"}},{"type":"Feature","geometry":{"type":"Point","coordinates":[135.414588,34.766031]},"properties":{"id":"kofun_069132fa03","name":"御願塚古墳","kana":"ごがづかこふん","pref":"兵庫県","muni":"伊丹市"}},{"type":"Feature","geometry":{"type":"Point","coordinates":[135.425193,34.764159]},"properties":{"id":"kofun_46fc10bdb7","name":"園田大塚山古墳","kana":"そのだおおつかやまこふん","pref":"兵庫県","muni":"尼崎市"}},{"type":"Feature","geometry":{"type":"Point","coordinates":[135.422154,34.758293]},"properties":{"id":"kofun_fc0942a4b6","name":"池田山古墳","kana":"いけだやまこふん","pref":"兵庫県","muni":"尼崎市"}},{"type":"Feature","geometry":{"type":"Point","coordinates":[135.392321,34.740337]},"properties":{"id":"kofun_d9dd9a210a","name":"水堂古墳","kana":"みずどうこふん","pref":"兵庫県","muni":"尼崎市"}},{"type":"Feature","geometry":{"type":"Point","coordinates":[135.211283,35.084116]},"properties":{"id":"kofun_191298b6f6","name":"新宮古墳","kana":"しんぐうこふん","pref":"兵庫県","muni":"丹波篠山市"}},{"type":"Feature","geometry":{"type":"Point","coordinates":[135.294693,35.045338]},"properties":{"id":"kofun_279cb393a2","name":"洞中古墳群","kana":"どうなかこふんぐん","pref":"兵庫県","muni":"丹波篠山市"}},{"type":"Feature","geometry":{"type":"Point","coordinates":[135.304275,35.086976]},"properties":{"id":"kofun_88d6c6daa0","name":"雲部車塚古墳","kana":"くもべくるまづかこふん","pref":"兵庫県","muni":"丹波篠山市"}},{"type":"Feature","geometry":{"type":"Point","coordinates":[135.310158,35.090439]},"properties":{"id":"kofun_98946d8fb9","name":"北条古墳","kana":"ほくじようこふん","pref":"兵庫県","muni":"丹波篠山市"}},{"type":"Feature","geometry":{"type":"Point","coordinates":[135.174016,35.100561]},"properties":{"id":"kofun_2a1faed2db","name":"上板井古墳群","kana":"かみいたいこふんぐん","pref":"兵庫県","muni":"丹波篠山市"}},{"type":"Feature","geometry":{"type":"Point","coordinates":[135.15179,35.082444]},"properties":{"id":"kofun_65e67c58da","name":"大滝二号墳","kana":"おおたきにごうふん","pref":"兵庫県","muni":"丹波篠山市"}},{"type":"Feature","geometry":{"type":"Point","coordinates":[135.068827,35.157066]},"properties":{"id":"kofun_bf3448f1ca","name":"親王塚古墳","kana":"しんのうづかこふん","pref":"兵庫県","muni":"丹波市"}},{"type":"Feature","geometry":{"type":"Point","coordinates":[134.98601,35.152204]},"properties":{"id":"kofun_5666ee3f49","name":"長野木戸古墳群","kana":"おさのきどこふんぐん","pref":"兵庫県","muni":"丹波市"}},{"type":"Feature","geometry":{"type":"Point","coordinates":[135.142434,35.219134]},"properties":{"id":"kofun_4b56f44615","name":"久良部一号墳","kana":"くらべいちごうふん","pref":"兵庫県","muni":"丹波市"}},{"type":"Feature","geometry":{"type":"Point","coordinates":[135.003497,35.086722]},"properties":{"id":"kofun_d74528be04","name":"丸山古墳群","kana":"まるやまこふんぐん","pref":"兵庫県","muni":"丹波市"}},{"type":"Feature","geometry":{"type":"Point","coordinates":[134.843532,35.260948]},"properties":{"id":"kofun_f286e60f49","name":"三町田古墳","kana":"みまちだこふん","pref":"兵庫県","muni":"朝来市"}},{"type":"Feature","geometry":{"type":"Point","coordinates":[134.80415,35.259981]},"properties":{"id":"kofun_ee85e9a4ca","name":"船宮古墳","kana":"ふなのみやこふん","pref":"兵庫県","muni":"朝来市"}},{"type":"Feature","geometry":{"type":"Point","coordinates":[134.889126,35.302274]},"properties":{"id":"kofun_eedca6d197","name":"柿坪中山古墳群","kana":"かきつぼなかやまこふんぐん","pref":"兵庫県","muni":"朝来市"}},{"type":"Feature","geometry":{"type":"Point","coordinates":[134.889126,35.302274]},"properties":{"id":"kofun_c381783cfa","name":"馬場一九号墳","kana":"ばばじゆうきゆうごうふん","pref":"兵庫県","muni":"朝来市"}},{"type":"Feature","geometry":{"type":"Point","coordinates":[134.873349,35.287132]},"properties":{"id":"kofun_5abf5c1c1e","name":"森向山古墳群","kana":"もりむかいやまこふんぐん","pref":"兵庫県","muni":"朝来市"}},{"type":"Feature","geometry":{"type":"Point","coordinates":[134.873837,35.356769]},"properties":{"id":"kofun_7278c6595f","name":"岡田古墳群","kana":"おかだこふんぐん","pref":"兵庫県","muni":"朝来市"}},{"type":"Feature","geometry":{"type":"Point","coordinates":[134.852888,35.304987]},"properties":{"id":"kofun_a01f2163d5","name":"筒江古墳","kana":"つつえこふん","pref":"兵庫県","muni":"朝来市"}},{"type":"Feature","geometry":{"type":"Point","coordinates":[134.852888,35.304987]},"properties":{"id":"kofun_a0e17fb87b","name":"筒江中山古墳群","kana":"つつえなかやまこふんぐん","pref":"兵庫県","muni":"朝来市"}},{"type":"Feature","geometry":{"type":"Point","coordinates":[134.861174,35.309586]},"properties":{"id":"kofun_cc69ce7bf2","name":"茶すり山古墳","kana":"ちやすりやまこふん","pref":"兵庫県","muni":"朝来市"}},{"type":"Feature","geometry":{"type":"Point","coordinates":[134.844392,35.339478]},"properties":{"id":"kofun_cf86293077","name":"城の山古墳","kana":"じようのやまこふん","pref":"兵庫県","muni":"朝来市"}},{"type":"Feature","geometry":{"type":"Point","coordinates":[134.842796,35.340626]},"properties":{"id":"kofun_0917565fcb","name":"池田古墳","kana":"いけだこふん","pref":"兵庫県","muni":"朝来市"}},{"type":"Feature","geometry":{"type":"Point","coordinates":[134.831757,35.363315]},"properties":{"id":"kofun_624c5add3b","name":"上山五号墳","kana":"うやまごごうふん","pref":"兵庫県","muni":"朝来市"}},{"type":"Feature","geometry":{"type":"Point","coordinates":[134.803861,35.398203]},"properties":{"id":"kofun_8987ad9df3","name":"大薮古墳群","kana":"おおやぶこふんぐん","pref":"兵庫県","muni":"養父市"}},{"type":"Feature","geometry":{"type":"Point","coordinates":[134.78644,35.37334]},"properties":{"id":"kofun_dc58cb9bc3","name":"養父観音塚古墳","kana":"やぶかんのんづかこふん","pref":"兵庫県","muni":"養父市"}},{"type":"Feature","geometry":{"type":"Point","coordinates":[134.753775,35.400314]},"properties":{"id":"kofun_461b822a42","name":"箕谷古墳群","kana":"みいだにこふんぐん","pref":"兵庫県","muni":"養父市"}},{"type":"Feature","geometry":{"type":"Point","coordinates":[134.775298,35.436073]},"properties":{"id":"kofun_763b41a874","name":"源氏山古墳群","kana":"げんじやまこふんぐん","pref":"兵庫県","muni":"養父市"}},{"type":"Feature","geometry":{"type":"Point","coordinates":[134.884028,35.461905]},"properties":{"id":"kofun_f425ff48d9","name":"茶臼山古墳","kana":"ちやうすやまこふん","pref":"兵庫県","muni":"豊岡市"}},{"type":"Feature","geometry":{"type":"Point","coordinates":[134.857023,35.496015]},"properties":{"id":"kofun_da0774394c","name":"田多地引谷古墳群","kana":"ただちひきたにこふんぐん","pref":"兵庫県","muni":"豊岡市"}},{"type":"Feature","geometry":{"type":"Point","coordinates":[134.869263,35.486984]},"properties":{"id":"kofun_2be77deb04","name":"御屋敷古墳群","kana":"おやしきこふんぐん","pref":"兵庫県","muni":"豊岡市"}},{"type":"Feature","geometry":{"type":"Point","coordinates":[134.796858,35.465298]},"properties":{"id":"kofun_4b8e388f59","name":"楯縫古墳","kana":"たてぬいこふん","pref":"兵庫県","muni":"豊岡市"}},{"type":"Feature","geometry":{"type":"Point","coordinates":[134.750745,35.635735]},"properties":{"id":"kofun_8ba81819b1","name":"出持地古墳群","kana":"いずもちこふんぐん","pref":"兵庫県","muni":"豊岡市"}},{"type":"Feature","geometry":{"type":"Point","coordinates":[134.798699,35.587268]},"properties":{"id":"kofun_6187e8625d","name":"二見谷古墳群","kana":"ふたみだにこふんぐん","pref":"兵庫県","muni":"豊岡市"}},{"type":"Feature","geometry":{"type":"Point","coordinates":[134.814681,35.531416]},"properties":{"id":"kofun_a1adc7230a","name":"見手山一号墳","kana":"みてやまいちごうふん","pref":"兵庫県","muni":"豊岡市"}},{"type":"Feature","geometry":{"type":"Point","coordinates":[134.86402,35.507109]},"properties":{"id":"kofun_31ca54030c","name":"長谷ホウジ古墳群","kana":"ながたにほうじこふんぐん","pref":"兵庫県","muni":"豊岡市"}},{"type":"Feature","geometry":{"type":"Point","coordinates":[134.866467,35.521254]},"properties":{"id":"kofun_32728b9d29","name":"森尾古墳","kana":"もりおこふん","pref":"兵庫県","muni":"豊岡市"}},{"type":"Feature","geometry":{"type":"Point","coordinates":[134.866467,35.521254]},"properties":{"id":"kofun_388f5d0955","name":"北浦古墳群","kana":"きたうらこふんぐん","pref":"兵庫県","muni":"豊岡市"}},{"type":"Feature","geometry":{"type":"Point","coordinates":[134.856242,35.524589]},"properties":{"id":"kofun_62ac087ea9","name":"カチヤ古墳","kana":"かちやこふん","pref":"兵庫県","muni":"豊岡市"}},{"type":"Feature","geometry":{"type":"Point","coordinates":[134.823319,35.493408]},"properties":{"id":"kofun_4ec053640f","name":"大師山古墳群","kana":"だいしやまこふんぐん","pref":"兵庫県","muni":"豊岡市"}},{"type":"Feature","geometry":{"type":"Point","coordinates":[134.821938,35.478228]},"properties":{"id":"kofun_e9f1bd1937","name":"中郷深谷古墳群","kana":"なかのごうふかだにこふんぐん","pref":"兵庫県","muni":"豊岡市"}},{"type":"Feature","geometry":{"type":"Point","coordinates":[134.615708,35.484215]},"properties":{"id":"kofun_1c32443626","name":"長者ヶ平古墳群","kana":"ちようじやがなるこふんぐん","pref":"兵庫県","muni":"香美町"}},{"type":"Feature","geometry":{"type":"Point","coordinates":[134.615708,35.484215]},"properties":{"id":"kofun_149ea4678b","name":"文堂古墳","kana":"ぶんどうこふん","pref":"兵庫県","muni":"香美町"}},{"type":"Feature","geometry":{"type":"Point","coordinates":[134.615708,35.484215]},"properties":{"id":"kofun_54d6afcfb3","name":"三之谷古墳群","kana":"さんのたにこふんぐん","pref":"兵庫県","muni":"香美町"}},{"type":"Feature","geometry":{"type":"Point","coordinates":[134.473306,35.624328]},"properties":{"id":"kofun_bea49c01b8","name":"二方古墳","kana":"ふたかたこふん","pref":"兵庫県","muni":"新温泉町"}},{"type":"Feature","geometry":{"type":"Point","coordinates":[135.004411,34.594263]},"properties":{"id":"kofun_8e8bfeb58f","name":"石の寝屋古墳","kana":"いしのねやこふん","pref":"兵庫県","muni":"淡路市"}},{"type":"Feature","geometry":{"type":"Point","coordinates":[134.545379,34.857952]},"properties":{"id":"kofun_c506dedae6","name":"明神古墳群","kana":"みようじんこふんぐん","pref":"兵庫県","muni":"たつの市"}},{"type":"Feature","geometry":{"type":"Point","coordinates":[134.671042,34.257555]},"properties":{"id":"kofun_cea2b27093","name":"沖の島古墳群","kana":"おきのしまこふんぐん","pref":"兵庫県","muni":"南あわじ市"}},{"type":"Feature","geometry":{"type":"Point","coordinates":[134.739943,34.295913]},"properties":{"id":"kofun_97a3b4956a","name":"佐礼尾古墳","kana":"されおこふん","pref":"兵庫県","muni":"南あわじ市"}},{"type":"Feature","geometry":{"type":"Point","coordinates":[134.73821,34.280298]},"properties":{"id":"kofun_04b7329746","name":"西山北古墳","kana":"にしやまきたこふん","pref":"兵庫県","muni":"南あわじ市"}},{"type":"Feature","geometry":{"type":"Point","coordinates":[134.892189,34.336188]},"properties":{"id":"kofun_56b62b2436","name":"曲田山古墳","kana":"まがたやまこふん","pref":"兵庫県","muni":"洲本市"}},{"type":"Feature","geometry":{"type":"Point","coordinates":[134.861174,34.789937]},"properties":{"id":"kofun_070c1d576e","name":"地蔵寺古墳","kana":"じぞうじこふん","pref":"兵庫県","muni":"加古川市"}},{"type":"Feature","geometry":{"type":"Point","coordinates":[134.880121,34.813008]},"properties":{"id":"kofun_9202b2cd7e","name":"天坊山古墳","kana":"てんぼうさんこふん","pref":"兵庫県","muni":"加古川市"}},{"type":"Feature","geometry":{"type":"Point","coordinates":[134.891723,34.80314]},"properties":{"id":"kofun_aac576672d","name":"長慶寺山古墳","kana":"ちようけいじやまこふん","pref":"兵庫県","muni":"加古川市"}},{"type":"Feature","geometry":{"type":"Point","coordinates":[134.865254,34.774415]},"properties":{"id":"kofun_d7614889ce","name":"日岡山古墳群","kana":"ひおかやまこふんぐん","pref":"兵庫県","muni":"加古川市"}},{"type":"Feature","geometry":{"type":"Point","coordinates":[134.886036,34.783523]},"properties":{"id":"kofun_ba188e2177","name":"西条古墳群","kana":"さいじようこふんぐん","pref":"兵庫県","muni":"加古川市"}},{"type":"Feature","geometry":{"type":"Point","coordinates":[134.77181,34.796676]},"properties":{"id":"kofun_b2df8b37c0","name":"経塚山古墳","kana":"きようづかやまこふん","pref":"兵庫県","muni":"高砂市"}},{"type":"Feature","geometry":{"type":"Point","coordinates":[134.966183,34.915767]},"properties":{"id":"kofun_8250b550a8","name":"名草古墳群","kana":"なぐさこふんぐん","pref":"兵庫県","muni":"加東市"}},{"type":"Feature","geometry":{"type":"Point","coordinates":[134.987834,34.94907]},"properties":{"id":"kofun_77c5987e87","name":"小丸山一号墳","kana":"こまるやまいちごうふん","pref":"兵庫県","muni":"加東市"}},{"type":"Feature","geometry":{"type":"Point","coordinates":[134.934451,34.922413]},"properties":{"id":"kofun_6bb6c0da25","name":"黒石山古墳群","kana":"くろいしやまこふんぐん","pref":"兵庫県","muni":"加東市"}},{"type":"Feature","geometry":{"type":"Point","coordinates":[134.931198,34.854021]},"properties":{"id":"kofun_7edc460060","name":"小野王塚古墳","kana":"おのおうづかこふん","pref":"兵庫県","muni":"小野市"}},{"type":"Feature","geometry":{"type":"Point","coordinates":[134.934623,34.860267]},"properties":{"id":"kofun_d5301137f9","name":"敷地大塚古墳","kana":"しきじおおつかこふん","pref":"兵庫県","muni":"小野市"}},{"type":"Feature","geometry":{"type":"Point","coordinates":[134.975514,34.887113]},"properties":{"id":"kofun_2efda83255","name":"船木中番古墳群","kana":"ふなきなかばんこふんぐん","pref":"兵庫県","muni":"小野市"}},{"type":"Feature","geometry":{"type":"Point","coordinates":[134.820133,34.91006]},"properties":{"id":"kofun_ec4053fd20","name":"石櫃戸古墳","kana":"いしのからとこふん","pref":"兵庫県","muni":"加西市"}},{"type":"Feature","geometry":{"type":"Point","coordinates":[134.844058,34.860496]},"properties":{"id":"kofun_7ba3fecfbe","name":"後藤山古墳","kana":"ごとうやまこふん","pref":"兵庫県","muni":"加西市"}},{"type":"Feature","geometry":{"type":"Point","coordinates":[134.850456,34.921905]},"properties":{"id":"kofun_346236445c","name":"玉丘古墳","kana":"たまおかこふん","pref":"兵庫県","muni":"加西市"}},{"type":"Feature","geometry":{"type":"Point","coordinates":[134.855687,34.929411]},"properties":{"id":"kofun_0426b22ce4","name":"亀山古墳","kana":"かめやまこふん","pref":"兵庫県","muni":"加西市"}},{"type":"Feature","geometry":{"type":"Point","coordinates":[134.916936,35.07536]},"properties":{"id":"kofun_6ca1708892","name":"東山古墳群","kana":"ひがしやまこふんぐん","pref":"兵庫県","muni":"多可町"}},{"type":"Feature","geometry":{"type":"Point","coordinates":[134.997942,35.002125]},"properties":{"id":"kofun_a6805b505d","name":"岡之山古墳","kana":"おかのやまこふん","pref":"兵庫県","muni":"西脇市"}},{"type":"Feature","geometry":{"type":"Point","coordinates":[134.998572,35.002037]},"properties":{"id":"kofun_72d085bcd6","name":"滝ノ上二〇号墳","kana":"たきのかみにじゆうごうふん","pref":"兵庫県","muni":"西脇市"}},{"type":"Feature","geometry":{"type":"Point","coordinates":[134.747932,34.994793]},"properties":{"id":"kofun_277ed70331","name":"観音寺山古墳","kana":"かんのんじやまこふん","pref":"兵庫県","muni":"市川町"}},{"type":"Feature","geometry":{"type":"Point","coordinates":[134.763327,34.989229]},"properties":{"id":"kofun_171f924528","name":"山王古墳群","kana":"さんのうこふんぐん","pref":"兵庫県","muni":"市川町"}},{"type":"Feature","geometry":{"type":"Point","coordinates":[134.77182,34.960072]},"properties":{"id":"kofun_1c8f9aa040","name":"妙徳山古墳","kana":"みようとくさんこふん","pref":"兵庫県","muni":"福崎町"}},{"type":"Feature","geometry":{"type":"Point","coordinates":[134.726418,34.905032]},"properties":{"id":"kofun_f95ff94b76","name":"法花堂二号墳","kana":"ほつけどうにごうふん","pref":"兵庫県","muni":"姫路市"}},{"type":"Feature","geometry":{"type":"Point","coordinates":[134.697975,34.869189]},"properties":{"id":"kofun_25e47e9f65","name":"御輿塚古墳","kana":"みこしづかこふん","pref":"兵庫県","muni":"姫路市"}},{"type":"Feature","geometry":{"type":"Point","coordinates":[134.719175,34.816193]},"properties":{"id":"kofun_95ff8f2783","name":"宮山古墳","kana":"みややまこふん","pref":"兵庫県","muni":"姫路市"}},{"type":"Feature","geometry":{"type":"Point","coordinates":[134.73538,34.822446]},"properties":{"id":"kofun_accf6efd04","name":"壇場山古墳","kana":"だんじようざんこふん","pref":"兵庫県","muni":"姫路市"}},{"type":"Feature","geometry":{"type":"Point","coordinates":[134.734096,34.823976]},"properties":{"id":"kofun_639d6cf88d","name":"山之越古墳","kana":"やまのこしこふん","pref":"兵庫県","muni":"姫路市"}},{"type":"Feature","geometry":{"type":"Point","coordinates":[134.766257,34.852542]},"properties":{"id":"kofun_bcdfde3439","name":"飾東古墳群","kana":"しきとうこふんぐん","pref":"兵庫県","muni":"姫路市"}},{"type":"Feature","geometry":{"type":"Point","coordinates":[134.701464,34.796141]},"properties":{"id":"kofun_564f440227","name":"御旅山古墳群","kana":"おたびやまこふんぐん","pref":"兵庫県","muni":"姫路市"}},{"type":"Feature","geometry":{"type":"Point","coordinates":[134.742832,34.86863]},"properties":{"id":"kofun_6ad3988556","name":"横山古墳群","kana":"よこやまこふんぐん","pref":"兵庫県","muni":"姫路市"}},{"type":"Feature","geometry":{"type":"Point","coordinates":[134.599963,34.818007]},"properties":{"id":"kofun_c7c2267c95","name":"丁瓢塚古墳","kana":"よろひさごづかこふん","pref":"兵庫県","muni":"姫路市"}},{"type":"Feature","geometry":{"type":"Point","coordinates":[134.599963,34.818007]},"properties":{"id":"kofun_0a315ee76e","name":"丁古墳群","kana":"よろこふんぐん","pref":"兵庫県","muni":"姫路市"}},{"type":"Feature","geometry":{"type":"Point","coordinates":[134.604307,34.846461]},"properties":{"id":"kofun_bfa4c28702","name":"上太田二号墳","kana":"かみおおだにごうふん","pref":"兵庫県","muni":"太子町"}},{"type":"Feature","geometry":{"type":"Point","coordinates":[134.590882,34.842391]},"properties":{"id":"kofun_00c667aa8e","name":"松田山古墳","kana":"まつだやまこふん","pref":"兵庫県","muni":"太子町"}},{"type":"Feature","geometry":{"type":"Point","coordinates":[134.543131,34.932383]},"properties":{"id":"kofun_8a6af51b17","name":"宮内古墳群","kana":"みやうちこふんぐん","pref":"兵庫県","muni":"たつの市"}},{"type":"Feature","geometry":{"type":"Point","coordinates":[134.533712,34.901257]},"properties":{"id":"kofun_c6399f1316","name":"姥塚古墳","kana":"うばづかこふん","pref":"兵庫県","muni":"たつの市"}},{"type":"Feature","geometry":{"type":"Point","coordinates":[134.545966,34.936286]},"properties":{"id":"kofun_d136eef3a0","name":"吉島古墳","kana":"よしまこふん","pref":"兵庫県","muni":"たつの市"}},{"type":"Feature","geometry":{"type":"Point","coordinates":[134.561962,34.795035]},"properties":{"id":"kofun_ee1cb00915","name":"権現山五一号墳","kana":"ごんげんやまごじゆういちごうふん","pref":"兵庫県","muni":"たつの市"}},{"type":"Feature","geometry":{"type":"Point","coordinates":[134.557254,34.772362]},"properties":{"id":"kofun_3a141a58f8","name":"輿塚古墳","kana":"こしづかこふん","pref":"兵庫県","muni":"たつの市"}},{"type":"Feature","geometry":{"type":"Point","coordinates":[134.539599,34.861941]},"properties":{"id":"kofun_02ee7a17ac","name":"西宮山古墳","kana":"にしみややまこふん","pref":"兵庫県","muni":"たつの市"}},{"type":"Feature","geometry":{"type":"Point","coordinates":[134.514376,34.859791]},"properties":{"id":"kofun_8381c9d3d5","name":"中垣内一号墳","kana":"なかがいちいちごうふん","pref":"兵庫県","muni":"たつの市"}},{"type":"Feature","geometry":{"type":"Point","coordinates":[134.491304,34.849812]},"properties":{"id":"kofun_22c96508b3","name":"長尾タイ山古墳群","kana":"ながおたいやまこふんぐん","pref":"兵庫県","muni":"たつの市"}},{"type":"Feature","geometry":{"type":"Point","coordinates":[134.509878,34.838316]},"properties":{"id":"kofun_82f772237d","name":"龍子三ッ塚古墳群","kana":"りゆうこみつづかこふんぐん","pref":"兵庫県","muni":"たつの市"}},{"type":"Feature","geometry":{"type":"Point","coordinates":[134.463765,34.764152]},"properties":{"id":"kofun_dddf99e365","name":"壺根古墳群","kana":"つぼねこふんぐん","pref":"兵庫県","muni":"相生市"}},{"type":"Feature","geometry":{"type":"Point","coordinates":[134.495366,34.822423]},"properties":{"id":"kofun_ccf9544a46","name":"那波野古墳","kana":"なばのこふん","pref":"兵庫県","muni":"相生市"}},{"type":"Feature","geometry":{"type":"Point","coordinates":[134.417615,34.837708]},"properties":{"id":"kofun_16b043df85","name":"若狭野古墳","kana":"わかさのこふん","pref":"兵庫県","muni":"相生市"}},{"type":"Feature","geometry":{"type":"Point","coordinates":[134.374485,34.862433]},"properties":{"id":"kofun_aba4d5e4fc","name":"与井一号墳","kana":"よいいちごうふん","pref":"兵庫県","muni":"上郡町"}},{"type":"Feature","geometry":{"type":"Point","coordinates":[134.383936,34.855873]},"properties":{"id":"kofun_065c5f1c25","name":"西野山三号墳","kana":"にしのやまさんごうふん","pref":"兵庫県","muni":"上郡町"}},{"type":"Feature","geometry":{"type":"Point","coordinates":[134.417238,34.735604]},"properties":{"id":"kofun_3705c9881f","name":"尾崎大塚古墳","kana":"おさきおおつかこふん","pref":"兵庫県","muni":"赤穂市"}},{"type":"Feature","geometry":{"type":"Point","coordinates":[134.390778,34.836098]},"properties":{"id":"kofun_19d0ce1888","name":"木虎谷二号墳","kana":"きとらだににごうふん","pref":"兵庫県","muni":"赤穂市"}},{"type":"Feature","geometry":{"type":"Point","coordinates":[134.372122,35.025618]},"properties":{"id":"kofun_1f1b1d6877","name":"横坂一号墳","kana":"よこさかいちごうふん","pref":"兵庫県","muni":"佐用町"}},{"type":"Feature","geometry":{"type":"Point","coordinates":[134.448858,34.975879]},"properties":{"id":"kofun_b534853fee","name":"高畑古墳","kana":"たかはたこふん","pref":"兵庫県","muni":"佐用町"}},{"type":"Feature","geometry":{"type":"Point","coordinates":[134.552538,34.965651]},"properties":{"id":"kofun_d25feead63","name":"宇原古墳群","kana":"うはらこふんぐん","pref":"兵庫県","muni":"宍粟市"}},{"type":"Feature","geometry":{"type":"Point","coordinates":[134.579237,34.976109]},"properties":{"id":"kofun_f79e38d194","name":"塩野六角墳","kana":"しおのろつかくふん","pref":"兵庫県","muni":"姫路市"}},{"type":"Feature","geometry":{"type":"Point","coordinates":[134.595663,35.083935]},"properties":{"id":"kofun_5b1e5a4837","name":"伊和中山古墳群","kana":"いわなかやまこふんぐん","pref":"兵庫県","muni":"宍粟市"}},{"type":"Feature","geometry":{"type":"Point","coordinates":[135.711405,34.620933]},"properties":{"id":"kofun_f07d5c137a","name":"椿井宮山古墳","kana":"つばいみややまこふん","pref":"奈良県","muni":"平群町"}},{"type":"Feature","geometry":{"type":"Point","coordinates":[135.702144,34.622655]},"properties":{"id":"kofun_3e0c3ca239","name":"西宮古墳","kana":"にしのみやこふん","pref":"奈良県","muni":"平群町"}},{"type":"Feature","geometry":{"type":"Point","coordinates":[135.702469,34.617697]},"properties":{"id":"kofun_84c81058b9","name":"烏土塚古墳","kana":"うどづかこふん","pref":"奈良県","muni":"平群町"}},{"type":"Feature","geometry":{"type":"Point","coordinates":[135.69573,34.618107]},"properties":{"id":"kofun_ec0b5708eb","name":"柿塚古墳","kana":"かきづかこふん","pref":"奈良県","muni":"平群町"}},{"type":"Feature","geometry":{"type":"Point","coordinates":[135.69655,34.629967]},"properties":{"id":"kofun_8d31711f23","name":"ツボリ山古墳","kana":"つぼりやまこふん","pref":"奈良県","muni":"平群町"}},{"type":"Feature","geometry":{"type":"Point","coordinates":[135.707954,34.632374]},"properties":{"id":"kofun_edd7c1806b","name":"三里古墳","kana":"みさとこふん","pref":"奈良県","muni":"平群町"}},{"type":"Feature","geometry":{"type":"Point","coordinates":[135.705886,34.605463]},"properties":{"id":"kofun_8ed407f2b5","name":"勢野茶臼山古墳","kana":"せやちやうすやまこふん","pref":"奈良県","muni":"三郷町"}},{"type":"Feature","geometry":{"type":"Point","coordinates":[135.683823,34.593106]},"properties":{"id":"kofun_50cb6071e4","name":"立野一号墳・立野二号墳","kana":"たつのいちごうふん・たつのにごうふん","pref":"奈良県","muni":"三郷町"}},{"type":"Feature","geometry":{"type":"Point","coordinates":[135.730648,34.60887]},"properties":{"id":"kofun_cd0561ea6d","name":"御坊山古墳","kana":"ごぼうやまこふん","pref":"奈良県","muni":"斑鳩町"}},{"type":"Feature","geometry":{"type":"Point","coordinates":[135.73271,34.606402]},"properties":{"id":"kofun_8118e0b9d0","name":"斑鳩大塚古墳","kana":"いかるがおおつかこふん","pref":"奈良県","muni":"斑鳩町"}},{"type":"Feature","geometry":{"type":"Point","coordinates":[135.732271,34.61967]},"properties":{"id":"kofun_d616371e31","name":"仏塚古墳","kana":"ほとけづかこふん","pref":"奈良県","muni":"斑鳩町"}},{"type":"Feature","geometry":{"type":"Point","coordinates":[135.729482,34.611803]},"properties":{"id":"kofun_38a055577b","name":"藤ノ木古墳","kana":"ふじのきこふん","pref":"奈良県","muni":"斑鳩町"}},{"type":"Feature","geometry":{"type":"Point","coordinates":[135.726044,34.624551]},"properties":{"id":"kofun_5219d84a77","name":"寺山横穴古墳","kana":"てらやまよこあなこふん","pref":"奈良県","muni":"斑鳩町"}},{"type":"Feature","geometry":{"type":"Point","coordinates":[135.745575,34.61405]},"properties":{"id":"kofun_5813bc53a8","name":"駒塚古墳","kana":"こまづかこふん","pref":"奈良県","muni":"斑鳩町"}},{"type":"Feature","geometry":{"type":"Point","coordinates":[135.743534,34.624451]},"properties":{"id":"kofun_b6d9e2a580","name":"瓦塚一号墳・瓦塚二号墳","kana":"かわらづかいちごうふん・かわらづかにごうふん","pref":"奈良県","muni":"斑鳩町"}},{"type":"Feature","geometry":{"type":"Point","coordinates":[135.703642,34.672102]},"properties":{"id":"kofun_f6fce43178","name":"竹林寺古墳","kana":"ちくりんじこふん","pref":"奈良県","muni":"生駒市"}},{"type":"Feature","geometry":{"type":"Point","coordinates":[135.706656,34.590029]},"properties":{"id":"kofun_dfff80ad13","name":"達磨寺境内古墳群","kana":"だるまでらけいだいこふんぐん","pref":"奈良県","muni":"王寺町"}},{"type":"Feature","geometry":{"type":"Point","coordinates":[135.694732,34.566939]},"properties":{"id":"kofun_10ad17b3fc","name":"平野塚穴山古墳","kana":"ひらのつかあなやまこふん","pref":"奈良県","muni":"香芝市"}},{"type":"Feature","geometry":{"type":"Point","coordinates":[135.697599,34.567464]},"properties":{"id":"kofun_5b2ed92762","name":"平野一号墳","kana":"ひらのいちごうふん","pref":"奈良県","muni":"香芝市"}},{"type":"Feature","geometry":{"type":"Point","coordinates":[135.697617,34.567578]},"properties":{"id":"kofun_fe5f945390","name":"平野二号墳","kana":"ひらのにごうふん","pref":"奈良県","muni":"香芝市"}},{"type":"Feature","geometry":{"type":"Point","coordinates":[135.701428,34.547843]},"properties":{"id":"kofun_5fce08dcdb","name":"平野三号墳","kana":"ひらのさんごうふん","pref":"奈良県","muni":"香芝市"}},{"type":"Feature","geometry":{"type":"Point","coordinates":[135.708236,34.533814]},"properties":{"id":"kofun_52361689ac","name":"狐井城山古墳","kana":"きついしろやまこふん","pref":"奈良県","muni":"香芝市"}},{"type":"Feature","geometry":{"type":"Point","coordinates":[135.698984,34.541247]},"properties":{"id":"kofun_609601b64b","name":"城山一号墳・城山二号墳","kana":"しろやまいちごうふん・しろやまにごうふん","pref":"奈良県","muni":"香芝市"}},{"type":"Feature","geometry":{"type":"Point","coordinates":[135.693676,34.519602]},"properties":{"id":"kofun_9ff1b1c1ab","name":"新宮原古墳","kana":"しんぐうはらこふん","pref":"奈良県","muni":"葛城市"}},{"type":"Feature","geometry":{"type":"Point","coordinates":[135.687783,34.520948]},"properties":{"id":"kofun_b9be8aca46","name":"鳥谷口古墳","kana":"とりたにぐちこふん","pref":"奈良県","muni":"葛城市"}},{"type":"Feature","geometry":{"type":"Point","coordinates":[135.694938,34.516083]},"properties":{"id":"kofun_e58c282d85","name":"当麻寺本堂下古墳","kana":"たいまでらほんどうしたこふん","pref":"奈良県","muni":"葛城市"}},{"type":"Feature","geometry":{"type":"Point","coordinates":[135.711735,34.515436]},"properties":{"id":"kofun_a07ab1b1d4","name":"首子古墳群","kana":"くびここふんぐん","pref":"奈良県","muni":"葛城市"}},{"type":"Feature","geometry":{"type":"Point","coordinates":[135.692905,34.515738]},"properties":{"id":"kofun_77c956ecb6","name":"櫟山古墳","kana":"くぬやまこふん","pref":"奈良県","muni":"葛城市"}},{"type":"Feature","geometry":{"type":"Point","coordinates":[135.696051,34.509829]},"properties":{"id":"kofun_d9bc04f4b1","name":"竹内古墳群","kana":"たけのうちこふんぐん","pref":"奈良県","muni":"葛城市"}},{"type":"Feature","geometry":{"type":"Point","coordinates":[135.692905,34.515738]},"properties":{"id":"kofun_ff89d73fee","name":"ナベ塚古墳","kana":"なべづかこふん","pref":"奈良県","muni":"葛城市"}},{"type":"Feature","geometry":{"type":"Point","coordinates":[135.692905,34.515738]},"properties":{"id":"kofun_3d5ffe6b16","name":"的場池古墳群","kana":"まとばいけこふんぐん","pref":"奈良県","muni":"葛城市"}},{"type":"Feature","geometry":{"type":"Point","coordinates":[135.707701,34.505729]},"properties":{"id":"kofun_24a7a8a2c2","name":"塚畑古墳","kana":"つかはたこふん","pref":"奈良県","muni":"葛城市"}},{"type":"Feature","geometry":{"type":"Point","coordinates":[135.692905,34.497881]},"properties":{"id":"kofun_0ae9f67ff6","name":"兵家古墳群","kana":"ひようげこふんぐん","pref":"奈良県","muni":"葛城市"}},{"type":"Feature","geometry":{"type":"Point","coordinates":[135.698099,34.498593]},"properties":{"id":"kofun_d50e62aeac","name":"平林古墳","kana":"ひらばやしこふん","pref":"奈良県","muni":"葛城市"}},{"type":"Feature","geometry":{"type":"Point","coordinates":[135.83806,34.543208]},"properties":{"id":"kofun_664a445525","name":"如意古墳群","kana":"によいこふんぐん","pref":"奈良県","muni":"桜井市"}},{"type":"Feature","geometry":{"type":"Point","coordinates":[135.861207,34.299131]},"properties":{"id":"kofun_6b551efadd","name":"金鋳山古墳","kana":"かなゆまこふん","pref":"奈良県","muni":"黒滝村"}},{"type":"Feature","geometry":{"type":"Point","coordinates":[135.701684,34.491084]},"properties":{"id":"kofun_f872b3f056","name":"寺口千塚古墳群","kana":"てらぐちせんづかこふんぐん","pref":"奈良県","muni":"葛城市"}},{"type":"Feature","geometry":{"type":"Point","coordinates":[135.827973,34.297553]},"properties":{"id":"kofun_bf7fdd1f8f","name":"寺口和田古墳群","kana":"てらぐちわだこふんぐん","pref":"奈良県","muni":"黒滝村"}},{"type":"Feature","geometry":{"type":"Point","coordinates":[135.710982,34.490381]},"properties":{"id":"kofun_6a8227618f","name":"神明神社古墳","kana":"しんめいじんじやこふん","pref":"奈良県","muni":"葛城市"}},{"type":"Feature","geometry":{"type":"Point","coordinates":[135.700786,34.486881]},"properties":{"id":"kofun_af1341a328","name":"二塚古墳","kana":"ふたづかこふん","pref":"奈良県","muni":"葛城市"}},{"type":"Feature","geometry":{"type":"Point","coordinates":[135.704374,34.475801]},"properties":{"id":"kofun_0b2a0f6a05","name":"寺口忍海古墳群","kana":"てらぐちおしみこふんぐん","pref":"奈良県","muni":"葛城市"}},{"type":"Feature","geometry":{"type":"Point","coordinates":[135.714309,34.486483]},"properties":{"id":"kofun_6ab9da3f8c","name":"屋敷山古墳","kana":"やしきやまこふん","pref":"奈良県","muni":"葛城市"}},{"type":"Feature","geometry":{"type":"Point","coordinates":[135.713633,34.483522]},"properties":{"id":"kofun_c63ac9cf93","name":"神塚古墳","kana":"こうづかこふん","pref":"奈良県","muni":"葛城市"}},{"type":"Feature","geometry":{"type":"Point","coordinates":[135.892087,34.422837]},"properties":{"id":"kofun_b79a5ece19","name":"兄川底古墳","kana":"あにがわそここふん","pref":"奈良県","muni":"吉野町"}},{"type":"Feature","geometry":{"type":"Point","coordinates":[135.892087,34.422837]},"properties":{"id":"kofun_26d12d0d0f","name":"山口千塚古墳群","kana":"やまぐちせんづかこふんぐん","pref":"奈良県","muni":"吉野町"}},{"type":"Feature","geometry":{"type":"Point","coordinates":[135.827973,34.297553]},"properties":{"id":"kofun_c3c35ec554","name":"笛吹古墳群","kana":"ふえふきこふんぐん","pref":"奈良県","muni":"黒滝村"}},{"type":"Feature","geometry":{"type":"Point","coordinates":[135.709938,34.471785]},"properties":{"id":"kofun_56d4dd2df8","name":"笛吹神社古墳","kana":"ふえふきじんじやこふん","pref":"奈良県","muni":"葛城市"}},{"type":"Feature","geometry":{"type":"Point","coordinates":[135.743004,34.585937]},"properties":{"id":"kofun_8b9a53fcfa","name":"大塚山古墳群","kana":"おおつかやまこふんぐん","pref":"奈良県","muni":"河合町"}},{"type":"Feature","geometry":{"type":"Point","coordinates":[135.726459,34.556207]},"properties":{"id":"kofun_8340b69850","name":"佐味田宝塚古墳","kana":"さみたたからづかこふん","pref":"奈良県","muni":"河合町"}},{"type":"Feature","geometry":{"type":"Point","coordinates":[135.731965,34.563663]},"properties":{"id":"kofun_295209e414","name":"佐味田坊塚古墳","kana":"さみたぼうづかこふん","pref":"奈良県","muni":"河合町"}},{"type":"Feature","geometry":{"type":"Point","coordinates":[135.739541,34.558453]},"properties":{"id":"kofun_e35580a92b","name":"佐味田狐塚古墳","kana":"さみたきつねづかこふん","pref":"奈良県","muni":"河合町"}},{"type":"Feature","geometry":{"type":"Point","coordinates":[135.736207,34.560031]},"properties":{"id":"kofun_97316bf8c5","name":"ナガレ山古墳","kana":"ながれやまこふん","pref":"奈良県","muni":"河合町"}},{"type":"Feature","geometry":{"type":"Point","coordinates":[135.739609,34.56396]},"properties":{"id":"kofun_681478b586","name":"乙女山古墳","kana":"おとめやまこふん","pref":"奈良県","muni":"河合町"}},{"type":"Feature","geometry":{"type":"Point","coordinates":[135.739637,34.560191]},"properties":{"id":"kofun_cbaeeab0e1","name":"倉塚古墳","kana":"くらづかこふん","pref":"奈良県","muni":"河合町"}},{"type":"Feature","geometry":{"type":"Point","coordinates":[135.741028,34.560724]},"properties":{"id":"kofun_18b3d423b5","name":"一本松塚古墳","kana":"いつぽんまつづかこふん","pref":"奈良県","muni":"河合町"}},{"type":"Feature","geometry":{"type":"Point","coordinates":[135.741527,34.568335]},"properties":{"id":"kofun_a4857bf7eb","name":"池上古墳","kana":"いけがみこふん","pref":"奈良県","muni":"広陵町"}},{"type":"Feature","geometry":{"type":"Point","coordinates":[135.741438,34.567977]},"properties":{"id":"kofun_f3dc3ce3ef","name":"坊主山古墳","kana":"ぼうずやまこふん","pref":"奈良県","muni":"広陵町"}},{"type":"Feature","geometry":{"type":"Point","coordinates":[135.743218,34.561274]},"properties":{"id":"kofun_ad99da80d4","name":"文代山古墳","kana":"ぶんじろやまこふん","pref":"奈良県","muni":"広陵町"}},{"type":"Feature","geometry":{"type":"Point","coordinates":[135.759207,34.554856]},"properties":{"id":"kofun_9baceb4d3d","name":"まるこ山古墳","kana":"まるこやまこふん","pref":"奈良県","muni":"広陵町"}},{"type":"Feature","geometry":{"type":"Point","coordinates":[135.740624,34.55628]},"properties":{"id":"kofun_21bfdc2840","name":"巣山古墳","kana":"すやまこふん","pref":"奈良県","muni":"広陵町"}},{"type":"Feature","geometry":{"type":"Point","coordinates":[135.737248,34.5507]},"properties":{"id":"kofun_ec727b44c8","name":"新木山古墳","kana":"にきやまこふん","pref":"奈良県","muni":"広陵町"}},{"type":"Feature","geometry":{"type":"Point","coordinates":[135.73907,34.551274]},"properties":{"id":"kofun_1f040bf39f","name":"鴨山古墳","kana":"かもやまこふん","pref":"奈良県","muni":"広陵町"}},{"type":"Feature","geometry":{"type":"Point","coordinates":[135.73532,34.550416]},"properties":{"id":"kofun_3df3b19807","name":"三吉石塚古墳","kana":"みつよしいしづかこふん","pref":"奈良県","muni":"広陵町"}},{"type":"Feature","geometry":{"type":"Point","coordinates":[135.73907,34.551274]},"properties":{"id":"kofun_a636add44d","name":"牧野古墳","kana":"ばくやこふん","pref":"奈良県","muni":"広陵町"}},{"type":"Feature","geometry":{"type":"Point","coordinates":[135.730146,34.535961]},"properties":{"id":"kofun_3d8462d027","name":"安部山古墳群","kana":"あべやまこふんぐん","pref":"奈良県","muni":"広陵町"}},{"type":"Feature","geometry":{"type":"Point","coordinates":[135.735612,34.532464]},"properties":{"id":"kofun_c6d9aeaabd","name":"新山古墳","kana":"しんやまこふん","pref":"奈良県","muni":"広陵町"}},{"type":"Feature","geometry":{"type":"Point","coordinates":[135.73907,34.531181]},"properties":{"id":"kofun_50d57ee9fe","name":"新山西古墳","kana":"しんやまにしこふん","pref":"奈良県","muni":"広陵町"}},{"type":"Feature","geometry":{"type":"Point","coordinates":[135.731647,34.523375]},"properties":{"id":"kofun_59aa1c2839","name":"築山古墳","kana":"つきやまこふん","pref":"奈良県","muni":"大和高田市"}},{"type":"Feature","geometry":{"type":"Point","coordinates":[135.732119,34.517553]},"properties":{"id":"kofun_ab8116ef21","name":"領家山古墳","kana":"りようけやまこふん","pref":"奈良県","muni":"大和高田市"}},{"type":"Feature","geometry":{"type":"Point","coordinates":[135.732963,34.521065]},"properties":{"id":"kofun_c92d6f7fc5","name":"狐井塚古墳","kana":"きついづかこふん","pref":"奈良県","muni":"大和高田市"}},{"type":"Feature","geometry":{"type":"Point","coordinates":[135.73078,34.461585]},"properties":{"id":"kofun_9fd59a9e1b","name":"鴨都波一号墳","kana":"かもつばいちごうふん","pref":"奈良県","muni":"御所市"}},{"type":"Feature","geometry":{"type":"Point","coordinates":[135.728362,34.472181]},"properties":{"id":"kofun_d9e3dbcc0b","name":"石光山古墳群","kana":"せつこうざんこふんぐん","pref":"奈良県","muni":"御所市"}},{"type":"Feature","geometry":{"type":"Point","coordinates":[135.702371,34.453066]},"properties":{"id":"kofun_acf7dc4ac1","name":"石川古墳群","kana":"いしかわこふんぐん","pref":"奈良県","muni":"御所市"}},{"type":"Feature","geometry":{"type":"Point","coordinates":[135.70948,34.450411]},"properties":{"id":"kofun_1d9d718be9","name":"吐田平古墳群","kana":"はんだびらこふんぐん","pref":"奈良県","muni":"御所市"}},{"type":"Feature","geometry":{"type":"Point","coordinates":[135.733441,34.442977]},"properties":{"id":"kofun_7233139551","name":"宮山古墳","kana":"みややまこふん","pref":"奈良県","muni":"御所市"}},{"type":"Feature","geometry":{"type":"Point","coordinates":[135.738326,34.442754]},"properties":{"id":"kofun_62ccc0426c","name":"みやす塚古墳","kana":"みやすづかこふん","pref":"奈良県","muni":"御所市"}},{"type":"Feature","geometry":{"type":"Point","coordinates":[135.755823,34.450995]},"properties":{"id":"kofun_92397df510","name":"鑵子塚古墳","kana":"かんすづかこふん","pref":"奈良県","muni":"御所市"}},{"type":"Feature","geometry":{"type":"Point","coordinates":[135.751343,34.433935]},"properties":{"id":"kofun_a65ccce111","name":"新宮山古墳","kana":"しんぐうやまこふん","pref":"奈良県","muni":"御所市"}},{"type":"Feature","geometry":{"type":"Point","coordinates":[135.742644,34.411785]},"properties":{"id":"kofun_305721e232","name":"水泥古墳","kana":"みどろこふん","pref":"奈良県","muni":"御所市"}},{"type":"Feature","geometry":{"type":"Point","coordinates":[135.755363,34.424124]},"properties":{"id":"kofun_ee4dda2633","name":"権現堂古墳","kana":"ごんげんどうこふん","pref":"奈良県","muni":"御所市"}},{"type":"Feature","geometry":{"type":"Point","coordinates":[135.712813,34.361844]},"properties":{"id":"kofun_7b597a390b","name":"今井一号墳","kana":"いまいいちごうふん","pref":"奈良県","muni":"五條市"}},{"type":"Feature","geometry":{"type":"Point","coordinates":[135.714332,34.376306]},"properties":{"id":"kofun_49e1b13bae","name":"丸山古墳","kana":"まるやまこふん","pref":"奈良県","muni":"五條市"}},{"type":"Feature","geometry":{"type":"Point","coordinates":[135.703957,34.376517]},"properties":{"id":"kofun_be11a03c2d","name":"猫塚古墳","kana":"ねこづかこふん","pref":"奈良県","muni":"五條市"}},{"type":"Feature","geometry":{"type":"Point","coordinates":[135.709537,34.376603]},"properties":{"id":"kofun_4cbdb2e212","name":"鑵子塚古墳","kana":"かんすづかこふん","pref":"奈良県","muni":"五條市"}},{"type":"Feature","geometry":{"type":"Point","coordinates":[135.705704,34.381793]},"properties":{"id":"kofun_21ddb75a4d","name":"つじの山古墳","kana":"つじのやまこふん","pref":"奈良県","muni":"五條市"}},{"type":"Feature","geometry":{"type":"Point","coordinates":[135.710936,34.391941]},"properties":{"id":"kofun_334a03004c","name":"塚山古墳","kana":"つかやまこふん","pref":"奈良県","muni":"五條市"}},{"type":"Feature","geometry":{"type":"Point","coordinates":[135.755527,34.370715]},"properties":{"id":"kofun_f6b9600438","name":"南阿田大塚山古墳","kana":"みなみあだおおつかやまこふん","pref":"奈良県","muni":"五條市"}},{"type":"Feature","geometry":{"type":"Point","coordinates":[135.750515,34.37645]},"properties":{"id":"kofun_5961ce6f17","name":"大阿太古墳群","kana":"おおあだこふんぐん","pref":"奈良県","muni":"五條市"}},{"type":"Feature","geometry":{"type":"Point","coordinates":[135.800227,34.435759]},"properties":{"id":"kofun_a5f49f56d1","name":"清水谷古墳群","kana":"しみずたにこふんぐん","pref":"奈良県","muni":"高取町"}},{"type":"Feature","geometry":{"type":"Point","coordinates":[135.795949,34.452015]},"properties":{"id":"kofun_dc03f44313","name":"稲村山古墳","kana":"いなむらやまこふん","pref":"奈良県","muni":"高取町"}},{"type":"Feature","geometry":{"type":"Point","coordinates":[135.786355,34.455623]},"properties":{"id":"kofun_bdacfad21c","name":"束明神古墳","kana":"つかみようじんこふん","pref":"奈良県","muni":"高取町"}},{"type":"Feature","geometry":{"type":"Point","coordinates":[135.78003,34.464823]},"properties":{"id":"kofun_1a3853fea4","name":"乾城古墳","kana":"かんじようこふん","pref":"奈良県","muni":"高取町"}},{"type":"Feature","geometry":{"type":"Point","coordinates":[135.774611,34.464684]},"properties":{"id":"kofun_c347527d27","name":"鑵子塚古墳","kana":"かんすづかこふん","pref":"奈良県","muni":"高取町"}},{"type":"Feature","geometry":{"type":"Point","coordinates":[135.776368,34.467924]},"properties":{"id":"kofun_9f3aba25c7","name":"サラタニ横穴","kana":"さらたによこあな","pref":"奈良県","muni":"高取町"}},{"type":"Feature","geometry":{"type":"Point","coordinates":[135.788835,34.435371]},"properties":{"id":"kofun_caa6c9c527","name":"呑谷古墳","kana":"のみだにこふん","pref":"奈良県","muni":"高取町"}},{"type":"Feature","geometry":{"type":"Point","coordinates":[135.772172,34.442583]},"properties":{"id":"kofun_181b3db0a2","name":"市尾宮塚古墳","kana":"いちおみやづかこふん","pref":"奈良県","muni":"高取町"}},{"type":"Feature","geometry":{"type":"Point","coordinates":[135.774553,34.44389]},"properties":{"id":"kofun_3e59ee34e3","name":"市尾墓山古墳","kana":"いちおはかやまこふん","pref":"奈良県","muni":"高取町"}},{"type":"Feature","geometry":{"type":"Point","coordinates":[135.772241,34.439019]},"properties":{"id":"kofun_0164600d00","name":"市尾今田古墳群","kana":"いちおいまだこふんぐん","pref":"奈良県","muni":"高取町"}},{"type":"Feature","geometry":{"type":"Point","coordinates":[135.826148,34.466852]},"properties":{"id":"kofun_99dc034fc7","name":"石舞台古墳","kana":"いしぶたいこふん","pref":"奈良県","muni":"明日香村"}},{"type":"Feature","geometry":{"type":"Point","coordinates":[135.827711,34.463668]},"properties":{"id":"kofun_a3ae456699","name":"都塚古墳","kana":"みやこづかこふん","pref":"奈良県","muni":"明日香村"}},{"type":"Feature","geometry":{"type":"Point","coordinates":[135.834375,34.466351]},"properties":{"id":"kofun_acb7391dd6","name":"打上古墳","kana":"うつあげこふん","pref":"奈良県","muni":"明日香村"}},{"type":"Feature","geometry":{"type":"Point","coordinates":[135.845774,34.465658]},"properties":{"id":"kofun_04b4d98590","name":"高松塚古墳","kana":"たかまつづかこふん","pref":"奈良県","muni":"明日香村"}},{"type":"Feature","geometry":{"type":"Point","coordinates":[135.806096,34.46423]},"properties":{"id":"kofun_def36b2212","name":"中尾山古墳","kana":"なかおやまこふん","pref":"奈良県","muni":"明日香村"}},{"type":"Feature","geometry":{"type":"Point","coordinates":[135.80523,34.451149]},"properties":{"id":"kofun_fca9fd2c04","name":"キトラ古墳","kana":"きとらこふん","pref":"奈良県","muni":"明日香村"}},{"type":"Feature","geometry":{"type":"Point","coordinates":[135.797634,34.465749]},"properties":{"id":"kofun_ffa61a2348","name":"岩屋山古墳","kana":"いわやまこふん","pref":"奈良県","muni":"明日香村"}},{"type":"Feature","geometry":{"type":"Point","coordinates":[135.792408,34.466487]},"properties":{"id":"kofun_048692edbd","name":"牽牛子塚古墳","kana":"けんごしづかこふん","pref":"奈良県","muni":"明日香村"}},{"type":"Feature","geometry":{"type":"Point","coordinates":[135.79012,34.465702]},"properties":{"id":"kofun_bec928cf4f","name":"真弓鑵子塚古墳","kana":"まゆみかんすづかこふん","pref":"奈良県","muni":"明日香村"}},{"type":"Feature","geometry":{"type":"Point","coordinates":[135.790626,34.460988]},"properties":{"id":"kofun_cafc1058b2","name":"マルコ山古墳","kana":"まるこやまこふん","pref":"奈良県","muni":"明日香村"}},{"type":"Feature","geometry":{"type":"Point","coordinates":[135.780821,34.494992]},"properties":{"id":"kofun_483b133567","name":"スイセン塚古墳","kana":"すいせんづかこふん","pref":"奈良県","muni":"橿原市"}},{"type":"Feature","geometry":{"type":"Point","coordinates":[135.772579,34.480541]},"properties":{"id":"kofun_9692e2b75a","name":"新沢千塚古墳群","kana":"しんざわせんづかこふんぐん","pref":"奈良県","muni":"橿原市"}},{"type":"Feature","geometry":{"type":"Point","coordinates":[135.784429,34.504466]},"properties":{"id":"kofun_4cf9cf45a8","name":"四条古墳群","kana":"しじようこふんぐん","pref":"奈良県","muni":"橿原市"}},{"type":"Feature","geometry":{"type":"Point","coordinates":[135.788835,34.489023]},"properties":{"id":"kofun_704f464096","name":"イトクノ森古墳","kana":"いとくのもりこふん","pref":"奈良県","muni":"橿原市"}},{"type":"Feature","geometry":{"type":"Point","coordinates":[135.784747,34.474748]},"properties":{"id":"kofun_f34a639aa4","name":"小谷古墳","kana":"こたにこふん","pref":"奈良県","muni":"橿原市"}},{"type":"Feature","geometry":{"type":"Point","coordinates":[135.778319,34.474846]},"properties":{"id":"kofun_33fba2bb4f","name":"桝山古墳","kana":"ますやまこふん","pref":"奈良県","muni":"橿原市"}},{"type":"Feature","geometry":{"type":"Point","coordinates":[135.784686,34.470935]},"properties":{"id":"kofun_c9ceaaf4f9","name":"沼山古墳","kana":"ぬまやまこふん","pref":"奈良県","muni":"橿原市"}},{"type":"Feature","geometry":{"type":"Point","coordinates":[135.798327,34.475806]},"properties":{"id":"kofun_a42c098d88","name":"丸山古墳","kana":"まるやまこふん","pref":"奈良県","muni":"橿原市"}},{"type":"Feature","geometry":{"type":"Point","coordinates":[135.80789,34.472644]},"properties":{"id":"kofun_6e78c8a997","name":"菖蒲池古墳","kana":"しようぶいけこふん","pref":"奈良県","muni":"橿原市"}},{"type":"Feature","geometry":{"type":"Point","coordinates":[135.803471,34.476213]},"properties":{"id":"kofun_f5be5e447e","name":"植山古墳","kana":"うえやまこふん","pref":"奈良県","muni":"橿原市"}},{"type":"Feature","geometry":{"type":"Point","coordinates":[135.787884,34.566705]},"properties":{"id":"kofun_0dda3abdce","name":"笹鉾山古墳群","kana":"ささぼこやまこふんぐん","pref":"奈良県","muni":"田原本町"}},{"type":"Feature","geometry":{"type":"Point","coordinates":[135.776255,34.56808]},"properties":{"id":"kofun_6943d08afa","name":"黒田大塚古墳","kana":"くろだおおつかこふん","pref":"奈良県","muni":"田原本町"}},{"type":"Feature","geometry":{"type":"Point","coordinates":[135.766387,34.57976]},"properties":{"id":"kofun_8b3475eadc","name":"寺の前古墳","kana":"てらのまえこふん","pref":"奈良県","muni":"三宅町"}},{"type":"Feature","geometry":{"type":"Point","coordinates":[135.769172,34.576724]},"properties":{"id":"kofun_85cb2f3e11","name":"高山古墳","kana":"たかやまこふん","pref":"奈良県","muni":"三宅町"}},{"type":"Feature","geometry":{"type":"Point","coordinates":[135.767177,34.575667]},"properties":{"id":"kofun_5a7f7ce02e","name":"瓢箪山古墳","kana":"ひようたんやまこふん","pref":"奈良県","muni":"三宅町"}},{"type":"Feature","geometry":{"type":"Point","coordinates":[135.765955,34.58352]},"properties":{"id":"kofun_c256ed28ff","name":"島の山古墳","kana":"しまのやまこふん","pref":"奈良県","muni":"川西町"}},{"type":"Feature","geometry":{"type":"Point","coordinates":[135.874269,34.52553]},"properties":{"id":"kofun_dfcf1ca78e","name":"外鎌山北麓古墳群","kana":"とかまやまほくろくこふんぐん","pref":"奈良県","muni":"桜井市"}},{"type":"Feature","geometry":{"type":"Point","coordinates":[135.845689,34.503185]},"properties":{"id":"kofun_0262ab4b55","name":"艸墓古墳","kana":"くさばかこふん","pref":"奈良県","muni":"桜井市"}},{"type":"Feature","geometry":{"type":"Point","coordinates":[135.852326,34.49843]},"properties":{"id":"kofun_81b161daeb","name":"兜塚古墳","kana":"かぶとづかこふん","pref":"奈良県","muni":"桜井市"}},{"type":"Feature","geometry":{"type":"Point","coordinates":[135.857434,34.500292]},"properties":{"id":"kofun_4aa082ab87","name":"秋殿古墳","kana":"あきどのこふん","pref":"奈良県","muni":"桜井市"}},{"type":"Feature","geometry":{"type":"Point","coordinates":[135.860019,34.498949]},"properties":{"id":"kofun_2e00dd8b8c","name":"舞谷古墳","kana":"まいたにこふん","pref":"奈良県","muni":"桜井市"}},{"type":"Feature","geometry":{"type":"Point","coordinates":[135.857006,34.511874]},"properties":{"id":"kofun_ffe8cd89e2","name":"桜井茶臼山古墳","kana":"さくらいちやうすやまこふん","pref":"奈良県","muni":"桜井市"}},{"type":"Feature","geometry":{"type":"Point","coordinates":[135.842151,34.503476]},"properties":{"id":"kofun_0f99ba3193","name":"文殊院西古墳","kana":"もんじゆいんにしこふん","pref":"奈良県","muni":"桜井市"}},{"type":"Feature","geometry":{"type":"Point","coordinates":[135.843103,34.503423]},"properties":{"id":"kofun_fd53fc016d","name":"文殊院東古墳","kana":"もんじゆいんひがしこふん","pref":"奈良県","muni":"桜井市"}},{"type":"Feature","geometry":{"type":"Point","coordinates":[135.843761,34.501255]},"properties":{"id":"kofun_df05255f64","name":"谷首古墳","kana":"たにくびこふん","pref":"奈良県","muni":"桜井市"}},{"type":"Feature","geometry":{"type":"Point","coordinates":[135.832392,34.496638]},"properties":{"id":"kofun_8d040bdb71","name":"池之内古墳群","kana":"いけのうちこふんぐん","pref":"奈良県","muni":"桜井市"}},{"type":"Feature","geometry":{"type":"Point","coordinates":[135.847773,34.498972]},"properties":{"id":"kofun_c69e59e730","name":"メスリ山古墳","kana":"めすりやまこふん","pref":"奈良県","muni":"桜井市"}},{"type":"Feature","geometry":{"type":"Point","coordinates":[135.864734,34.49739]},"properties":{"id":"kofun_e62e30c57d","name":"エンドウ山第一号墳","kana":"えんどうやまだいいちごうふん","pref":"奈良県","muni":"桜井市"}},{"type":"Feature","geometry":{"type":"Point","coordinates":[135.874708,34.500134]},"properties":{"id":"kofun_4425d587d7","name":"天王山古墳","kana":"てんのうざんこふん","pref":"奈良県","muni":"桜井市"}},{"type":"Feature","geometry":{"type":"Point","coordinates":[135.882427,34.498269]},"properties":{"id":"kofun_cf5dc15353","name":"越塚古墳","kana":"こしづかこふん","pref":"奈良県","muni":"桜井市"}},{"type":"Feature","geometry":{"type":"Point","coordinates":[135.887735,34.503321]},"properties":{"id":"kofun_95030f2220","name":"ムネサカ第一号墳","kana":"むねさかだいいちごうふん","pref":"奈良県","muni":"桜井市"}},{"type":"Feature","geometry":{"type":"Point","coordinates":[135.906837,34.507613]},"properties":{"id":"kofun_33146ffa8d","name":"花山西塚古墳・花山東塚古墳","kana":"はなやまにしづかこふん・はなやまひがしづかこふん","pref":"奈良県","muni":"桜井市"}},{"type":"Feature","geometry":{"type":"Point","coordinates":[135.848148,34.533814]},"properties":{"id":"kofun_3030ff6461","name":"狐塚古墳","kana":"きつねづかこふん","pref":"奈良県","muni":"桜井市"}},{"type":"Feature","geometry":{"type":"Point","coordinates":[135.847132,34.53657]},"properties":{"id":"kofun_5f140b71fc","name":"茅原大墓古墳","kana":"ちはらおおばかこふん","pref":"奈良県","muni":"桜井市"}},{"type":"Feature","geometry":{"type":"Point","coordinates":[135.841258,34.539291]},"properties":{"id":"kofun_70a6551f66","name":"馬塚古墳","kana":"うまつかこふん","pref":"奈良県","muni":"桜井市"}},{"type":"Feature","geometry":{"type":"Point","coordinates":[135.845038,34.539864]},"properties":{"id":"kofun_edaeaec9fd","name":"ホケノ山古墳","kana":"ほけのやまこふん","pref":"奈良県","muni":"桜井市"}},{"type":"Feature","geometry":{"type":"Point","coordinates":[135.833922,34.546002]},"properties":{"id":"kofun_5b81f88d6f","name":"矢塚古墳","kana":"やづかこふん","pref":"奈良県","muni":"桜井市"}},{"type":"Feature","geometry":{"type":"Point","coordinates":[135.833401,34.543726]},"properties":{"id":"kofun_a5c415c55a","name":"東田大塚古墳","kana":"ひがいだおおつかこふん","pref":"奈良県","muni":"桜井市"}},{"type":"Feature","geometry":{"type":"Point","coordinates":[135.83488,34.54733]},"properties":{"id":"kofun_d38b1d366f","name":"勝山古墳","kana":"かつやまこふん","pref":"奈良県","muni":"桜井市"}},{"type":"Feature","geometry":{"type":"Point","coordinates":[135.83616,34.546298]},"properties":{"id":"kofun_ab938c656e","name":"纏向石塚古墳","kana":"まきむくいしづかこふん","pref":"奈良県","muni":"桜井市"}},{"type":"Feature","geometry":{"type":"Point","coordinates":[135.85294,34.550126]},"properties":{"id":"kofun_bfa34fefa2","name":"立子塚古墳","kana":"たてこづかこふん","pref":"奈良県","muni":"桜井市"}},{"type":"Feature","geometry":{"type":"Point","coordinates":[135.848248,34.546417]},"properties":{"id":"kofun_6cf89f1309","name":"珠城山古墳群","kana":"たまきやまこふんぐん","pref":"奈良県","muni":"桜井市"}},{"type":"Feature","geometry":{"type":"Point","coordinates":[135.757529,34.643713]},"properties":{"id":"kofun_d182eb979f","name":"割塚古墳","kana":"わりづかこふん","pref":"奈良県","muni":"大和郡山市"}},{"type":"Feature","geometry":{"type":"Point","coordinates":[135.757277,34.629156]},"properties":{"id":"kofun_70992a17ca","name":"六道山古墳","kana":"ろくどうやまこふん","pref":"奈良県","muni":"大和郡山市"}},{"type":"Feature","geometry":{"type":"Point","coordinates":[135.754121,34.629615]},"properties":{"id":"kofun_a0e887e71f","name":"小泉大塚古墳","kana":"こいずみおおつかこふん","pref":"奈良県","muni":"大和郡山市"}},{"type":"Feature","geometry":{"type":"Point","coordinates":[135.774795,34.642531]},"properties":{"id":"kofun_ea49c0e538","name":"新木山古墳","kana":"にきやまこふん","pref":"奈良県","muni":"大和郡山市"}},{"type":"Feature","geometry":{"type":"Point","coordinates":[135.777563,34.60383]},"properties":{"id":"kofun_b9c7a8e726","name":"松山古墳","kana":"まつやまこふん","pref":"奈良県","muni":"大和郡山市"}},{"type":"Feature","geometry":{"type":"Point","coordinates":[135.76988,34.603809]},"properties":{"id":"kofun_1490418f25","name":"額田部狐塚古墳","kana":"ぬかたべきつねづかこふん","pref":"奈良県","muni":"大和郡山市"}},{"type":"Feature","geometry":{"type":"Point","coordinates":[135.819398,34.668061]},"properties":{"id":"kofun_7841cec261","name":"野神古墳","kana":"のがみこふん","pref":"奈良県","muni":"奈良市"}},{"type":"Feature","geometry":{"type":"Point","coordinates":[135.854316,34.691113]},"properties":{"id":"kofun_77bfc787d0","name":"鶯塚古墳","kana":"うぐいすづかこふん","pref":"奈良県","muni":"奈良市"}},{"type":"Feature","geometry":{"type":"Point","coordinates":[135.81611,34.692329]},"properties":{"id":"kofun_b7d021a4ed","name":"那羅山円筒棺古墳","kana":"ならやまえんとうかんこふん","pref":"奈良県","muni":"奈良市"}},{"type":"Feature","geometry":{"type":"Point","coordinates":[135.813448,34.69636]},"properties":{"id":"kofun_a778258231","name":"不退寺裏山古墳","kana":"ふたいじうらやまこふん","pref":"奈良県","muni":"奈良市"}},{"type":"Feature","geometry":{"type":"Point","coordinates":[135.81611,34.692329]},"properties":{"id":"kofun_152c1f9a17","name":"平塚一号墳・平塚二号墳","kana":"ひらつかいちごうふん・ひらつかにごうふん","pref":"奈良県","muni":"奈良市"}},{"type":"Feature","geometry":{"type":"Point","coordinates":[135.809032,34.698046]},"properties":{"id":"kofun_d12e54e664","name":"ウワナベ古墳","kana":"うわなべこふん","pref":"奈良県","muni":"奈良市"}},{"type":"Feature","geometry":{"type":"Point","coordinates":[135.804807,34.697919]},"properties":{"id":"kofun_b01fdd4da4","name":"コナベ古墳","kana":"こなべこふん","pref":"奈良県","muni":"奈良市"}},{"type":"Feature","geometry":{"type":"Point","coordinates":[135.806621,34.692475]},"properties":{"id":"kofun_8b0c4a37b5","name":"大和三―一○号墳","kana":"やまとさん―じゆうごうふん","pref":"奈良県","muni":"奈良市"}},{"type":"Feature","geometry":{"type":"Point","coordinates":[135.797135,34.697079]},"properties":{"id":"kofun_b0c4c8a1b0","name":"神明野古墳","kana":"しめのこふん","pref":"奈良県","muni":"奈良市"}},{"type":"Feature","geometry":{"type":"Point","coordinates":[135.792529,34.698924]},"properties":{"id":"kofun_b6d8bf6cc9","name":"猫塚古墳","kana":"ねこづかこふん","pref":"奈良県","muni":"奈良市"}},{"type":"Feature","geometry":{"type":"Point","coordinates":[135.792529,34.698924]},"properties":{"id":"kofun_75e76be023","name":"猫塚二号墳","kana":"ねこづかにごうふん","pref":"奈良県","muni":"奈良市"}},{"type":"Feature","geometry":{"type":"Point","coordinates":[135.791136,34.700241]},"properties":{"id":"kofun_110426d3c7","name":"瓢箪山古墳","kana":"ひようたんやまこふん","pref":"奈良県","muni":"奈良市"}},{"type":"Feature","geometry":{"type":"Point","coordinates":[135.78765,34.706142]},"properties":{"id":"kofun_f9bf628701","name":"マエ塚","kana":"まえづか","pref":"奈良県","muni":"奈良市"}},{"type":"Feature","geometry":{"type":"Point","coordinates":[135.778548,34.723808]},"properties":{"id":"kofun_06574c5ca6","name":"石のカラト古墳","kana":"いしのからとこふん","pref":"奈良県","muni":"奈良市"}},{"type":"Feature","geometry":{"type":"Point","coordinates":[135.78765,34.706142]},"properties":{"id":"kofun_8bdb978581","name":"津風呂陶棺古墳","kana":"つぶろとうかんこふん","pref":"奈良県","muni":"奈良市"}},{"type":"Feature","geometry":{"type":"Point","coordinates":[135.792962,34.702914]},"properties":{"id":"kofun_937fac27e7","name":"塩塚古墳","kana":"しおづかこふん","pref":"奈良県","muni":"奈良市"}},{"type":"Feature","geometry":{"type":"Point","coordinates":[135.793919,34.703795]},"properties":{"id":"kofun_2698c91425","name":"オセ山古墳","kana":"おせやまこふん","pref":"奈良県","muni":"奈良市"}},{"type":"Feature","geometry":{"type":"Point","coordinates":[135.797135,34.706]},"properties":{"id":"kofun_0c46d5798c","name":"赤井谷横穴","kana":"あかいだによこあな","pref":"奈良県","muni":"奈良市"}},{"type":"Feature","geometry":{"type":"Point","coordinates":[135.752131,34.666492]},"properties":{"id":"kofun_d5b0e851f7","name":"富雄丸山古墳","kana":"とみおまるやまこふん","pref":"奈良県","muni":"奈良市"}},{"type":"Feature","geometry":{"type":"Point","coordinates":[135.765723,34.698941]},"properties":{"id":"kofun_906ccd9617","name":"新堂寺合葬古墳","kana":"しんどうじがつそうこふん","pref":"奈良県","muni":"奈良市"}},{"type":"Feature","geometry":{"type":"Point","coordinates":[135.814052,34.670749]},"properties":{"id":"kofun_55346723a8","name":"杉山古墳","kana":"すぎやまこふん","pref":"奈良県","muni":"奈良市"}},{"type":"Feature","geometry":{"type":"Point","coordinates":[135.833108,34.645417]},"properties":{"id":"kofun_91da89c4fc","name":"帯解丸山古墳","kana":"おびとけまるやまこふん","pref":"奈良県","muni":"奈良市"}},{"type":"Feature","geometry":{"type":"Point","coordinates":[135.84011,34.638104]},"properties":{"id":"kofun_5a23f76fa9","name":"黄金塚古墳","kana":"こがねづかこふん","pref":"奈良県","muni":"奈良市"}},{"type":"Feature","geometry":{"type":"Point","coordinates":[135.833916,34.642069]},"properties":{"id":"kofun_951d4887b4","name":"ベンショ塚","kana":"べんしよつか","pref":"奈良県","muni":"奈良市"}},{"type":"Feature","geometry":{"type":"Point","coordinates":[135.850032,34.643378]},"properties":{"id":"kofun_28c8a576c0","name":"円照寺墓山古墳群","kana":"えんしようじはかやまこふんぐん","pref":"奈良県","muni":"奈良市"}},{"type":"Feature","geometry":{"type":"Point","coordinates":[135.848148,34.643282]},"properties":{"id":"kofun_3f997667cd","name":"狐塚古墳","kana":"きつねつかこふん","pref":"奈良県","muni":"奈良市"}},{"type":"Feature","geometry":{"type":"Point","coordinates":[135.848453,34.642453]},"properties":{"id":"kofun_132ca32350","name":"五つ塚古墳群","kana":"いつつつかこふんぐん","pref":"奈良県","muni":"奈良市"}},{"type":"Feature","geometry":{"type":"Point","coordinates":[135.841932,34.66199]},"properties":{"id":"kofun_67008b95f8","name":"古市方形墳","kana":"ふるいちほうけいふん","pref":"奈良県","muni":"奈良市"}},{"type":"Feature","geometry":{"type":"Point","coordinates":[135.848148,34.663374]},"properties":{"id":"kofun_bf875c8579","name":"鹿野園古墳群","kana":"ろくやおんこふんぐん","pref":"奈良県","muni":"奈良市"}},{"type":"Feature","geometry":{"type":"Point","coordinates":[135.827973,34.297553]},"properties":{"id":"kofun_6b4e30a1c4","name":"三陵墓西古墳","kana":"さんりようぼにしこふん","pref":"奈良県","muni":"黒滝村"}},{"type":"Feature","geometry":{"type":"Point","coordinates":[135.959064,34.59471]},"properties":{"id":"kofun_d7776fe0ae","name":"三陵墓東古墳","kana":"さんりようぼひがしこふん","pref":"奈良県","muni":"奈良市"}},{"type":"Feature","geometry":{"type":"Point","coordinates":[135.843667,34.59275]},"properties":{"id":"kofun_284e9a5725","name":"杣之内古墳群","kana":"そまのうちこふんぐん","pref":"奈良県","muni":"天理市"}},{"type":"Feature","geometry":{"type":"Point","coordinates":[135.832081,34.61623]},"properties":{"id":"kofun_2b9f39ce8f","name":"石上・豊田古墳群","kana":"いそのかみ・とよだこふんぐん","pref":"奈良県","muni":"天理市"}},{"type":"Feature","geometry":{"type":"Point","coordinates":[135.842106,34.593335]},"properties":{"id":"kofun_5eb6cc3f78","name":"塚穴山古墳","kana":"つかあなやまこふん","pref":"奈良県","muni":"天理市"}},{"type":"Feature","geometry":{"type":"Point","coordinates":[135.843109,34.592332]},"properties":{"id":"kofun_59d6b2e5f1","name":"西山古墳","kana":"にしやまこふん","pref":"奈良県","muni":"天理市"}},{"type":"Feature","geometry":{"type":"Point","coordinates":[135.849276,34.593933]},"properties":{"id":"kofun_f7e6404c2c","name":"峯塚古墳","kana":"みねづかこふん","pref":"奈良県","muni":"天理市"}},{"type":"Feature","geometry":{"type":"Point","coordinates":[135.848148,34.614251]},"properties":{"id":"kofun_c0750628af","name":"ホリノヲ古墳群","kana":"ほりのおこふんぐん","pref":"奈良県","muni":"天理市"}},{"type":"Feature","geometry":{"type":"Point","coordinates":[135.848148,34.60755]},"properties":{"id":"kofun_20d6d17988","name":"タキハラ古墳群","kana":"たきはらこふんぐん","pref":"奈良県","muni":"天理市"}},{"type":"Feature","geometry":{"type":"Point","coordinates":[135.838451,34.610657]},"properties":{"id":"kofun_9a409a5d1e","name":"別所大塚古墳","kana":"べつしよおおつかこふん","pref":"奈良県","muni":"天理市"}},{"type":"Feature","geometry":{"type":"Point","coordinates":[135.848148,34.614251]},"properties":{"id":"kofun_fe400c7fa3","name":"狐ヶ尾古墳群","kana":"きつねがおこふんぐん","pref":"奈良県","muni":"天理市"}},{"type":"Feature","geometry":{"type":"Point","coordinates":[135.832081,34.61623]},"properties":{"id":"kofun_585dbded8f","name":"石上北古墳群","kana":"いそのかみきたこふんぐん","pref":"奈良県","muni":"天理市"}},{"type":"Feature","geometry":{"type":"Point","coordinates":[135.848148,34.614251]},"properties":{"id":"kofun_e9c7988e83","name":"アミダヒラ古墳群","kana":"あみだひらこふんぐん","pref":"奈良県","muni":"天理市"}},{"type":"Feature","geometry":{"type":"Point","coordinates":[135.848148,34.614251]},"properties":{"id":"kofun_5afc48fcb1","name":"石峯古墳群","kana":"いしみねこふんぐん","pref":"奈良県","muni":"天理市"}},{"type":"Feature","geometry":{"type":"Point","coordinates":[135.85527,34.617483]},"properties":{"id":"kofun_ba623a894d","name":"岩屋大塚古墳","kana":"いわやおおつかこふん","pref":"奈良県","muni":"天理市"}},{"type":"Feature","geometry":{"type":"Point","coordinates":[135.85527,34.617483]},"properties":{"id":"kofun_a2709c5fd9","name":"十三塚古墳","kana":"じゆうさんづかこふん","pref":"奈良県","muni":"天理市"}},{"type":"Feature","geometry":{"type":"Point","coordinates":[135.864668,34.620255]},"properties":{"id":"kofun_9a57b64784","name":"塚平古墳","kana":"つかひらこふん","pref":"奈良県","muni":"天理市"}},{"type":"Feature","geometry":{"type":"Point","coordinates":[135.85385,34.615571]},"properties":{"id":"kofun_9fde8578a0","name":"ハミ塚古墳","kana":"はみづかこふん","pref":"奈良県","muni":"天理市"}},{"type":"Feature","geometry":{"type":"Point","coordinates":[135.83787,34.621461]},"properties":{"id":"kofun_223d9da675","name":"東大寺山古墳","kana":"とうだいじやまこふん","pref":"奈良県","muni":"天理市"}},{"type":"Feature","geometry":{"type":"Point","coordinates":[135.839798,34.619504]},"properties":{"id":"kofun_4183a44b1f","name":"赤土山古墳","kana":"あかどやまこふん","pref":"奈良県","muni":"天理市"}},{"type":"Feature","geometry":{"type":"Point","coordinates":[135.848776,34.624355]},"properties":{"id":"kofun_e641ed4cb6","name":"上殿古墳","kana":"うえどのこふん","pref":"奈良県","muni":"天理市"}},{"type":"Feature","geometry":{"type":"Point","coordinates":[135.823139,34.612111]},"properties":{"id":"kofun_e7e86db13e","name":"御墓山古墳","kana":"おはかやまこふん","pref":"奈良県","muni":"天理市"}},{"type":"Feature","geometry":{"type":"Point","coordinates":[135.795507,34.602097]},"properties":{"id":"kofun_7f4d2b6b6c","name":"星塚古墳","kana":"ほしづかこふん","pref":"奈良県","muni":"天理市"}},{"type":"Feature","geometry":{"type":"Point","coordinates":[135.8434,34.576355]},"properties":{"id":"kofun_2d5f3d42a9","name":"大和古墳群","kana":"おおやまとこふんぐん","pref":"奈良県","muni":"天理市"}},{"type":"Feature","geometry":{"type":"Point","coordinates":[135.848034,34.585233]},"properties":{"id":"kofun_780f2e0242","name":"東乗鞍古墳","kana":"ひがしのりくらこふん","pref":"奈良県","muni":"天理市"}},{"type":"Feature","geometry":{"type":"Point","coordinates":[135.840939,34.571465]},"properties":{"id":"kofun_810712c4a4","name":"馬口山古墳","kana":"ばくちやまこふん","pref":"奈良県","muni":"天理市"}},{"type":"Feature","geometry":{"type":"Point","coordinates":[135.846341,34.568636]},"properties":{"id":"kofun_62bb3ac3b8","name":"下池山古墳","kana":"しもいけやまこふん","pref":"奈良県","muni":"天理市"}},{"type":"Feature","geometry":{"type":"Point","coordinates":[135.848704,34.570091]},"properties":{"id":"kofun_2f0ee26a31","name":"西山塚古墳","kana":"にしやまづかこふん","pref":"奈良県","muni":"天理市"}},{"type":"Feature","geometry":{"type":"Point","coordinates":[135.848233,34.566183]},"properties":{"id":"kofun_62a3ea5888","name":"中山大塚古墳","kana":"なかやまおおつかこふん","pref":"奈良県","muni":"天理市"}},{"type":"Feature","geometry":{"type":"Point","coordinates":[135.848148,34.565103]},"properties":{"id":"kofun_d5b866474d","name":"燈籠塚古墳","kana":"とうろうづかこふん","pref":"奈良県","muni":"天理市"}},{"type":"Feature","geometry":{"type":"Point","coordinates":[135.851014,34.568336]},"properties":{"id":"kofun_53d3a4f035","name":"西殿塚古墳","kana":"にしとのづかこふん","pref":"奈良県","muni":"天理市"}},{"type":"Feature","geometry":{"type":"Point","coordinates":[135.852855,34.568793]},"properties":{"id":"kofun_9ce9426b04","name":"東殿塚古墳","kana":"ひがしとのづかこふん","pref":"奈良県","muni":"天理市"}},{"type":"Feature","geometry":{"type":"Point","coordinates":[135.871676,34.560875]},"properties":{"id":"kofun_e3d63dce1c","name":"柳本古墳群","kana":"やなぎもとこふんぐん","pref":"奈良県","muni":"天理市"}},{"type":"Feature","geometry":{"type":"Point","coordinates":[135.852093,34.556857]},"properties":{"id":"kofun_b2cc60ea1d","name":"櫛山古墳","kana":"くしやまこふん","pref":"奈良県","muni":"天理市"}},{"type":"Feature","geometry":{"type":"Point","coordinates":[135.860404,34.555397]},"properties":{"id":"kofun_95abb5219c","name":"竜王山古墳群","kana":"りゆうおうざんこふんぐん","pref":"奈良県","muni":"天理市"}},{"type":"Feature","geometry":{"type":"Point","coordinates":[135.843241,34.559999]},"properties":{"id":"kofun_e95575bdea","name":"黒塚古墳","kana":"くろつかこふん","pref":"奈良県","muni":"天理市"}},{"type":"Feature","geometry":{"type":"Point","coordinates":[135.845967,34.557173]},"properties":{"id":"kofun_2f14513b23","name":"天神山古墳","kana":"てんじんやまこふん","pref":"奈良県","muni":"天理市"}},{"type":"Feature","geometry":{"type":"Point","coordinates":[135.841939,34.551044]},"properties":{"id":"kofun_3f7455db19","name":"柳本大塚古墳","kana":"やなぎもとおおつかこふん","pref":"奈良県","muni":"天理市"}},{"type":"Feature","geometry":{"type":"Point","coordinates":[135.854271,34.563464]},"properties":{"id":"kofun_d6d39517aa","name":"高槻古墳","kana":"たかつきこふん","pref":"奈良県","muni":"天理市"}},{"type":"Feature","geometry":{"type":"Point","coordinates":[135.852352,34.551617]},"properties":{"id":"kofun_9d40bfb6d7","name":"シウロウ塚古墳","kana":"しうろうづかこふん","pref":"奈良県","muni":"天理市"}},{"type":"Feature","geometry":{"type":"Point","coordinates":[136.002705,34.413371]},"properties":{"id":"kofun_be6ca51b47","name":"南山古墳","kana":"なんざんこふん","pref":"奈良県","muni":"東吉野村"}},{"type":"Feature","geometry":{"type":"Point","coordinates":[136.002705,34.413371]},"properties":{"id":"kofun_90d597847e","name":"谷畑古墳","kana":"たにはたこふん","pref":"奈良県","muni":"東吉野村"}},{"type":"Feature","geometry":{"type":"Point","coordinates":[135.959601,34.537358]},"properties":{"id":"kofun_dc85ded5cd","name":"奥ノ芝一号墳・奥ノ芝二号墳","kana":"おくのしばいちごうふん・おくのしばにごうふん","pref":"奈良県","muni":"宇陀市"}},{"type":"Feature","geometry":{"type":"Point","coordinates":[135.827973,34.297553]},"properties":{"id":"kofun_5609bd7091","name":"嶽山古墳","kana":"だけやまこふん","pref":"奈良県","muni":"黒滝村"}},{"type":"Feature","geometry":{"type":"Point","coordinates":[135.957315,34.523444]},"properties":{"id":"kofun_fe71a46e9b","name":"丹切古墳群","kana":"たんぎりこふんぐん","pref":"奈良県","muni":"宇陀市"}},{"type":"Feature","geometry":{"type":"Point","coordinates":[135.955135,34.520077]},"properties":{"id":"kofun_0c1ece4618","name":"愛宕山古墳","kana":"あたごやまこふん","pref":"奈良県","muni":"宇陀市"}},{"type":"Feature","geometry":{"type":"Point","coordinates":[135.827973,34.297553]},"properties":{"id":"kofun_675ce78d20","name":"栗谷古墳群","kana":"くりだにこふんぐん","pref":"奈良県","muni":"黒滝村"}},{"type":"Feature","geometry":{"type":"Point","coordinates":[135.938024,34.504652]},"properties":{"id":"kofun_3b751c0417","name":"鴨池古墳","kana":"かもいけこふん","pref":"奈良県","muni":"宇陀市"}},{"type":"Feature","geometry":{"type":"Point","coordinates":[135.939044,34.506782]},"properties":{"id":"kofun_10c4aa1c90","name":"北原古墳","kana":"きたはらこふん","pref":"奈良県","muni":"宇陀市"}},{"type":"Feature","geometry":{"type":"Point","coordinates":[135.932647,34.481041]},"properties":{"id":"kofun_030f9a8952","name":"北原西古墳","kana":"きたはらにしこふん","pref":"奈良県","muni":"宇陀市"}},{"type":"Feature","geometry":{"type":"Point","coordinates":[135.949404,34.470952]},"properties":{"id":"kofun_acce71cc52","name":"谷脇古墳","kana":"たにわきこふん","pref":"奈良県","muni":"宇陀市"}},{"type":"Feature","geometry":{"type":"Point","coordinates":[135.973711,34.480813]},"properties":{"id":"kofun_eff71f9f59","name":"見田大沢古墳","kana":"みたおおさわこふん","pref":"奈良県","muni":"宇陀市"}},{"type":"Feature","geometry":{"type":"Point","coordinates":[135.968184,34.475113]},"properties":{"id":"kofun_6aade4568f","name":"安楽寺山古墳群","kana":"あんらくじやまこふんぐん","pref":"奈良県","muni":"宇陀市"}},{"type":"Feature","geometry":{"type":"Point","coordinates":[136.032484,34.537693]},"properties":{"id":"kofun_4c4945f33a","name":"大野向坊古墳","kana":"おおのむかいぼうこふん","pref":"奈良県","muni":"宇陀市"}},{"type":"Feature","geometry":{"type":"Point","coordinates":[135.721901,34.436819]},"properties":{"id":"kofun_010de148b3","name":"多田塚穴古墳","kana":"ただつかあなこふん","pref":"奈良県","muni":"御所市"}},{"type":"Feature","geometry":{"type":"Point","coordinates":[136.032484,34.537693]},"properties":{"id":"kofun_5270afc3bc","name":"向山古墳群","kana":"むこうやまこふんぐん","pref":"奈良県","muni":"宇陀市"}},{"type":"Feature","geometry":{"type":"Point","coordinates":[136.022953,34.622935]},"properties":{"id":"kofun_631d518486","name":"下笠間古墳","kana":"しもかさまこふん","pref":"奈良県","muni":"宇陀市"}},{"type":"Feature","geometry":{"type":"Point","coordinates":[136.122784,34.51252]},"properties":{"id":"kofun_a1aaf848ed","name":"楯岡山古墳群","kana":"たておかやまこふんぐん","pref":"奈良県","muni":"曽爾村"}},{"type":"Feature","geometry":{"type":"Point","coordinates":[135.795401,34.379306]},"properties":{"id":"kofun_d6acd970b5","name":"岡峯古墳","kana":"おかみねこふん","pref":"奈良県","muni":"下市町"}},{"type":"Feature","geometry":{"type":"Point","coordinates":[135.810887,34.389312]},"properties":{"id":"kofun_2eeed35c16","name":"槇ヶ峯古墳","kana":"まきがみねこふん","pref":"奈良県","muni":"大淀町"}},{"type":"Feature","geometry":{"type":"Point","coordinates":[135.561362,34.290738]},"properties":{"id":"kofun_213f240f9c","name":"真田古墳","kana":"さなだこふん","pref":"和歌山県","muni":"九度山町"}},{"type":"Feature","geometry":{"type":"Point","coordinates":[135.613077,34.320684]},"properties":{"id":"kofun_e618177c23","name":"陵山古墳","kana":"みささぎやまこふん","pref":"和歌山県","muni":"橋本市"}},{"type":"Feature","geometry":{"type":"Point","coordinates":[135.598349,34.320785]},"properties":{"id":"kofun_77f6765c8d","name":"市脇古墳群","kana":"いちわきこふんぐん","pref":"和歌山県","muni":"橋本市"}},{"type":"Feature","geometry":{"type":"Point","coordinates":[135.640876,34.331228]},"properties":{"id":"kofun_2176457f0e","name":"八幡宮古墳","kana":"はちまんぐうこふん","pref":"和歌山県","muni":"橋本市"}},{"type":"Feature","geometry":{"type":"Point","coordinates":[135.341028,34.257553]},"properties":{"id":"kofun_ae6ab622fb","name":"八幡塚古墳","kana":"はちまんづかこふん","pref":"和歌山県","muni":"紀の川市"}},{"type":"Feature","geometry":{"type":"Point","coordinates":[135.342368,34.257811]},"properties":{"id":"kofun_b8e11d10a5","name":"三昧塚古墳群","kana":"さんまいづかこふんぐん","pref":"和歌山県","muni":"紀の川市"}},{"type":"Feature","geometry":{"type":"Point","coordinates":[135.372186,34.261921]},"properties":{"id":"kofun_02c0c206d4","name":"黒土古墳","kana":"くろつちこふん","pref":"和歌山県","muni":"紀の川市"}},{"type":"Feature","geometry":{"type":"Point","coordinates":[135.367485,34.241921]},"properties":{"id":"kofun_9da3b4c44e","name":"竹房古墳群","kana":"たけふさこふんぐん","pref":"和歌山県","muni":"紀の川市"}},{"type":"Feature","geometry":{"type":"Point","coordinates":[135.370086,34.247276]},"properties":{"id":"kofun_89bbab34fc","name":"百合山古墳群","kana":"ゆりやまこふんぐん","pref":"和歌山県","muni":"紀の川市"}},{"type":"Feature","geometry":{"type":"Point","coordinates":[135.311852,34.247138]},"properties":{"id":"kofun_d13917f0a9","name":"船戸山古墳群","kana":"ふなとやまこふんぐん","pref":"和歌山県","muni":"岩出市"}},{"type":"Feature","geometry":{"type":"Point","coordinates":[135.314905,34.248221]},"properties":{"id":"kofun_5ba9153f2e","name":"箱山古墳","kana":"はこやまこふん","pref":"和歌山県","muni":"岩出市"}},{"type":"Feature","geometry":{"type":"Point","coordinates":[135.353388,34.217604]},"properties":{"id":"kofun_2c098eb4bb","name":"小林古墳","kana":"こばやしこふん","pref":"和歌山県","muni":"紀の川市"}},{"type":"Feature","geometry":{"type":"Point","coordinates":[135.312232,34.211052]},"properties":{"id":"kofun_d9d4ded18d","name":"三昧塚古墳","kana":"さんまいづかこふん","pref":"和歌山県","muni":"紀の川市"}},{"type":"Feature","geometry":{"type":"Point","coordinates":[135.309978,34.216286]},"properties":{"id":"kofun_7cdfd6944e","name":"丸山古墳","kana":"まるやまこふん","pref":"和歌山県","muni":"紀の川市"}},{"type":"Feature","geometry":{"type":"Point","coordinates":[135.29704,34.222913]},"properties":{"id":"kofun_b1a2f66c6b","name":"具束壺古墳群","kana":"ぐそくつぼこふんぐん","pref":"和歌山県","muni":"紀の川市"}},{"type":"Feature","geometry":{"type":"Point","coordinates":[135.282963,34.22089]},"properties":{"id":"kofun_3dbec067ad","name":"七ッ塚古墳群","kana":"ななつづかこふんぐん","pref":"和歌山県","muni":"紀の川市"}},{"type":"Feature","geometry":{"type":"Point","coordinates":[135.328777,34.209399]},"properties":{"id":"kofun_6105a997ff","name":"北古墳群","kana":"きたこふんぐん","pref":"和歌山県","muni":"紀の川市"}},{"type":"Feature","geometry":{"type":"Point","coordinates":[135.328727,34.198468]},"properties":{"id":"kofun_5afb93ccb0","name":"高尾山古墳群","kana":"たかおやまこふんぐん","pref":"和歌山県","muni":"紀の川市"}},{"type":"Feature","geometry":{"type":"Point","coordinates":[135.142434,34.120421]},"properties":{"id":"kofun_9d1373bdf7","name":"馬瀬古墳群","kana":"うませこふんぐん","pref":"和歌山県","muni":"海南市"}},{"type":"Feature","geometry":{"type":"Point","coordinates":[135.146007,34.130628]},"properties":{"id":"kofun_1c48348b69","name":"女良古墳群","kana":"めらこふんぐん","pref":"和歌山県","muni":"海南市"}},{"type":"Feature","geometry":{"type":"Point","coordinates":[135.204724,34.173421]},"properties":{"id":"kofun_f59560ed71","name":"室山古墳群","kana":"むろやまこふんぐん","pref":"和歌山県","muni":"和歌山市"}},{"type":"Feature","geometry":{"type":"Point","coordinates":[135.222015,34.170522]},"properties":{"id":"kofun_0bbf7538d9","name":"山崎山古墳群","kana":"やまざきやまこふんぐん","pref":"和歌山県","muni":"海南市"}},{"type":"Feature","geometry":{"type":"Point","coordinates":[135.173977,34.223396]},"properties":{"id":"kofun_ab9dbb5d7d","name":"岡の里古墳","kana":"おかのさとこふん","pref":"和歌山県","muni":"和歌山市"}},{"type":"Feature","geometry":{"type":"Point","coordinates":[135.212319,34.230376]},"properties":{"id":"kofun_b81ed46849","name":"花山古墳群","kana":"はなやまこふんぐん","pref":"和歌山県","muni":"和歌山市"}},{"type":"Feature","geometry":{"type":"Point","coordinates":[135.220974,34.224404]},"properties":{"id":"kofun_7dc6be43ea","name":"大日山古墳群","kana":"だいにちやまこふんぐん","pref":"和歌山県","muni":"和歌山市"}},{"type":"Feature","geometry":{"type":"Point","coordinates":[135.212646,34.219662]},"properties":{"id":"kofun_425cd7a41f","name":"井辺古墳群","kana":"いんべこふんぐん","pref":"和歌山県","muni":"和歌山市"}},{"type":"Feature","geometry":{"type":"Point","coordinates":[135.227872,34.212211]},"properties":{"id":"kofun_aedab3f270","name":"井辺前山古墳群","kana":"いんべまえやまこふんぐん","pref":"和歌山県","muni":"和歌山市"}},{"type":"Feature","geometry":{"type":"Point","coordinates":[135.226701,34.217239]},"properties":{"id":"kofun_952ba97ec7","name":"寺内古墳群","kana":"てらうちこふんぐん","pref":"和歌山県","muni":"和歌山市"}},{"type":"Feature","geometry":{"type":"Point","coordinates":[135.234901,34.184262]},"properties":{"id":"kofun_1eefaabe3c","name":"薬勝寺南山古墳群","kana":"やくしようじみなみやまこふんぐん","pref":"和歌山県","muni":"和歌山市"}},{"type":"Feature","geometry":{"type":"Point","coordinates":[135.250384,34.201729]},"properties":{"id":"kofun_b41ef10c6d","name":"伊太祁曾神社古墳群","kana":"いだきそじんじやこふんぐん","pref":"和歌山県","muni":"和歌山市"}},{"type":"Feature","geometry":{"type":"Point","coordinates":[135.259758,34.210155]},"properties":{"id":"kofun_6d65e6513b","name":"足神社古墳群","kana":"あしじんじやこふんぐん","pref":"和歌山県","muni":"和歌山市"}},{"type":"Feature","geometry":{"type":"Point","coordinates":[135.231387,34.232765]},"properties":{"id":"kofun_bfea8cca7a","name":"岩橋前山古墳群","kana":"いわせまえやまこふんぐん","pref":"和歌山県","muni":"和歌山市"}},{"type":"Feature","geometry":{"type":"Point","coordinates":[135.231387,34.232765]},"properties":{"id":"kofun_e9511ab807","name":"大谷山古墳群","kana":"おおたにやまこふんぐん","pref":"和歌山県","muni":"和歌山市"}},{"type":"Feature","geometry":{"type":"Point","coordinates":[135.237245,34.227672]},"properties":{"id":"kofun_f34b2db561","name":"和佐古墳群","kana":"わさこふんぐん","pref":"和歌山県","muni":"和歌山市"}},{"type":"Feature","geometry":{"type":"Point","coordinates":[135.273582,34.22994]},"properties":{"id":"kofun_4660306bd8","name":"明楽古墳群","kana":"あきらこふんぐん","pref":"和歌山県","muni":"和歌山市"}},{"type":"Feature","geometry":{"type":"Point","coordinates":[135.287701,34.236375]},"properties":{"id":"kofun_2910beb172","name":"寺山古墳群","kana":"てらやまこふんぐん","pref":"和歌山県","muni":"和歌山市"}},{"type":"Feature","geometry":{"type":"Point","coordinates":[135.284136,34.235916]},"properties":{"id":"kofun_0a8f3ed01a","name":"東国山古墳群","kana":"とうごくやまこふんぐん","pref":"和歌山県","muni":"和歌山市"}},{"type":"Feature","geometry":{"type":"Point","coordinates":[135.135794,34.262285]},"properties":{"id":"kofun_6d5f9f840a","name":"釜山古墳","kana":"かまやまこふん","pref":"和歌山県","muni":"和歌山市"}},{"type":"Feature","geometry":{"type":"Point","coordinates":[135.176356,34.255212]},"properties":{"id":"kofun_b9872ac580","name":"雨が谷古墳群","kana":"あまがだにこふんぐん","pref":"和歌山県","muni":"和歌山市"}},{"type":"Feature","geometry":{"type":"Point","coordinates":[135.17623,34.261825]},"properties":{"id":"kofun_7122cf047f","name":"大谷古墳","kana":"おおたにこふん","pref":"和歌山県","muni":"和歌山市"}},{"type":"Feature","geometry":{"type":"Point","coordinates":[135.181037,34.268503]},"properties":{"id":"kofun_da8f995ae2","name":"晒山古墳群","kana":"さらしやまこふんぐん","pref":"和歌山県","muni":"和歌山市"}},{"type":"Feature","geometry":{"type":"Point","coordinates":[135.186911,34.265803]},"properties":{"id":"kofun_b5c47add60","name":"鳴滝古墳群","kana":"なるたきこふんぐん","pref":"和歌山県","muni":"和歌山市"}},{"type":"Feature","geometry":{"type":"Point","coordinates":[135.187907,34.269962]},"properties":{"id":"kofun_4cc3a02ede","name":"奥出古墳","kana":"おくでこふん","pref":"和歌山県","muni":"和歌山市"}},{"type":"Feature","geometry":{"type":"Point","coordinates":[135.24076,34.277172]},"properties":{"id":"kofun_9c1e5375db","name":"八王子山古墳群","kana":"はちおうじやまこふんぐん","pref":"和歌山県","muni":"和歌山市"}},{"type":"Feature","geometry":{"type":"Point","coordinates":[135.264788,34.267657]},"properties":{"id":"kofun_e760a1320f","name":"藤田古墳","kana":"ふじたこふん","pref":"和歌山県","muni":"和歌山市"}},{"type":"Feature","geometry":{"type":"Point","coordinates":[135.165826,34.015316]},"properties":{"id":"kofun_105c896610","name":"じょう穴古墳","kana":"じようけつこふん","pref":"和歌山県","muni":"広川町"}},{"type":"Feature","geometry":{"type":"Point","coordinates":[135.164656,34.085006]},"properties":{"id":"kofun_a03607f992","name":"宮原古墳","kana":"みやはらこふん","pref":"和歌山県","muni":"有田市"}},{"type":"Feature","geometry":{"type":"Point","coordinates":[135.119054,34.08734]},"properties":{"id":"kofun_a34614e19a","name":"箕島古墳群","kana":"みのしまこふんぐん","pref":"和歌山県","muni":"有田市"}},{"type":"Feature","geometry":{"type":"Point","coordinates":[135.11438,34.102998]},"properties":{"id":"kofun_5e93a67401","name":"椒浜古墳","kana":"はじかみはまこふん","pref":"和歌山県","muni":"有田市"}},{"type":"Feature","geometry":{"type":"Point","coordinates":[135.129574,33.923871]},"properties":{"id":"kofun_275b8b34c6","name":"小中古墳群","kana":"おなかこふんぐん","pref":"和歌山県","muni":"日高町"}},{"type":"Feature","geometry":{"type":"Point","coordinates":[135.153786,33.918661]},"properties":{"id":"kofun_5ff43a23a0","name":"向山古墳群","kana":"むこうやまこふんぐん","pref":"和歌山県","muni":"御坊市"}},{"type":"Feature","geometry":{"type":"Point","coordinates":[135.176356,33.918636]},"properties":{"id":"kofun_f95052e431","name":"箱谷古墳群","kana":"はこだにこふんぐん","pref":"和歌山県","muni":"日高川町"}},{"type":"Feature","geometry":{"type":"Point","coordinates":[135.169921,34.221635]},"properties":{"id":"kofun_bac9c481c4","name":"吹上二号墳","kana":"ふきあげにごうふん","pref":"和歌山県","muni":"和歌山市"}},{"type":"Feature","geometry":{"type":"Point","coordinates":[135.264202,34.256807]},"properties":{"id":"kofun_136ad1c52c","name":"若野古墳","kana":"わかのこふん","pref":"和歌山県","muni":"和歌山市"}},{"type":"Feature","geometry":{"type":"Point","coordinates":[135.235052,33.790149]},"properties":{"id":"kofun_7b4c2051b9","name":"崎山古墳群","kana":"さきやまこふんぐん","pref":"和歌山県","muni":"印南町"}},{"type":"Feature","geometry":{"type":"Point","coordinates":[135.281224,33.778915]},"properties":{"id":"kofun_56c1e744b7","name":"東岩代古墳群","kana":"ひがしいわしろこふんぐん","pref":"和歌山県","muni":"みなべ町"}},{"type":"Feature","geometry":{"type":"Point","coordinates":[135.30408,33.777135]},"properties":{"id":"kofun_e1c7713c26","name":"城山古墳","kana":"しろやまこふん","pref":"和歌山県","muni":"みなべ町"}},{"type":"Feature","geometry":{"type":"Point","coordinates":[135.329901,33.759825]},"properties":{"id":"kofun_b7560f3ed9","name":"埴田古墳群","kana":"はねたこふんぐん","pref":"和歌山県","muni":"みなべ町"}},{"type":"Feature","geometry":{"type":"Point","coordinates":[135.170506,33.910362]},"properties":{"id":"kofun_1f81ca8ad1","name":"阪東丘古墳群","kana":"ばんどおかこふんぐん","pref":"和歌山県","muni":"御坊市"}},{"type":"Feature","geometry":{"type":"Point","coordinates":[135.170506,33.888033]},"properties":{"id":"kofun_dd1a9d0497","name":"岩内古墳群","kana":"いわうちこふんぐん","pref":"和歌山県","muni":"御坊市"}},{"type":"Feature","geometry":{"type":"Point","coordinates":[135.167175,33.880651]},"properties":{"id":"kofun_e547c0e82f","name":"天田古墳群","kana":"あまだこふんぐん","pref":"和歌山県","muni":"御坊市"}},{"type":"Feature","geometry":{"type":"Point","coordinates":[135.16477,33.855186]},"properties":{"id":"kofun_3c7689c364","name":"祓井戸古墳群","kana":"はらいどこふんぐん","pref":"和歌山県","muni":"御坊市"}},{"type":"Feature","geometry":{"type":"Point","coordinates":[135.172846,33.85114]},"properties":{"id":"kofun_a09f41a978","name":"秋葉山古墳群","kana":"あきばやまこふんぐん","pref":"和歌山県","muni":"御坊市"}},{"type":"Feature","geometry":{"type":"Point","coordinates":[135.343208,33.685368]},"properties":{"id":"kofun_1fad69905e","name":"火雨塚古墳","kana":"ひさめづかこふん","pref":"和歌山県","muni":"白浜町"}},{"type":"Feature","geometry":{"type":"Point","coordinates":[135.372186,33.658079]},"properties":{"id":"kofun_594a0b672d","name":"安久川古墳","kana":"あくがわこふん","pref":"和歌山県","muni":"白浜町"}},{"type":"Feature","geometry":{"type":"Point","coordinates":[135.380493,33.651862]},"properties":{"id":"kofun_6a11ca7fa3","name":"権現平古墳群","kana":"ごんげんだいらこふんぐん","pref":"和歌山県","muni":"白浜町"}},{"type":"Feature","geometry":{"type":"Point","coordinates":[135.484814,33.54949]},"properties":{"id":"kofun_e32ee36922","name":"上ミ山古墳","kana":"かみやまこふん","pref":"和歌山県","muni":"すさみ町"}},{"type":"Feature","geometry":{"type":"Point","coordinates":[135.407452,33.716746]},"properties":{"id":"kofun_0d0fc2dc88","name":"葉糸古墳","kana":"はいとこふん","pref":"和歌山県","muni":"田辺市"}},{"type":"Feature","geometry":{"type":"Point","coordinates":[135.419213,33.733312]},"properties":{"id":"kofun_6ebf9f4419","name":"下三栖古墳群","kana":"しもみすこふんぐん","pref":"和歌山県","muni":"田辺市"}},{"type":"Feature","geometry":{"type":"Point","coordinates":[135.355968,33.729723]},"properties":{"id":"kofun_9aee71b0a5","name":"天神山古墳","kana":"てんじんやまこふん","pref":"和歌山県","muni":"田辺市"}},{"type":"Feature","geometry":{"type":"Point","coordinates":[135.378254,33.740005]},"properties":{"id":"kofun_c979aa0fdf","name":"五反田古墳","kana":"ごたんだこふん","pref":"和歌山県","muni":"田辺市"}},{"type":"Feature","geometry":{"type":"Point","coordinates":[135.922793,33.584236]},"properties":{"id":"kofun_144a58409a","name":"下里古墳","kana":"しもさとこふん","pref":"和歌山県","muni":"那智勝浦町"}},{"type":"Feature","geometry":{"type":"Point","coordinates":[134.29172,35.568957]},"properties":{"id":"kofun_17c780743a","name":"穴観音古墳","kana":"あなかんのんこふん","pref":"鳥取県","muni":"岩美町"}},{"type":"Feature","geometry":{"type":"Point","coordinates":[134.324863,35.539721]},"properties":{"id":"kofun_f6bae45368","name":"高野坂古墳群","kana":"たかんざかこふんぐん","pref":"鳥取県","muni":"岩美町"}},{"type":"Feature","geometry":{"type":"Point","coordinates":[133.406662,35.357316]},"properties":{"id":"kofun_77e5dd15e6","name":"湯山六号墳","kana":"ゆやまろくごうふん","pref":"鳥取県","muni":"伯耆町"}},{"type":"Feature","geometry":{"type":"Point","coordinates":[134.270404,35.482108]},"properties":{"id":"kofun_97f616a11e","name":"亀金丘古墳","kana":"かめがねおかこふん","pref":"鳥取県","muni":"鳥取市"}},{"type":"Feature","geometry":{"type":"Point","coordinates":[134.294614,35.451468]},"properties":{"id":"kofun_f03f4973c4","name":"梶山古墳","kana":"かじやまこふん","pref":"鳥取県","muni":"鳥取市"}},{"type":"Feature","geometry":{"type":"Point","coordinates":[134.298368,35.466422]},"properties":{"id":"kofun_5755937075","name":"糸谷古墳群","kana":"いとたにこふんぐん","pref":"鳥取県","muni":"鳥取市"}},{"type":"Feature","geometry":{"type":"Point","coordinates":[134.227759,35.457521]},"properties":{"id":"kofun_102a907caa","name":"橋本三八号墳","kana":"はしもとさんじゆうはちごうふん","pref":"鳥取県","muni":"鳥取市"}},{"type":"Feature","geometry":{"type":"Point","coordinates":[134.237302,35.448589]},"properties":{"id":"kofun_774f18f32b","name":"六部山三号墳","kana":"ろくぶやまさんごうふん","pref":"鳥取県","muni":"鳥取市"}},{"type":"Feature","geometry":{"type":"Point","coordinates":[134.242323,35.442017]},"properties":{"id":"kofun_2c5782a6d5","name":"空山古墳群","kana":"そらやまこふんぐん","pref":"鳥取県","muni":"鳥取市"}},{"type":"Feature","geometry":{"type":"Point","coordinates":[134.233686,35.451936]},"properties":{"id":"kofun_a293f67c6e","name":"古郡家一号墳","kana":"ここおげいちごうふん","pref":"鳥取県","muni":"鳥取市"}},{"type":"Feature","geometry":{"type":"Point","coordinates":[134.212072,35.531979]},"properties":{"id":"kofun_bf1f483fa1","name":"開地谷古墳群","kana":"かいちだにこふんぐん","pref":"鳥取県","muni":"鳥取市"}},{"type":"Feature","geometry":{"type":"Point","coordinates":[134.249123,35.475245]},"properties":{"id":"kofun_b68b2d9a59","name":"面影山一一号墳","kana":"おもかげやまじゆういちごうふん","pref":"鳥取県","muni":"鳥取市"}},{"type":"Feature","geometry":{"type":"Point","coordinates":[134.26093,35.455524]},"properties":{"id":"kofun_3c3ed4ce2d","name":"生山古墳群","kana":"しようざんこふんぐん","pref":"鳥取県","muni":"鳥取市"}},{"type":"Feature","geometry":{"type":"Point","coordinates":[134.244348,35.445467]},"properties":{"id":"kofun_ccf5cb048a","name":"広岡古墳群","kana":"ひろおかこふんぐん","pref":"鳥取県","muni":"鳥取市"}},{"type":"Feature","geometry":{"type":"Point","coordinates":[134.245026,35.446265]},"properties":{"id":"kofun_31acbfa8a8","name":"坊ヶ塚古墳","kana":"ぼうがづかこふん","pref":"鳥取県","muni":"鳥取市"}},{"type":"Feature","geometry":{"type":"Point","coordinates":[134.164907,35.509632]},"properties":{"id":"kofun_8800f3b841","name":"三浦一号墳","kana":"みうらいちごうふん","pref":"鳥取県","muni":"鳥取市"}},{"type":"Feature","geometry":{"type":"Point","coordinates":[134.177009,35.505095]},"properties":{"id":"kofun_3bb58e25ed","name":"布勢古墳","kana":"ふせこふん","pref":"鳥取県","muni":"鳥取市"}},{"type":"Feature","geometry":{"type":"Point","coordinates":[134.189821,35.501504]},"properties":{"id":"kofun_51bbc2332a","name":"里仁古墳群","kana":"さとにこふんぐん","pref":"鳥取県","muni":"鳥取市"}},{"type":"Feature","geometry":{"type":"Point","coordinates":[134.175805,35.499881]},"properties":{"id":"kofun_b9bcc3f184","name":"桂見二号墳","kana":"かつらみにごうふん","pref":"鳥取県","muni":"鳥取市"}},{"type":"Feature","geometry":{"type":"Point","coordinates":[134.199724,35.491712]},"properties":{"id":"kofun_cca3c0e3e0","name":"山ヶ鼻古墳","kana":"やまがはなこふん","pref":"鳥取県","muni":"鳥取市"}},{"type":"Feature","geometry":{"type":"Point","coordinates":[134.18066,35.493234]},"properties":{"id":"kofun_6037dfdab7","name":"桷間一号墳","kana":"かくまいちごうふん","pref":"鳥取県","muni":"鳥取市"}},{"type":"Feature","geometry":{"type":"Point","coordinates":[134.255009,35.406275]},"properties":{"id":"kofun_0f20271e73","name":"米岡二号古墳","kana":"よねおかにごうこふん","pref":"鳥取県","muni":"八頭町"}},{"type":"Feature","geometry":{"type":"Point","coordinates":[134.19137,35.387882]},"properties":{"id":"kofun_dce603deff","name":"嶽古墳","kana":"だけこふん","pref":"鳥取県","muni":"鳥取市"}},{"type":"Feature","geometry":{"type":"Point","coordinates":[134.240793,35.271104]},"properties":{"id":"kofun_53fa28f86c","name":"黒本谷古墳","kana":"くろもとだにこふん","pref":"鳥取県","muni":"智頭町"}},{"type":"Feature","geometry":{"type":"Point","coordinates":[134.093654,35.506907]},"properties":{"id":"kofun_1ee09192db","name":"沢見塚古墳","kana":"さわみづかこふん","pref":"鳥取県","muni":"鳥取市"}},{"type":"Feature","geometry":{"type":"Point","coordinates":[134.074636,35.50676]},"properties":{"id":"kofun_3e4e1bd122","name":"西山古墳","kana":"にしやまこふん","pref":"鳥取県","muni":"鳥取市"}},{"type":"Feature","geometry":{"type":"Point","coordinates":[134.067294,35.489785]},"properties":{"id":"kofun_64c15e1075","name":"二本木古墳群","kana":"にほんぎこふんぐん","pref":"鳥取県","muni":"鳥取市"}},{"type":"Feature","geometry":{"type":"Point","coordinates":[134.049662,35.506008]},"properties":{"id":"kofun_1d41aef508","name":"谷奥一号墳","kana":"たにおくいちごうふん","pref":"鳥取県","muni":"鳥取市"}},{"type":"Feature","geometry":{"type":"Point","coordinates":[134.00563,35.51838]},"properties":{"id":"kofun_37b4315e62","name":"阿古山二二号墳","kana":"あこやまにじゆうにごうふん","pref":"鳥取県","muni":"鳥取市"}},{"type":"Feature","geometry":{"type":"Point","coordinates":[133.941294,35.514487]},"properties":{"id":"kofun_45347e525f","name":"尾尻古墳","kana":"おじりこふん","pref":"鳥取県","muni":"湯梨浜町"}},{"type":"Feature","geometry":{"type":"Point","coordinates":[133.8789,35.504648]},"properties":{"id":"kofun_8f940c0b7f","name":"橋津古墳群","kana":"はしづこふんぐん","pref":"鳥取県","muni":"湯梨浜町"}},{"type":"Feature","geometry":{"type":"Point","coordinates":[133.878597,35.504109]},"properties":{"id":"kofun_0e6ca68556","name":"馬ノ山四号墳","kana":"うまのやまよんごうふん","pref":"鳥取県","muni":"湯梨浜町"}},{"type":"Feature","geometry":{"type":"Point","coordinates":[133.885157,35.464088]},"properties":{"id":"kofun_8ae91586ff","name":"北山古墳","kana":"きたやまこふん","pref":"鳥取県","muni":"湯梨浜町"}},{"type":"Feature","geometry":{"type":"Point","coordinates":[133.86971,35.462752]},"properties":{"id":"kofun_9da282ffd8","name":"片平四号墳","kana":"かたひらよんごうふん","pref":"鳥取県","muni":"湯梨浜町"}},{"type":"Feature","geometry":{"type":"Point","coordinates":[133.823124,35.469466]},"properties":{"id":"kofun_ec743d93d9","name":"土下古墳群","kana":"はしたこふんぐん","pref":"鳥取県","muni":"北栄町"}},{"type":"Feature","geometry":{"type":"Point","coordinates":[133.731014,35.45006]},"properties":{"id":"kofun_3a2cff1ea0","name":"上種東三号墳","kana":"かみだねひがしさんごうふん","pref":"鳥取県","muni":"北栄町"}},{"type":"Feature","geometry":{"type":"Point","coordinates":[133.634781,35.512302]},"properties":{"id":"kofun_59c751904e","name":"笠取塚古墳","kana":"かさとりづかこふん","pref":"鳥取県","muni":"琴浦町"}},{"type":"Feature","geometry":{"type":"Point","coordinates":[133.626556,35.502418]},"properties":{"id":"kofun_af962cd1c6","name":"出上岩屋古墳","kana":"いでかみいわやこふん","pref":"鳥取県","muni":"琴浦町"}},{"type":"Feature","geometry":{"type":"Point","coordinates":[133.831489,35.440128]},"properties":{"id":"kofun_a56914b0b7","name":"向山古墳群","kana":"むこうやまこふんぐん","pref":"鳥取県","muni":"倉吉市"}},{"type":"Feature","geometry":{"type":"Point","coordinates":[133.832214,35.440888]},"properties":{"id":"kofun_aa1c6e98b6","name":"三明寺古墳","kana":"さんみようじこふん","pref":"鳥取県","muni":"倉吉市"}},{"type":"Feature","geometry":{"type":"Point","coordinates":[133.800688,35.400457]},"properties":{"id":"kofun_1e71ddf5df","name":"大宮古墳","kana":"おおみやこふん","pref":"鳥取県","muni":"倉吉市"}},{"type":"Feature","geometry":{"type":"Point","coordinates":[133.802727,35.386848]},"properties":{"id":"kofun_f787316176","name":"家ノ後口古墳群","kana":"いえのうしろぐちこふんぐん","pref":"鳥取県","muni":"倉吉市"}},{"type":"Feature","geometry":{"type":"Point","coordinates":[133.79965,35.44818]},"properties":{"id":"kofun_859c9150e4","name":"三度舞大将塚古墳","kana":"さんどまいたいしようづかこふん","pref":"鳥取県","muni":"倉吉市"}},{"type":"Feature","geometry":{"type":"Point","coordinates":[133.796833,35.436296]},"properties":{"id":"kofun_e6fc6cf497","name":"イザ原古墳群","kana":"いざはらこふんぐん","pref":"鳥取県","muni":"倉吉市"}},{"type":"Feature","geometry":{"type":"Point","coordinates":[133.796833,35.436296]},"properties":{"id":"kofun_f8251fb1f7","name":"国分寺古墳","kana":"こくぶんじこふん","pref":"鳥取県","muni":"倉吉市"}},{"type":"Feature","geometry":{"type":"Point","coordinates":[133.762734,35.4585]},"properties":{"id":"kofun_f08a277624","name":"高鼻二号墳","kana":"たかはなにごうふん","pref":"鳥取県","muni":"倉吉市"}},{"type":"Feature","geometry":{"type":"Point","coordinates":[133.798194,35.452722]},"properties":{"id":"kofun_54584b2d9e","name":"上神大将塚古墳","kana":"かずわたいしようづかこふん","pref":"鳥取県","muni":"倉吉市"}},{"type":"Feature","geometry":{"type":"Point","coordinates":[133.793237,35.457467]},"properties":{"id":"kofun_bfe792e3f5","name":"クズマ古墳群","kana":"くずまこふんぐん","pref":"鳥取県","muni":"倉吉市"}},{"type":"Feature","geometry":{"type":"Point","coordinates":[133.854498,35.465102]},"properties":{"id":"kofun_76cc92c4be","name":"福庭古墳","kana":"ふくばこふん","pref":"鳥取県","muni":"倉吉市"}},{"type":"Feature","geometry":{"type":"Point","coordinates":[133.597993,35.496111]},"properties":{"id":"kofun_7d10801703","name":"岩屋平ル古墳","kana":"いわやなるこふん","pref":"鳥取県","muni":"大山町"}},{"type":"Feature","geometry":{"type":"Point","coordinates":[134.4229,35.291256]},"properties":{"id":"kofun_a9bccdd218","name":"岩屋堂古墳","kana":"いわやどうこふん","pref":"鳥取県","muni":"若桜町"}},{"type":"Feature","geometry":{"type":"Point","coordinates":[133.505394,35.498255]},"properties":{"id":"kofun_97cac886dc","name":"ハンボ塚古墳","kana":"はんぼづかこふん","pref":"鳥取県","muni":"大山町"}},{"type":"Feature","geometry":{"type":"Point","coordinates":[133.505394,35.498255]},"properties":{"id":"kofun_89f7ffc734","name":"高田二六号墳","kana":"たかたにじゆうろくごうふん","pref":"鳥取県","muni":"大山町"}},{"type":"Feature","geometry":{"type":"Point","coordinates":[133.486145,35.453407]},"properties":{"id":"kofun_ea2886ebac","name":"宮内一号墳","kana":"みやうちいちごうふん","pref":"鳥取県","muni":"大山町"}},{"type":"Feature","geometry":{"type":"Point","coordinates":[133.466888,35.453117]},"properties":{"id":"kofun_3ab74a572a","name":"徳楽方墳","kana":"とくらくほうふん","pref":"鳥取県","muni":"大山町"}},{"type":"Feature","geometry":{"type":"Point","coordinates":[133.444621,35.458174]},"properties":{"id":"kofun_75c5584d97","name":"晩田山三一号墳","kana":"ばんだやまさんじゆういちごうふん","pref":"鳥取県","muni":"米子市"}},{"type":"Feature","geometry":{"type":"Point","coordinates":[133.444621,35.458174]},"properties":{"id":"kofun_b4c175bce6","name":"上ノ山古墳","kana":"うえのやまこふん","pref":"鳥取県","muni":"米子市"}},{"type":"Feature","geometry":{"type":"Point","coordinates":[133.442738,35.451941]},"properties":{"id":"kofun_f0d3e9bb00","name":"石馬谷古墳","kana":"いしうまだにこふん","pref":"鳥取県","muni":"米子市"}},{"type":"Feature","geometry":{"type":"Point","coordinates":[133.440114,35.453102]},"properties":{"id":"kofun_dda5d6dcc9","name":"長者ヶ平古墳","kana":"ちようじやがなるこふん","pref":"鳥取県","muni":"米子市"}},{"type":"Feature","geometry":{"type":"Point","coordinates":[133.442014,35.455236]},"properties":{"id":"kofun_23a1441cad","name":"岩屋古墳","kana":"いわやこふん","pref":"鳥取県","muni":"米子市"}},{"type":"Feature","geometry":{"type":"Point","coordinates":[133.413795,35.380985]},"properties":{"id":"kofun_25db628c6b","name":"岸本七号墳","kana":"きしもとしちごうふん","pref":"鳥取県","muni":"伯耆町"}},{"type":"Feature","geometry":{"type":"Point","coordinates":[133.423814,35.368458]},"properties":{"id":"kofun_45947da3a9","name":"吉定一号墳","kana":"よしさだいちごうふん","pref":"鳥取県","muni":"伯耆町"}},{"type":"Feature","geometry":{"type":"Point","coordinates":[133.371697,35.374033]},"properties":{"id":"kofun_583464ef2c","name":"後﨏山古墳","kana":"うしろさこやまこふん","pref":"鳥取県","muni":"南部町"}},{"type":"Feature","geometry":{"type":"Point","coordinates":[133.35261,35.374508]},"properties":{"id":"kofun_dbcb15e773","name":"三崎殿山古墳","kana":"みさきとのやまこふん","pref":"鳥取県","muni":"南部町"}},{"type":"Feature","geometry":{"type":"Point","coordinates":[133.877314,35.5041]},"properties":{"id":"kofun_6cfc8e57a1","name":"普段寺三号墳","kana":"ふだんじさんごうふん","pref":"鳥取県","muni":"湯梨浜町"}},{"type":"Feature","geometry":{"type":"Point","coordinates":[133.33188,35.370551]},"properties":{"id":"kofun_ce3b1b7e03","name":"春日山古墳","kana":"かすがやまこふん","pref":"鳥取県","muni":"南部町"}},{"type":"Feature","geometry":{"type":"Point","coordinates":[133.322223,35.3525]},"properties":{"id":"kofun_0be6b0002c","name":"小堤山横穴","kana":"こづつみやまおうけつ","pref":"鳥取県","muni":"南部町"}},{"type":"Feature","geometry":{"type":"Point","coordinates":[133.36346,35.412531]},"properties":{"id":"kofun_a3841e5c97","name":"宗像一号墳","kana":"むなかたいちごうふん","pref":"鳥取県","muni":"米子市"}},{"type":"Feature","geometry":{"type":"Point","coordinates":[133.357222,35.407289]},"properties":{"id":"kofun_4085376d01","name":"日原六号墳","kana":"ひばらろくごうふん","pref":"鳥取県","muni":"米子市"}},{"type":"Feature","geometry":{"type":"Point","coordinates":[133.415877,35.395085]},"properties":{"id":"kofun_e75eb0ebb1","name":"別所一号墳","kana":"べつしよいちごうふん","pref":"鳥取県","muni":"米子市"}},{"type":"Feature","geometry":{"type":"Point","coordinates":[133.418713,35.394356]},"properties":{"id":"kofun_8f0e5fd84a","name":"石州府古墳群","kana":"せきしよこふんぐん","pref":"鳥取県","muni":"米子市"}},{"type":"Feature","geometry":{"type":"Point","coordinates":[133.436784,35.34498]},"properties":{"id":"kofun_aa2dbc6adf","name":"三軒屋古墳","kana":"さんげんやこふん","pref":"鳥取県","muni":"伯耆町"}},{"type":"Feature","geometry":{"type":"Point","coordinates":[133.508045,35.305621]},"properties":{"id":"kofun_e98f9dc044","name":"貝田一号墳","kana":"かいだいちごうふん","pref":"鳥取県","muni":"江府町"}},{"type":"Feature","geometry":{"type":"Point","coordinates":[133.418713,35.220083]},"properties":{"id":"kofun_6c05728d1d","name":"岩田古墳","kana":"いわたこふん","pref":"鳥取県","muni":"日野町"}},{"type":"Feature","geometry":{"type":"Point","coordinates":[133.281158,35.24323]},"properties":{"id":"kofun_131660bc85","name":"印賀古墳群","kana":"いんがこふんぐん","pref":"鳥取県","muni":"日南町"}},{"type":"Feature","geometry":{"type":"Point","coordinates":[133.012202,35.516711]},"properties":{"id":"kofun_378516002e","name":"奥才古墳群","kana":"おくさいこふんぐん","pref":"島根県","muni":"松江市"}},{"type":"Feature","geometry":{"type":"Point","coordinates":[133.131079,35.423426]},"properties":{"id":"kofun_51626ec2da","name":"古城山古墳群","kana":"こじようやまこふんぐん","pref":"島根県","muni":"松江市"}},{"type":"Feature","geometry":{"type":"Point","coordinates":[133.123835,35.431584]},"properties":{"id":"kofun_a48fe28198","name":"大木権現山古墳群","kana":"おおぎごんげんやまこふんぐん","pref":"島根県","muni":"松江市"}},{"type":"Feature","geometry":{"type":"Point","coordinates":[133.10188,35.415592]},"properties":{"id":"kofun_2f104cc52f","name":"雨乞山古墳","kana":"あまごいやまこふん","pref":"島根県","muni":"松江市"}},{"type":"Feature","geometry":{"type":"Point","coordinates":[133.000143,35.428184]},"properties":{"id":"kofun_4f6fb13b92","name":"報恩寺古墳群","kana":"ほうおんじこふんぐん","pref":"島根県","muni":"松江市"}},{"type":"Feature","geometry":{"type":"Point","coordinates":[133.010265,35.414324]},"properties":{"id":"kofun_31395cca86","name":"林古墳群","kana":"はやしこふんぐん","pref":"島根県","muni":"松江市"}},{"type":"Feature","geometry":{"type":"Point","coordinates":[133.008163,35.414792]},"properties":{"id":"kofun_7e24888ce6","name":"玉造築山古墳","kana":"たまつくりつきやまこふん","pref":"島根県","muni":"松江市"}},{"type":"Feature","geometry":{"type":"Point","coordinates":[133.013875,35.418717]},"properties":{"id":"kofun_52ae81a4c6","name":"徳連場古墳","kana":"とくれんばこふん","pref":"島根県","muni":"松江市"}},{"type":"Feature","geometry":{"type":"Point","coordinates":[132.92652,35.409803]},"properties":{"id":"kofun_dcdd6435f1","name":"伊賀見古墳群","kana":"いがみこふんぐん","pref":"島根県","muni":"松江市"}},{"type":"Feature","geometry":{"type":"Point","coordinates":[133.101816,35.450787]},"properties":{"id":"kofun_8ce0e61bfb","name":"石屋古墳","kana":"いしやこふん","pref":"島根県","muni":"松江市"}},{"type":"Feature","geometry":{"type":"Point","coordinates":[133.061738,35.442427]},"properties":{"id":"kofun_97b20159b2","name":"乃木二子塚古墳","kana":"のぎふたごづかこふん","pref":"島根県","muni":"松江市"}},{"type":"Feature","geometry":{"type":"Point","coordinates":[133.077036,35.427589]},"properties":{"id":"kofun_ecc8a1095f","name":"荒神谷・後谷古墳群","kana":"こうじんだに・うしろだにこふんぐん","pref":"島根県","muni":"松江市"}},{"type":"Feature","geometry":{"type":"Point","coordinates":[133.085488,35.437979]},"properties":{"id":"kofun_ef4ab34b14","name":"大庭鶏塚古墳","kana":"おおばにわとりづかこふん","pref":"島根県","muni":"松江市"}},{"type":"Feature","geometry":{"type":"Point","coordinates":[133.087342,35.438254]},"properties":{"id":"kofun_ba1daf3fde","name":"山代二子塚古墳","kana":"やましろふたごづかこふん","pref":"島根県","muni":"松江市"}},{"type":"Feature","geometry":{"type":"Point","coordinates":[133.08888,35.439299]},"properties":{"id":"kofun_4adcc2435b","name":"山代方墳","kana":"やましろほうふん","pref":"島根県","muni":"松江市"}},{"type":"Feature","geometry":{"type":"Point","coordinates":[133.107532,35.422723]},"properties":{"id":"kofun_4a91fb49da","name":"大草岩船古墳","kana":"おおくさいわふねこふん","pref":"島根県","muni":"松江市"}},{"type":"Feature","geometry":{"type":"Point","coordinates":[133.106521,35.423578]},"properties":{"id":"kofun_a8279ed53d","name":"百塚山古墳群","kana":"ひやくづかやまこふんぐん","pref":"島根県","muni":"松江市"}},{"type":"Feature","geometry":{"type":"Point","coordinates":[133.106894,35.423996]},"properties":{"id":"kofun_ff440789f6","name":"古天神古墳","kana":"ふるてんじんこふん","pref":"島根県","muni":"松江市"}},{"type":"Feature","geometry":{"type":"Point","coordinates":[133.091283,35.427856]},"properties":{"id":"kofun_4a0a7413b0","name":"岡田山古墳群","kana":"おかだやまこふんぐん","pref":"島根県","muni":"松江市"}},{"type":"Feature","geometry":{"type":"Point","coordinates":[133.093101,35.426626]},"properties":{"id":"kofun_845d9b5790","name":"岩屋後古墳","kana":"いわやあとこふん","pref":"島根県","muni":"松江市"}},{"type":"Feature","geometry":{"type":"Point","coordinates":[133.093172,35.424625]},"properties":{"id":"kofun_b0894de3d2","name":"御崎山古墳","kana":"みさきやまこふん","pref":"島根県","muni":"松江市"}},{"type":"Feature","geometry":{"type":"Point","coordinates":[133.108309,35.447881]},"properties":{"id":"kofun_d1e1e291bc","name":"手間古墳","kana":"てんまこふん","pref":"島根県","muni":"松江市"}},{"type":"Feature","geometry":{"type":"Point","coordinates":[133.070167,35.489333]},"properties":{"id":"kofun_c9a8d8832d","name":"金崎古墳群","kana":"きんざきこふんぐん","pref":"島根県","muni":"松江市"}},{"type":"Feature","geometry":{"type":"Point","coordinates":[133.07365,35.487653]},"properties":{"id":"kofun_b954100815","name":"薬師山古墳","kana":"やくしやまこふん","pref":"島根県","muni":"松江市"}},{"type":"Feature","geometry":{"type":"Point","coordinates":[133.109288,35.464872]},"properties":{"id":"kofun_2855df15f7","name":"廻原古墳群","kana":"めぐりはらこふんぐん","pref":"島根県","muni":"松江市"}},{"type":"Feature","geometry":{"type":"Point","coordinates":[133.127879,35.506515]},"properties":{"id":"kofun_1796192ab8","name":"八日山古墳群","kana":"ようかやまこふんぐん","pref":"島根県","muni":"松江市"}},{"type":"Feature","geometry":{"type":"Point","coordinates":[133.093916,35.50647]},"properties":{"id":"kofun_ef0897f850","name":"薄井原古墳","kana":"うすいばらこふん","pref":"島根県","muni":"松江市"}},{"type":"Feature","geometry":{"type":"Point","coordinates":[132.994957,35.482623]},"properties":{"id":"kofun_cd0e22761e","name":"丹花庵古墳","kana":"たんげあんこふん","pref":"島根県","muni":"松江市"}},{"type":"Feature","geometry":{"type":"Point","coordinates":[133.053785,35.437]},"properties":{"id":"kofun_ab9def2227","name":"古曾志大谷一号墳","kana":"こそしおおたにいちごうふん","pref":"島根県","muni":"松江市"}},{"type":"Feature","geometry":{"type":"Point","coordinates":[132.933693,35.486567]},"properties":{"id":"kofun_62fd580b0a","name":"大垣大塚古墳群","kana":"おおがきおおつかこふんぐん","pref":"島根県","muni":"松江市"}},{"type":"Feature","geometry":{"type":"Point","coordinates":[133.210495,35.387732]},"properties":{"id":"kofun_05b3536814","name":"矢田古墳群","kana":"やだこふんぐん","pref":"島根県","muni":"安来市"}},{"type":"Feature","geometry":{"type":"Point","coordinates":[133.261588,35.427365]},"properties":{"id":"kofun_b0f22ee459","name":"毘売塚古墳","kana":"ひめづかこふん","pref":"島根県","muni":"安来市"}},{"type":"Feature","geometry":{"type":"Point","coordinates":[133.210808,35.43367]},"properties":{"id":"kofun_2069d9d139","name":"仏山古墳","kana":"ほとけやまこふん","pref":"島根県","muni":"安来市"}},{"type":"Feature","geometry":{"type":"Point","coordinates":[133.206522,35.430413]},"properties":{"id":"kofun_4ed897cefb","name":"大成古墳","kana":"おおなりこふん","pref":"島根県","muni":"安来市"}},{"type":"Feature","geometry":{"type":"Point","coordinates":[133.199973,35.429643]},"properties":{"id":"kofun_ff785ccc47","name":"造山古墳群","kana":"つくりやまこふんぐん","pref":"島根県","muni":"安来市"}},{"type":"Feature","geometry":{"type":"Point","coordinates":[133.190318,35.399882]},"properties":{"id":"kofun_a2654c2030","name":"飯梨岩舟古墳","kana":"いいなしいわふねこふん","pref":"島根県","muni":"安来市"}},{"type":"Feature","geometry":{"type":"Point","coordinates":[132.801563,35.36157]},"properties":{"id":"kofun_583c4485e8","name":"出西小丸古墳群","kana":"しゆつさいこまるこふんぐん","pref":"島根県","muni":"出雲市"}},{"type":"Feature","geometry":{"type":"Point","coordinates":[132.855496,35.391666]},"properties":{"id":"kofun_2439d15606","name":"神庭岩船山古墳","kana":"かんばいわふねやまこふん","pref":"島根県","muni":"出雲市"}},{"type":"Feature","geometry":{"type":"Point","coordinates":[132.595066,35.261063]},"properties":{"id":"kofun_3e5edb6084","name":"経塚山古墳群","kana":"きようづかやまこふんぐん","pref":"島根県","muni":"出雲市"}},{"type":"Feature","geometry":{"type":"Point","coordinates":[132.7998,35.423308]},"properties":{"id":"kofun_506674c901","name":"上島古墳","kana":"あげしまこふん","pref":"島根県","muni":"出雲市"}},{"type":"Feature","geometry":{"type":"Point","coordinates":[132.764525,35.363041]},"properties":{"id":"kofun_41d20a181b","name":"大念寺古墳","kana":"だいねんじこふん","pref":"島根県","muni":"出雲市"}},{"type":"Feature","geometry":{"type":"Point","coordinates":[132.760771,35.349998]},"properties":{"id":"kofun_b0522f2626","name":"上塩冶築山古墳","kana":"かみえんやつきやまこふん","pref":"島根県","muni":"出雲市"}},{"type":"Feature","geometry":{"type":"Point","coordinates":[132.759515,35.346075]},"properties":{"id":"kofun_fb2fe5f9a6","name":"地蔵山古墳","kana":"じぞうやまこふん","pref":"島根県","muni":"出雲市"}},{"type":"Feature","geometry":{"type":"Point","coordinates":[132.789143,35.409989]},"properties":{"id":"kofun_b77faf890d","name":"大寺古墳","kana":"おおてらこふん","pref":"島根県","muni":"出雲市"}},{"type":"Feature","geometry":{"type":"Point","coordinates":[132.743235,35.336782]},"properties":{"id":"kofun_54ae6fdf53","name":"放れ山古墳","kana":"はなれやまこふん","pref":"島根県","muni":"出雲市"}},{"type":"Feature","geometry":{"type":"Point","coordinates":[132.7376,35.337043]},"properties":{"id":"kofun_a88a948da3","name":"妙蓮寺山古墳","kana":"みようれんじやまこふん","pref":"島根県","muni":"出雲市"}},{"type":"Feature","geometry":{"type":"Point","coordinates":[132.733288,35.339009]},"properties":{"id":"kofun_60262d229c","name":"宝塚古墳","kana":"たからづかこふん","pref":"島根県","muni":"出雲市"}},{"type":"Feature","geometry":{"type":"Point","coordinates":[132.763791,35.334037]},"properties":{"id":"kofun_671c1445c4","name":"刈山古墳群","kana":"かりやまこふんぐん","pref":"島根県","muni":"出雲市"}},{"type":"Feature","geometry":{"type":"Point","coordinates":[132.6905,35.334483]},"properties":{"id":"kofun_91ed7be2f3","name":"山地古墳","kana":"やまじこふん","pref":"島根県","muni":"出雲市"}},{"type":"Feature","geometry":{"type":"Point","coordinates":[132.896081,35.346411]},"properties":{"id":"kofun_1763588994","name":"神原神社古墳","kana":"かんばらじんじやこふん","pref":"島根県","muni":"雲南市"}},{"type":"Feature","geometry":{"type":"Point","coordinates":[132.905192,35.303659]},"properties":{"id":"kofun_2284f3d4e8","name":"斐伊中山古墳群","kana":"ひいなかやまこふんぐん","pref":"島根県","muni":"雲南市"}},{"type":"Feature","geometry":{"type":"Point","coordinates":[133.044916,35.228786]},"properties":{"id":"kofun_2386bacd55","name":"常楽寺古墳","kana":"じようらくじこふん","pref":"島根県","muni":"奥出雲町"}},{"type":"Feature","geometry":{"type":"Point","coordinates":[133.055283,35.227628]},"properties":{"id":"kofun_32b80b02bf","name":"岩屋古墳","kana":"いわやこふん","pref":"島根県","muni":"奥出雲町"}},{"type":"Feature","geometry":{"type":"Point","coordinates":[132.877063,35.29783]},"properties":{"id":"kofun_969170943c","name":"松本古墳群","kana":"まつもとこふんぐん","pref":"島根県","muni":"雲南市"}},{"type":"Feature","geometry":{"type":"Point","coordinates":[132.407848,35.156196]},"properties":{"id":"kofun_28a0e1fe37","name":"明神古墳","kana":"みようじんこふん","pref":"島根県","muni":"大田市"}},{"type":"Feature","geometry":{"type":"Point","coordinates":[132.608947,34.88597]},"properties":{"id":"kofun_ae2b1dbe98","name":"野伏原古墳","kana":"のぶしばらこふん","pref":"島根県","muni":"邑南町"}},{"type":"Feature","geometry":{"type":"Point","coordinates":[132.629345,35.124409]},"properties":{"id":"kofun_021245ffe0","name":"割田古墳","kana":"わりたこふん","pref":"島根県","muni":"大田市"}},{"type":"Feature","geometry":{"type":"Point","coordinates":[132.307712,34.852961]},"properties":{"id":"kofun_f5e02e5e39","name":"やつおもて古墳群","kana":"やつおもてこふんぐん","pref":"島根県","muni":"浜田市"}},{"type":"Feature","geometry":{"type":"Point","coordinates":[132.016309,34.853911]},"properties":{"id":"kofun_7fc08184b8","name":"めんぐろ古墳","kana":"めんぐろこふん","pref":"島根県","muni":"浜田市"}},{"type":"Feature","geometry":{"type":"Point","coordinates":[132.017879,34.85491]},"properties":{"id":"kofun_57193a2c4d","name":"周布古墳","kana":"すふこふん","pref":"島根県","muni":"浜田市"}},{"type":"Feature","geometry":{"type":"Point","coordinates":[131.848099,34.68406]},"properties":{"id":"kofun_4a3871a2d0","name":"小丸山古墳","kana":"こまるやまこふん","pref":"島根県","muni":"益田市"}},{"type":"Feature","geometry":{"type":"Point","coordinates":[131.848442,34.701194]},"properties":{"id":"kofun_fcc364511e","name":"スクモ塚古墳","kana":"すくもづかこふん","pref":"島根県","muni":"益田市"}},{"type":"Feature","geometry":{"type":"Point","coordinates":[131.85514,34.722075]},"properties":{"id":"kofun_ea20439bb7","name":"鵜ノ鼻古墳群","kana":"うのはなこふんぐん","pref":"島根県","muni":"益田市"}},{"type":"Feature","geometry":{"type":"Point","coordinates":[131.848983,34.688117]},"properties":{"id":"kofun_5296957fe6","name":"大元一号墳","kana":"おおもといちごうふん","pref":"島根県","muni":"益田市"}},{"type":"Feature","geometry":{"type":"Point","coordinates":[133.303292,36.219391]},"properties":{"id":"kofun_5f55570065","name":"平神社古墳","kana":"へいじんじやこふん","pref":"島根県","muni":"隠岐の島町"}},{"type":"Feature","geometry":{"type":"Point","coordinates":[133.312401,36.207278]},"properties":{"id":"kofun_80fe566d6e","name":"玉若酢命神社古墳群","kana":"たまわかすみことじんじやこふんぐん","pref":"島根県","muni":"隠岐の島町"}},{"type":"Feature","geometry":{"type":"Point","coordinates":[132.802837,35.43831]},"properties":{"id":"kofun_290f93cc01","name":"船島古墳群","kana":"ふなしまこふんぐん","pref":"島根県","muni":"出雲市"}},{"type":"Feature","geometry":{"type":"Point","coordinates":[132.629345,35.124409]},"properties":{"id":"kofun_a7ab94b6dc","name":"水若酢神社古墳群","kana":"みずわかすじんじやこふんぐん","pref":"島根県","muni":"大田市"}},{"type":"Feature","geometry":{"type":"Point","coordinates":[133.099588,36.097933]},"properties":{"id":"kofun_bddd729806","name":"新開古墳群","kana":"しんかいこふんぐん","pref":"島根県","muni":"海士町"}},{"type":"Feature","geometry":{"type":"Point","coordinates":[134.192112,34.992571]},"properties":{"id":"kofun_9ee0f35e97","name":"築出し古墳","kana":"つきだしこふん","pref":"岡山県","muni":"美作市"}},{"type":"Feature","geometry":{"type":"Point","coordinates":[134.169654,35.015096]},"properties":{"id":"kofun_8cfb795649","name":"楢原寺山古墳","kana":"ならばらてらやまこふん","pref":"岡山県","muni":"美作市"}},{"type":"Feature","geometry":{"type":"Point","coordinates":[134.179145,35.032995]},"properties":{"id":"kofun_7989947fc0","name":"金焼山古墳","kana":"きんやきやまこふん","pref":"岡山県","muni":"美作市"}},{"type":"Feature","geometry":{"type":"Point","coordinates":[134.193379,35.013154]},"properties":{"id":"kofun_aaf46e2f58","name":"緑青塚古墳","kana":"ろくしようづかこふん","pref":"岡山県","muni":"美作市"}},{"type":"Feature","geometry":{"type":"Point","coordinates":[134.164907,35.030604]},"properties":{"id":"kofun_a6146d3738","name":"北山古墳群","kana":"きたやまこふんぐん","pref":"岡山県","muni":"美作市"}},{"type":"Feature","geometry":{"type":"Point","coordinates":[134.134446,35.047621]},"properties":{"id":"kofun_865bbe08a8","name":"岡高塚古墳","kana":"おかのたかつかこふん","pref":"岡山県","muni":"勝央町"}},{"type":"Feature","geometry":{"type":"Point","coordinates":[134.133297,35.076753]},"properties":{"id":"kofun_a50bfd5502","name":"植月寺山古墳","kana":"うえつきてらやまこふん","pref":"岡山県","muni":"勝央町"}},{"type":"Feature","geometry":{"type":"Point","coordinates":[134.143993,35.062641]},"properties":{"id":"kofun_fa924ea994","name":"美野高塚古墳","kana":"みのたかつかこふん","pref":"岡山県","muni":"勝央町"}},{"type":"Feature","geometry":{"type":"Point","coordinates":[134.050368,35.179487]},"properties":{"id":"kofun_6160e2bb71","name":"万燈山古墳","kana":"まんとうやまこふん","pref":"岡山県","muni":"津山市"}},{"type":"Feature","geometry":{"type":"Point","coordinates":[133.957724,35.122161]},"properties":{"id":"kofun_e2d70b487f","name":"法明寺火の釜古墳","kana":"ほうみようじひのかまこふん","pref":"岡山県","muni":"鏡野町"}},{"type":"Feature","geometry":{"type":"Point","coordinates":[133.944871,35.089539]},"properties":{"id":"kofun_e333435b0b","name":"茶臼山古墳","kana":"ちやうすやまこふん","pref":"岡山県","muni":"鏡野町"}},{"type":"Feature","geometry":{"type":"Point","coordinates":[133.93193,35.091308]},"properties":{"id":"kofun_3b99f351b4","name":"竹田妙見山古墳","kana":"たけだみようけんやまこふん","pref":"岡山県","muni":"鏡野町"}},{"type":"Feature","geometry":{"type":"Point","coordinates":[133.93972,35.107003]},"properties":{"id":"kofun_52c1eb49bb","name":"赤峪古墳","kana":"あかざここふん","pref":"岡山県","muni":"鏡野町"}},{"type":"Feature","geometry":{"type":"Point","coordinates":[133.930234,35.10392]},"properties":{"id":"kofun_0900f6e23a","name":"土居妙見山古墳","kana":"どいみようけんやまこふん","pref":"岡山県","muni":"鏡野町"}},{"type":"Feature","geometry":{"type":"Point","coordinates":[133.917445,35.07189]},"properties":{"id":"kofun_f43f8d94d4","name":"観音山古墳","kana":"かんのんやまこふん","pref":"岡山県","muni":"鏡野町"}},{"type":"Feature","geometry":{"type":"Point","coordinates":[133.965133,35.07701]},"properties":{"id":"kofun_bbcef01638","name":"田邑丸山古墳群","kana":"たのむらまるやまこふんぐん","pref":"岡山県","muni":"津山市"}},{"type":"Feature","geometry":{"type":"Point","coordinates":[133.966673,35.063087]},"properties":{"id":"kofun_d16108f884","name":"美和山古墳群","kana":"みわやまこふんぐん","pref":"岡山県","muni":"津山市"}},{"type":"Feature","geometry":{"type":"Point","coordinates":[134.031816,35.060088]},"properties":{"id":"kofun_7d1bdc6062","name":"六ッ塚古墳群","kana":"むつづかこふんぐん","pref":"岡山県","muni":"津山市"}},{"type":"Feature","geometry":{"type":"Point","coordinates":[134.041335,35.078015]},"properties":{"id":"kofun_e0d10031a7","name":"武塚古墳","kana":"たけづかこふん","pref":"岡山県","muni":"津山市"}},{"type":"Feature","geometry":{"type":"Point","coordinates":[133.965133,35.019088]},"properties":{"id":"kofun_8971f8fedf","name":"中宮古墳群","kana":"なかみやこふんぐん","pref":"岡山県","muni":"津山市"}},{"type":"Feature","geometry":{"type":"Point","coordinates":[134.031134,35.049964]},"properties":{"id":"kofun_3053d3d8ed","name":"日上天王山古墳","kana":"ひかみてんのうやまこふん","pref":"岡山県","muni":"津山市"}},{"type":"Feature","geometry":{"type":"Point","coordinates":[134.041335,35.046857]},"properties":{"id":"kofun_6c46814092","name":"飯塚古墳","kana":"いいづかこふん","pref":"岡山県","muni":"津山市"}},{"type":"Feature","geometry":{"type":"Point","coordinates":[134.056546,35.063973]},"properties":{"id":"kofun_f99595b1b9","name":"井口車塚古墳","kana":"いのくちくるまづかこふん","pref":"岡山県","muni":"津山市"}},{"type":"Feature","geometry":{"type":"Point","coordinates":[134.079391,35.082942]},"properties":{"id":"kofun_2d4271fec9","name":"近長四ッ塚古墳群","kana":"ちかながよつづかこふんぐん","pref":"岡山県","muni":"津山市"}},{"type":"Feature","geometry":{"type":"Point","coordinates":[134.109103,34.941692]},"properties":{"id":"kofun_0b9b146146","name":"月の輪古墳","kana":"つきのわこふん","pref":"岡山県","muni":"美咲町"}},{"type":"Feature","geometry":{"type":"Point","coordinates":[133.869772,34.646325]},"properties":{"id":"kofun_39b22733cf","name":"大日塚古墳","kana":"だいにちづかこふん","pref":"岡山県","muni":"岡山市 北区"}},{"type":"Feature","geometry":{"type":"Point","coordinates":[133.900743,35.068308]},"properties":{"id":"kofun_6b5d309b27","name":"三成古墳","kana":"さんなりこふん","pref":"岡山県","muni":"津山市"}},{"type":"Feature","geometry":{"type":"Point","coordinates":[133.888923,35.065316]},"properties":{"id":"kofun_d9a9373c0c","name":"岡の大塚古墳","kana":"おかのおおつかこふん","pref":"岡山県","muni":"津山市"}},{"type":"Feature","geometry":{"type":"Point","coordinates":[133.869772,34.646325]},"properties":{"id":"kofun_184442fe2f","name":"油木高塚古墳","kana":"ゆきたかつかこふん","pref":"岡山県","muni":"岡山市 北区"}},{"type":"Feature","geometry":{"type":"Point","coordinates":[133.893583,34.828287]},"properties":{"id":"kofun_e271625f67","name":"川東車塚古墳","kana":"かわひがしくるまづかこふん","pref":"岡山県","muni":"岡山市 北区"}},{"type":"Feature","geometry":{"type":"Point","coordinates":[133.765725,35.076858]},"properties":{"id":"kofun_2a8bdb812e","name":"金屋一号墳","kana":"かなやいちごうふん","pref":"岡山県","muni":"真庭市"}},{"type":"Feature","geometry":{"type":"Point","coordinates":[133.637531,34.896341]},"properties":{"id":"kofun_5facec7486","name":"四つ塚古墳群","kana":"よつづかこふんぐん","pref":"岡山県","muni":"高梁市"}},{"type":"Feature","geometry":{"type":"Point","coordinates":[133.567772,35.179484]},"properties":{"id":"kofun_f0b6d5d3e1","name":"小吹山古墳群","kana":"こぶきやまこふんぐん","pref":"岡山県","muni":"新庄村"}},{"type":"Feature","geometry":{"type":"Point","coordinates":[134.120617,34.724384]},"properties":{"id":"kofun_befe0f8fce","name":"鶴山丸山古墳","kana":"つるやままるやまこふん","pref":"岡山県","muni":"備前市"}},{"type":"Feature","geometry":{"type":"Point","coordinates":[134.116434,34.717901]},"properties":{"id":"kofun_dc1ffe4f97","name":"長尾山古墳","kana":"ながおやまこふん","pref":"岡山県","muni":"備前市"}},{"type":"Feature","geometry":{"type":"Point","coordinates":[134.111631,34.711482]},"properties":{"id":"kofun_3cd4a1433b","name":"新庄天神山古墳","kana":"しんじようてんじんやまこふん","pref":"岡山県","muni":"備前市"}},{"type":"Feature","geometry":{"type":"Point","coordinates":[134.108829,34.7271]},"properties":{"id":"kofun_deb76b60ce","name":"船山古墳","kana":"ふなやまこふん","pref":"岡山県","muni":"瀬戸内市"}},{"type":"Feature","geometry":{"type":"Point","coordinates":[134.111021,34.710818]},"properties":{"id":"kofun_752fcfba9e","name":"花光寺山古墳","kana":"けこうじやまこふん","pref":"岡山県","muni":"瀬戸内市"}},{"type":"Feature","geometry":{"type":"Point","coordinates":[134.127328,34.693912]},"properties":{"id":"kofun_a8c9eb44c2","name":"牛文茶臼山古墳","kana":"うしぶみちやうすやまこふん","pref":"岡山県","muni":"瀬戸内市"}},{"type":"Feature","geometry":{"type":"Point","coordinates":[134.150665,34.680655]},"properties":{"id":"kofun_db039c4980","name":"本坊山古墳","kana":"ほんぼうさんこふん","pref":"岡山県","muni":"瀬戸内市"}},{"type":"Feature","geometry":{"type":"Point","coordinates":[134.137336,34.679616]},"properties":{"id":"kofun_f04ecf2b10","name":"築山古墳","kana":"つきやまこふん","pref":"岡山県","muni":"瀬戸内市"}},{"type":"Feature","geometry":{"type":"Point","coordinates":[134.157787,34.621607]},"properties":{"id":"kofun_076ce1541f","name":"天神山古墳","kana":"てんじんやまこふん","pref":"岡山県","muni":"瀬戸内市"}},{"type":"Feature","geometry":{"type":"Point","coordinates":[134.157787,34.621607]},"properties":{"id":"kofun_565f683911","name":"波歌山古墳","kana":"はかやまこふん","pref":"岡山県","muni":"瀬戸内市"}},{"type":"Feature","geometry":{"type":"Point","coordinates":[134.159685,34.598605]},"properties":{"id":"kofun_ad0b3f53cd","name":"黒島古墳","kana":"くろしまこふん","pref":"岡山県","muni":"瀬戸内市"}},{"type":"Feature","geometry":{"type":"Point","coordinates":[134.144205,34.615277]},"properties":{"id":"kofun_bfb57bba88","name":"鹿歩山古墳","kana":"かぶさんこふん","pref":"岡山県","muni":"瀬戸内市"}},{"type":"Feature","geometry":{"type":"Point","coordinates":[134.133868,34.602256]},"properties":{"id":"kofun_8092d640e4","name":"二塚山古墳","kana":"ふたづかやまこふん","pref":"岡山県","muni":"瀬戸内市"}},{"type":"Feature","geometry":{"type":"Point","coordinates":[134.111587,34.787342]},"properties":{"id":"kofun_0c6d77cd4b","name":"武宮古墳","kana":"たけみやこふん","pref":"岡山県","muni":"赤磐市"}},{"type":"Feature","geometry":{"type":"Point","coordinates":[134.112665,34.782702]},"properties":{"id":"kofun_ca7f496cd2","name":"大谷山古墳","kana":"おおたにやまこふん","pref":"岡山県","muni":"赤磐市"}},{"type":"Feature","geometry":{"type":"Point","coordinates":[134.057351,34.779788]},"properties":{"id":"kofun_8a9d9b9311","name":"小丸山古墳","kana":"こまるやまこふん","pref":"岡山県","muni":"赤磐市"}},{"type":"Feature","geometry":{"type":"Point","coordinates":[134.009416,34.734466]},"properties":{"id":"kofun_2d0897541a","name":"小山古墳","kana":"こやまこふん","pref":"岡山県","muni":"赤磐市"}},{"type":"Feature","geometry":{"type":"Point","coordinates":[134.004932,34.738098]},"properties":{"id":"kofun_4c75d024d9","name":"西森山古墳","kana":"にしもりやまこふん","pref":"岡山県","muni":"赤磐市"}},{"type":"Feature","geometry":{"type":"Point","coordinates":[134.003249,34.729601]},"properties":{"id":"kofun_2708cb3680","name":"廻山古墳","kana":"めぐりやまこふん","pref":"岡山県","muni":"赤磐市"}},{"type":"Feature","geometry":{"type":"Point","coordinates":[133.999123,34.733689]},"properties":{"id":"kofun_8a81451387","name":"朱千駄古墳","kana":"しゆせんだこふん","pref":"岡山県","muni":"赤磐市"}},{"type":"Feature","geometry":{"type":"Point","coordinates":[134.002239,34.740096]},"properties":{"id":"kofun_c67d874840","name":"両宮山古墳","kana":"りようぐうざんこふん","pref":"岡山県","muni":"赤磐市"}},{"type":"Feature","geometry":{"type":"Point","coordinates":[134.004332,34.780431]},"properties":{"id":"kofun_8a0fbd2b83","name":"鳥取上高塚古墳","kana":"とつとりかみのたかつかこふん","pref":"岡山県","muni":"赤磐市"}},{"type":"Feature","geometry":{"type":"Point","coordinates":[133.637531,34.896341]},"properties":{"id":"kofun_e0cbdf02a2","name":"菅古墳群","kana":"すげこふんぐん","pref":"岡山県","muni":"高梁市"}},{"type":"Feature","geometry":{"type":"Point","coordinates":[133.930517,34.683757]},"properties":{"id":"kofun_52ac166b45","name":"神宮寺山古墳","kana":"じんぐうじやまこふん","pref":"岡山県","muni":"岡山市 北区"}},{"type":"Feature","geometry":{"type":"Point","coordinates":[133.929712,34.694665]},"properties":{"id":"kofun_fba852bcd2","name":"一本松古墳","kana":"いつぽんまつこふん","pref":"岡山県","muni":"岡山市 北区"}},{"type":"Feature","geometry":{"type":"Point","coordinates":[133.907134,34.691544]},"properties":{"id":"kofun_3c667b3754","name":"都月坂一号墳","kana":"とつきざかいちごうふん","pref":"岡山県","muni":"岡山市 北区"}},{"type":"Feature","geometry":{"type":"Point","coordinates":[133.865017,34.658972]},"properties":{"id":"kofun_193e5b878e","name":"尾上車山古墳","kana":"おのうえくるまやまこふん","pref":"岡山県","muni":"岡山市 北区"}},{"type":"Feature","geometry":{"type":"Point","coordinates":[133.855381,34.684446]},"properties":{"id":"kofun_cd3ec9f606","name":"一宮天神山古墳群","kana":"いちのみやてんじんやまこふんぐん","pref":"岡山県","muni":"岡山市 北区"}},{"type":"Feature","geometry":{"type":"Point","coordinates":[133.97679,34.72522]},"properties":{"id":"kofun_a476ba652d","name":"牟佐大塚古墳","kana":"むさおおつかこふん","pref":"岡山県","muni":"岡山市 北区"}},{"type":"Feature","geometry":{"type":"Point","coordinates":[133.942018,34.645558]},"properties":{"id":"kofun_1ac3510076","name":"網浜茶臼山古墳","kana":"あみのはまちやうすやまこふん","pref":"岡山県","muni":"岡山市 中区"}},{"type":"Feature","geometry":{"type":"Point","coordinates":[133.958808,34.657416]},"properties":{"id":"kofun_ac00c83110","name":"旗振台古墳","kana":"はたふりだいこふん","pref":"岡山県","muni":"岡山市 中区"}},{"type":"Feature","geometry":{"type":"Point","coordinates":[133.95407,34.647905]},"properties":{"id":"kofun_b74d9bfb00","name":"湊茶臼山古墳","kana":"みなとちやうすやまこふん","pref":"岡山県","muni":"岡山市 中区"}},{"type":"Feature","geometry":{"type":"Point","coordinates":[133.968045,34.667278]},"properties":{"id":"kofun_ed932d00fb","name":"沢田大塚古墳","kana":"さわだおおつかこふん","pref":"岡山県","muni":"岡山市 中区"}},{"type":"Feature","geometry":{"type":"Point","coordinates":[133.967704,34.663823]},"properties":{"id":"kofun_b42ec28472","name":"金蔵山古墳","kana":"かなくらやまこふん","pref":"岡山県","muni":"岡山市 中区"}},{"type":"Feature","geometry":{"type":"Point","coordinates":[133.976,34.701667]},"properties":{"id":"kofun_1dfbc1cb84","name":"車塚古墳","kana":"くるまづかこふん","pref":"岡山県","muni":"岡山市 中区"}},{"type":"Feature","geometry":{"type":"Point","coordinates":[133.959676,34.697687]},"properties":{"id":"kofun_2e3cda49ba","name":"唐人塚古墳","kana":"かろうどづかこふん","pref":"岡山県","muni":"岡山市 中区"}},{"type":"Feature","geometry":{"type":"Point","coordinates":[134.067206,34.710135]},"properties":{"id":"kofun_6df4c79b12","name":"浦間茶臼山古墳","kana":"うらまちやうすやまこふん","pref":"岡山県","muni":"岡山市 東区"}},{"type":"Feature","geometry":{"type":"Point","coordinates":[134.064513,34.678741]},"properties":{"id":"kofun_6bbf9732f0","name":"宮山西塚古墳","kana":"みややまにしづかこふん","pref":"岡山県","muni":"岡山市 東区"}},{"type":"Feature","geometry":{"type":"Point","coordinates":[133.962334,34.587825]},"properties":{"id":"kofun_29e917f087","name":"八幡大塚二号墳","kana":"やはたおおつかにごうふん","pref":"岡山県","muni":"岡山市 南区"}},{"type":"Feature","geometry":{"type":"Point","coordinates":[133.854816,34.666218]},"properties":{"id":"kofun_ac2a51dd8e","name":"中山茶臼山古墳","kana":"なかやまちやうすやまこふん","pref":"岡山県","muni":"岡山市 北区"}},{"type":"Feature","geometry":{"type":"Point","coordinates":[133.831489,34.699662]},"properties":{"id":"kofun_718506dee9","name":"佐古田堂山古墳","kana":"さこだどうやまこふん","pref":"岡山県","muni":"岡山市 北区"}},{"type":"Feature","geometry":{"type":"Point","coordinates":[133.835406,34.700694]},"properties":{"id":"kofun_b237f325b1","name":"小盛山古墳","kana":"こもりやまこふん","pref":"岡山県","muni":"岡山市 北区"}},{"type":"Feature","geometry":{"type":"Point","coordinates":[133.798446,34.678333]},"properties":{"id":"kofun_5a62c16d0b","name":"小造山古墳","kana":"こづくりやまこふん","pref":"岡山県","muni":"岡山市 北区"}},{"type":"Feature","geometry":{"type":"Point","coordinates":[133.804014,34.673802]},"properties":{"id":"kofun_288fc6aec9","name":"造山古墳","kana":"つくりやまこふん","pref":"岡山県","muni":"岡山市 北区"}},{"type":"Feature","geometry":{"type":"Point","coordinates":[133.801781,34.670139]},"properties":{"id":"kofun_01c47d8f28","name":"千足古墳","kana":"せんぞくこふん","pref":"岡山県","muni":"岡山市 北区"}},{"type":"Feature","geometry":{"type":"Point","coordinates":[133.77306,34.659163]},"properties":{"id":"kofun_4a806cc9e5","name":"角力取山古墳","kana":"すもうとりやまこふん","pref":"岡山県","muni":"総社市"}},{"type":"Feature","geometry":{"type":"Point","coordinates":[133.78283,34.662141]},"properties":{"id":"kofun_5988a53e83","name":"宿寺山古墳","kana":"しゆくてらやまこふん","pref":"岡山県","muni":"総社市"}},{"type":"Feature","geometry":{"type":"Point","coordinates":[133.637531,34.896341]},"properties":{"id":"kofun_3f95bb5ba8","name":"三因千塚古墳群","kana":"みよりせんづかこふんぐん","pref":"岡山県","muni":"高梁市"}},{"type":"Feature","geometry":{"type":"Point","coordinates":[133.826469,34.659804]},"properties":{"id":"kofun_e1b15d7461","name":"王墓山古墳","kana":"おうはかやまこふん","pref":"岡山県","muni":"倉敷市"}},{"type":"Feature","geometry":{"type":"Point","coordinates":[133.660833,34.564741]},"properties":{"id":"kofun_18d8c2799d","name":"天王山古墳","kana":"てんのうやまこふん","pref":"岡山県","muni":"倉敷市"}},{"type":"Feature","geometry":{"type":"Point","coordinates":[133.681515,34.635521]},"properties":{"id":"kofun_151d44cbdb","name":"箭田大塚古墳","kana":"やたおおつかこふん","pref":"岡山県","muni":"倉敷市"}},{"type":"Feature","geometry":{"type":"Point","coordinates":[133.716916,34.621269]},"properties":{"id":"kofun_bb2b3beee1","name":"二万塚古墳","kana":"にまつかこふん","pref":"岡山県","muni":"倉敷市"}},{"type":"Feature","geometry":{"type":"Point","coordinates":[133.719452,34.625801]},"properties":{"id":"kofun_e305e308fd","name":"天狗山古墳","kana":"てんぐやまこふん","pref":"岡山県","muni":"倉敷市"}},{"type":"Feature","geometry":{"type":"Point","coordinates":[133.734083,34.683259]},"properties":{"id":"kofun_1ac52b23c9","name":"佐野山古墳","kana":"さのやまこふん","pref":"岡山県","muni":"総社市"}},{"type":"Feature","geometry":{"type":"Point","coordinates":[133.778885,34.70984]},"properties":{"id":"kofun_7390f4844e","name":"随庵古墳","kana":"ずいあんこふん","pref":"岡山県","muni":"総社市"}},{"type":"Feature","geometry":{"type":"Point","coordinates":[133.766922,34.735365]},"properties":{"id":"kofun_87c3310cf7","name":"阿弥陀原古墳群","kana":"あみだがばらこふんぐん","pref":"岡山県","muni":"総社市"}},{"type":"Feature","geometry":{"type":"Point","coordinates":[133.785744,34.666902]},"properties":{"id":"kofun_4839561c09","name":"こうもり塚古墳","kana":"こうもりづかこふん","pref":"岡山県","muni":"総社市"}},{"type":"Feature","geometry":{"type":"Point","coordinates":[133.778885,34.66951]},"properties":{"id":"kofun_27f348bad1","name":"緑山古墳群","kana":"みどりやまこふんぐん","pref":"岡山県","muni":"総社市"}},{"type":"Feature","geometry":{"type":"Point","coordinates":[133.77694,34.668498]},"properties":{"id":"kofun_bdf1dbfeb1","name":"江崎古墳","kana":"えざきこふん","pref":"岡山県","muni":"総社市"}},{"type":"Feature","geometry":{"type":"Point","coordinates":[133.769383,34.66478]},"properties":{"id":"kofun_0198a0bf97","name":"作山古墳","kana":"つくりやまこふん","pref":"岡山県","muni":"総社市"}},{"type":"Feature","geometry":{"type":"Point","coordinates":[133.706411,34.681837]},"properties":{"id":"kofun_f11a0d86a0","name":"金子石塔塚古墳","kana":"かねこせきとうづかこふん","pref":"岡山県","muni":"総社市"}},{"type":"Feature","geometry":{"type":"Point","coordinates":[133.707061,34.688224]},"properties":{"id":"kofun_1a64e47a81","name":"上沼古墳","kana":"かみぬまこふん","pref":"岡山県","muni":"総社市"}},{"type":"Feature","geometry":{"type":"Point","coordinates":[133.695549,34.676536]},"properties":{"id":"kofun_c93e85630b","name":"長砂の石棺","kana":"ながさこのせつかん","pref":"岡山県","muni":"総社市"}},{"type":"Feature","geometry":{"type":"Point","coordinates":[133.6807,34.675339]},"properties":{"id":"kofun_b8cc1f793b","name":"浦越古墳群","kana":"うらごえこふんぐん","pref":"岡山県","muni":"総社市"}},{"type":"Feature","geometry":{"type":"Point","coordinates":[133.698966,34.669652]},"properties":{"id":"kofun_c5190719a5","name":"久代大塚古墳","kana":"くしろおおつかこふん","pref":"岡山県","muni":"総社市"}},{"type":"Feature","geometry":{"type":"Point","coordinates":[133.657988,34.67399]},"properties":{"id":"kofun_c7a66d7854","name":"砂子山古墳群","kana":"さごやまこふんぐん","pref":"岡山県","muni":"総社市"}},{"type":"Feature","geometry":{"type":"Point","coordinates":[133.60969,34.594518]},"properties":{"id":"kofun_3d61ed8f0f","name":"小迫大塚古墳","kana":"こざこおおつかこふん","pref":"岡山県","muni":"矢掛町"}},{"type":"Feature","geometry":{"type":"Point","coordinates":[133.528141,34.583761]},"properties":{"id":"kofun_89690640ea","name":"長福寺裏山古墳群","kana":"ちようふくじうらやまこふんぐん","pref":"岡山県","muni":"笠岡市"}},{"type":"Feature","geometry":{"type":"Point","coordinates":[133.624778,34.939462]},"properties":{"id":"kofun_e0ef1412c7","name":"大谷一号墳","kana":"おおやいちごうふん","pref":"岡山県","muni":"真庭市"}},{"type":"Feature","geometry":{"type":"Point","coordinates":[133.6272,34.94508]},"properties":{"id":"kofun_8bbe6cfaf7","name":"土井二号墳","kana":"どいにごうふん","pref":"岡山県","muni":"真庭市"}},{"type":"Feature","geometry":{"type":"Point","coordinates":[133.646466,34.959181]},"properties":{"id":"kofun_c2191b7a67","name":"荒木山西塚古墳","kana":"あらきやまにしづかこふん","pref":"岡山県","muni":"真庭市"}},{"type":"Feature","geometry":{"type":"Point","coordinates":[133.647443,34.960017]},"properties":{"id":"kofun_c494593fbd","name":"荒木山東塚古墳","kana":"あらきやまひがしづかこふん","pref":"岡山県","muni":"真庭市"}},{"type":"Feature","geometry":{"type":"Point","coordinates":[133.647128,34.954715]},"properties":{"id":"kofun_fcaee7ed0b","name":"立古墳","kana":"たつこふん","pref":"岡山県","muni":"真庭市"}},{"type":"Feature","geometry":{"type":"Point","coordinates":[133.339122,34.966455]},"properties":{"id":"kofun_4f213c24a2","name":"ひさご塚古墳","kana":"ひさごづかこふん","pref":"岡山県","muni":"新見市"}},{"type":"Feature","geometry":{"type":"Point","coordinates":[133.285991,34.895645]},"properties":{"id":"kofun_863807b137","name":"大迫山古墳群","kana":"おおさこやまこふんぐん","pref":"広島県","muni":"庄原市"}},{"type":"Feature","geometry":{"type":"Point","coordinates":[133.023585,34.860125]},"properties":{"id":"kofun_8c5c699dd4","name":"瓢山古墳","kana":"ひさごやまこふん","pref":"広島県","muni":"庄原市"}},{"type":"Feature","geometry":{"type":"Point","coordinates":[133.102013,34.859685]},"properties":{"id":"kofun_a3b0fc864c","name":"鍬寄古墳群","kana":"くわよせこふんぐん","pref":"広島県","muni":"庄原市"}},{"type":"Feature","geometry":{"type":"Point","coordinates":[132.993658,34.724038]},"properties":{"id":"kofun_a761931428","name":"三玉大塚","kana":"みたまおおづか","pref":"広島県","muni":"三次市"}},{"type":"Feature","geometry":{"type":"Point","coordinates":[132.840635,34.789952]},"properties":{"id":"kofun_ea9bf455dd","name":"若宮古墳","kana":"わかみやこふん","pref":"広島県","muni":"三次市"}},{"type":"Feature","geometry":{"type":"Point","coordinates":[132.880747,34.786251]},"properties":{"id":"kofun_73a38d6e25","name":"矢谷古墳","kana":"やだにこふん","pref":"広島県","muni":"三次市"}},{"type":"Feature","geometry":{"type":"Point","coordinates":[132.849166,34.780595]},"properties":{"id":"kofun_18463b165e","name":"高塚古墳","kana":"たかつかこふん","pref":"広島県","muni":"三次市"}},{"type":"Feature","geometry":{"type":"Point","coordinates":[132.835943,34.807665]},"properties":{"id":"kofun_47bb6bf115","name":"岩脇古墳","kana":"いわわきこふん","pref":"広島県","muni":"三次市"}},{"type":"Feature","geometry":{"type":"Point","coordinates":[132.906409,34.779416]},"properties":{"id":"kofun_304f3af7b6","name":"浄楽寺古墳群・七ッ塚古墳群","kana":"じようらくじこふんぐん・ななつづかこふんぐん","pref":"広島県","muni":"三次市"}},{"type":"Feature","geometry":{"type":"Point","coordinates":[132.890583,34.746766]},"properties":{"id":"kofun_bbf059bde1","name":"塚の本古墳","kana":"つかのもとこふん","pref":"広島県","muni":"三次市"}},{"type":"Feature","geometry":{"type":"Point","coordinates":[133.279561,34.603071]},"properties":{"id":"kofun_1838287758","name":"尾市古墳","kana":"おいちこふん","pref":"広島県","muni":"福山市"}},{"type":"Feature","geometry":{"type":"Point","coordinates":[133.295749,34.562457]},"properties":{"id":"kofun_f6cdd1fa59","name":"大佐山白塚古墳","kana":"おおさやましらつかこふん","pref":"広島県","muni":"福山市"}},{"type":"Feature","geometry":{"type":"Point","coordinates":[133.312119,34.553597]},"properties":{"id":"kofun_cafd4228f0","name":"二子塚古墳","kana":"ふたごづかこふん","pref":"広島県","muni":"福山市"}},{"type":"Feature","geometry":{"type":"Point","coordinates":[133.307733,34.564176]},"properties":{"id":"kofun_85ff8d2180","name":"大迫金環塚古墳","kana":"おおさこきんかんづかこふん","pref":"広島県","muni":"福山市"}},{"type":"Feature","geometry":{"type":"Point","coordinates":[133.315287,34.572805]},"properties":{"id":"kofun_15d955624d","name":"北塚古墳","kana":"きたづかこふん","pref":"広島県","muni":"福山市"}},{"type":"Feature","geometry":{"type":"Point","coordinates":[133.29702,34.46563]},"properties":{"id":"kofun_2208f25672","name":"赤坂古墳群","kana":"あかさかこふんぐん","pref":"広島県","muni":"福山市"}},{"type":"Feature","geometry":{"type":"Point","coordinates":[133.260542,34.4569]},"properties":{"id":"kofun_aa90e5b8d9","name":"松本古墳","kana":"まつもとこふん","pref":"広島県","muni":"福山市"}},{"type":"Feature","geometry":{"type":"Point","coordinates":[133.032477,34.588527]},"properties":{"id":"kofun_64edfcee62","name":"康徳寺古墳","kana":"こうとくじこふん","pref":"広島県","muni":"世羅町"}},{"type":"Feature","geometry":{"type":"Point","coordinates":[132.966047,34.408296]},"properties":{"id":"kofun_3c3abd2022","name":"梅木平古墳","kana":"ばいきひらこふん","pref":"広島県","muni":"三原市"}},{"type":"Feature","geometry":{"type":"Point","coordinates":[132.946883,34.397804]},"properties":{"id":"kofun_9149dcf2b6","name":"御年代古墳","kana":"みとしろこふん","pref":"広島県","muni":"三原市"}},{"type":"Feature","geometry":{"type":"Point","coordinates":[132.946563,34.385185]},"properties":{"id":"kofun_0a15baa188","name":"貞丸一号古墳・貞丸二号古墳","kana":"さだまるいちごうこふん・さだまるにごうこふん","pref":"広島県","muni":"三原市"}},{"type":"Feature","geometry":{"type":"Point","coordinates":[132.895997,34.398814]},"properties":{"id":"kofun_9c88b7457a","name":"横大道古墳群","kana":"よこだいどうこふんぐん","pref":"広島県","muni":"竹原市"}},{"type":"Feature","geometry":{"type":"Point","coordinates":[132.83207,34.407346]},"properties":{"id":"kofun_2aaa10a57d","name":"鏡田古墳群","kana":"かがみでんこふんぐん","pref":"広島県","muni":"竹原市"}},{"type":"Feature","geometry":{"type":"Point","coordinates":[132.733418,34.416764]},"properties":{"id":"kofun_0102b20a56","name":"三ッ城古墳","kana":"みつじようこふん","pref":"広島県","muni":"東広島市"}},{"type":"Feature","geometry":{"type":"Point","coordinates":[132.791869,34.427929]},"properties":{"id":"kofun_d363ea04f9","name":"白鳥古墳","kana":"しらとりこふん","pref":"広島県","muni":"東広島市"}},{"type":"Feature","geometry":{"type":"Point","coordinates":[132.478595,34.471948]},"properties":{"id":"kofun_1040135d8c","name":"神宮山古墳群","kana":"じんぐうやまこふんぐん","pref":"広島県","muni":"広島市 安佐南区"}},{"type":"Feature","geometry":{"type":"Point","coordinates":[132.480024,34.479309]},"properties":{"id":"kofun_1e7f35b846","name":"宇那木山古墳群","kana":"うなぎやまこふんぐん","pref":"広島県","muni":"広島市 安佐南区"}},{"type":"Feature","geometry":{"type":"Point","coordinates":[132.454042,34.450563]},"properties":{"id":"kofun_1d5387fcca","name":"空長古墳群","kana":"そらながこふんぐん","pref":"広島県","muni":"広島市 安佐南区"}},{"type":"Feature","geometry":{"type":"Point","coordinates":[132.49453,34.447296]},"properties":{"id":"kofun_e66795c2ac","name":"中小田古墳群","kana":"なかおだこふんぐん","pref":"広島県","muni":"広島市 安佐北区"}},{"type":"Feature","geometry":{"type":"Point","coordinates":[132.504977,34.532892]},"properties":{"id":"kofun_5cb7a9b8e7","name":"上ヶ原古墳群","kana":"うえがはらこふんぐん","pref":"広島県","muni":"広島市 安佐北区"}},{"type":"Feature","geometry":{"type":"Point","coordinates":[132.512946,34.535973]},"properties":{"id":"kofun_eadea7f58e","name":"九品寺古墳群","kana":"くほんじこふんぐん","pref":"広島県","muni":"広島市 安佐北区"}},{"type":"Feature","geometry":{"type":"Point","coordinates":[132.500394,34.528541]},"properties":{"id":"kofun_6f3e2eef21","name":"青古墳群","kana":"あおこふんぐん","pref":"広島県","muni":"広島市 安佐北区"}},{"type":"Feature","geometry":{"type":"Point","coordinates":[132.489915,34.529816]},"properties":{"id":"kofun_2524c6b9b9","name":"給人原古墳群","kana":"きゆうにんばらこふんぐん","pref":"広島県","muni":"広島市 安佐北区"}},{"type":"Feature","geometry":{"type":"Point","coordinates":[132.756467,34.608032]},"properties":{"id":"kofun_03aaf96ad6","name":"千間塚古墳","kana":"せんげんづかこふん","pref":"広島県","muni":"安芸高田市"}},{"type":"Feature","geometry":{"type":"Point","coordinates":[132.738796,34.642263]},"properties":{"id":"kofun_0e3d211f71","name":"戸島大塚古墳","kana":"としまおおつかこふん","pref":"広島県","muni":"安芸高田市"}},{"type":"Feature","geometry":{"type":"Point","coordinates":[132.703747,34.66709]},"properties":{"id":"kofun_3253097170","name":"山部大塚古墳","kana":"やまべおおつかこふん","pref":"広島県","muni":"安芸高田市"}},{"type":"Feature","geometry":{"type":"Point","coordinates":[132.644028,34.688293]},"properties":{"id":"kofun_0a4145ff36","name":"千川古墳","kana":"せんがわこふん","pref":"広島県","muni":"安芸高田市"}},{"type":"Feature","geometry":{"type":"Point","coordinates":[132.670938,34.669891]},"properties":{"id":"kofun_1718b0c70c","name":"日南山一号古墳","kana":"ひなやまいちごうこふん","pref":"広島県","muni":"安芸高田市"}},{"type":"Feature","geometry":{"type":"Point","coordinates":[132.748384,34.667719]},"properties":{"id":"kofun_ac7d176500","name":"荒神古墳","kana":"こうじんこふん","pref":"広島県","muni":"安芸高田市"}},{"type":"Feature","geometry":{"type":"Point","coordinates":[132.725103,34.751618]},"properties":{"id":"kofun_494f430cce","name":"白鳥古墳","kana":"しらとりこふん","pref":"広島県","muni":"安芸高田市"}},{"type":"Feature","geometry":{"type":"Point","coordinates":[132.605125,34.659063]},"properties":{"id":"kofun_22a2564e34","name":"土師大迫古墳","kana":"はじおおさここふん","pref":"広島県","muni":"安芸高田市"}},{"type":"Feature","geometry":{"type":"Point","coordinates":[132.041987,34.097257]},"properties":{"id":"kofun_d3215192ad","name":"北方古墳","kana":"きたがたこふん","pref":"山口県","muni":"岩国市"}},{"type":"Feature","geometry":{"type":"Point","coordinates":[132.08313,34.094628]},"properties":{"id":"kofun_3cc952f4be","name":"筏山古墳","kana":"いかだやまこふん","pref":"山口県","muni":"岩国市"}},{"type":"Feature","geometry":{"type":"Point","coordinates":[132.061322,34.101825]},"properties":{"id":"kofun_098b5a8f11","name":"臼田古墳","kana":"うすだこふん","pref":"山口県","muni":"岩国市"}},{"type":"Feature","geometry":{"type":"Point","coordinates":[132.207876,34.148541]},"properties":{"id":"kofun_39ac7b125e","name":"石丸古墳","kana":"いしまるこふん","pref":"山口県","muni":"岩国市"}},{"type":"Feature","geometry":{"type":"Point","coordinates":[132.129241,33.96609]},"properties":{"id":"kofun_7528c97457","name":"茶臼山古墳","kana":"ちやうすやまこふん","pref":"山口県","muni":"柳井市"}},{"type":"Feature","geometry":{"type":"Point","coordinates":[132.112796,33.946584]},"properties":{"id":"kofun_674056291e","name":"上八古墳","kana":"こうじようこふん","pref":"山口県","muni":"柳井市"}},{"type":"Feature","geometry":{"type":"Point","coordinates":[132.079793,33.897165]},"properties":{"id":"kofun_ab217c5ad8","name":"白鳥古墳","kana":"しらとりこふん","pref":"山口県","muni":"平生町"}},{"type":"Feature","geometry":{"type":"Point","coordinates":[132.05861,33.910622]},"properties":{"id":"kofun_7fb92ed290","name":"神花山古墳","kana":"じんがやまこふん","pref":"山口県","muni":"平生町"}},{"type":"Feature","geometry":{"type":"Point","coordinates":[132.045997,33.909479]},"properties":{"id":"kofun_12e7d8a8ed","name":"阿多田古墳","kana":"あただこふん","pref":"山口県","muni":"平生町"}},{"type":"Feature","geometry":{"type":"Point","coordinates":[132.092961,33.92477]},"properties":{"id":"kofun_6c98472d16","name":"東前寺古墳群","kana":"とうぜんじこふんぐん","pref":"山口県","muni":"平生町"}},{"type":"Feature","geometry":{"type":"Point","coordinates":[132.001449,33.958665]},"properties":{"id":"kofun_e6c4de24d6","name":"相ヶ迫古墳","kana":"あいがさここふん","pref":"山口県","muni":"田布施町"}},{"type":"Feature","geometry":{"type":"Point","coordinates":[132.022672,33.958885]},"properties":{"id":"kofun_cf3ffbae27","name":"国森古墳","kana":"くにもりこふん","pref":"山口県","muni":"田布施町"}},{"type":"Feature","geometry":{"type":"Point","coordinates":[132.027111,33.961675]},"properties":{"id":"kofun_55c895f573","name":"後井古墳","kana":"ごいこふん","pref":"山口県","muni":"田布施町"}},{"type":"Feature","geometry":{"type":"Point","coordinates":[131.867822,33.99147]},"properties":{"id":"kofun_7eff6a8426","name":"宮ノ洲古墳","kana":"みやのすこふん","pref":"山口県","muni":"下松市"}},{"type":"Feature","geometry":{"type":"Point","coordinates":[131.853868,34.035055]},"properties":{"id":"kofun_d72a8b074e","name":"山根古墳","kana":"やまねこふん","pref":"山口県","muni":"下松市"}},{"type":"Feature","geometry":{"type":"Point","coordinates":[131.872763,34.022408]},"properties":{"id":"kofun_e183f93650","name":"御屋敷山第一号墳","kana":"おやしきやまだいいちごうふん","pref":"山口県","muni":"下松市"}},{"type":"Feature","geometry":{"type":"Point","coordinates":[131.862285,34.04369]},"properties":{"id":"kofun_188ab1ee28","name":"耳取古墳","kana":"みみとりこふん","pref":"山口県","muni":"周南市"}},{"type":"Feature","geometry":{"type":"Point","coordinates":[131.840021,34.030854]},"properties":{"id":"kofun_181a3c5ebe","name":"岡原古墳","kana":"おかのはらこふん","pref":"山口県","muni":"周南市"}},{"type":"Feature","geometry":{"type":"Point","coordinates":[131.743228,34.033755]},"properties":{"id":"kofun_32b61736c6","name":"竹島古墳","kana":"たけしまこふん","pref":"山口県","muni":"周南市"}},{"type":"Feature","geometry":{"type":"Point","coordinates":[131.665302,34.200472]},"properties":{"id":"kofun_3e5b9524d2","name":"才谷古墳","kana":"さいたにこふん","pref":"山口県","muni":"山口市"}},{"type":"Feature","geometry":{"type":"Point","coordinates":[131.573472,34.052115]},"properties":{"id":"kofun_0f61f1e2ae","name":"車塚古墳","kana":"くるまづかこふん","pref":"山口県","muni":"防府市"}},{"type":"Feature","geometry":{"type":"Point","coordinates":[131.564988,34.046228]},"properties":{"id":"kofun_8209982f2f","name":"塔ノ尾古墳跡","kana":"とうのおこふんあと","pref":"山口県","muni":"防府市"}},{"type":"Feature","geometry":{"type":"Point","coordinates":[131.547549,34.072409]},"properties":{"id":"kofun_a37d6bc38b","name":"大日古墳","kana":"だいにちこふん","pref":"山口県","muni":"防府市"}},{"type":"Feature","geometry":{"type":"Point","coordinates":[131.558745,34.082235]},"properties":{"id":"kofun_79a40a34e5","name":"片山古墳","kana":"かたやまこふん","pref":"山口県","muni":"防府市"}},{"type":"Feature","geometry":{"type":"Point","coordinates":[131.447791,34.170671]},"properties":{"id":"kofun_6b14662442","name":"赤妻古墳","kana":"あかづまこふん","pref":"山口県","muni":"山口市"}},{"type":"Feature","geometry":{"type":"Point","coordinates":[131.518353,34.160907]},"properties":{"id":"kofun_e48bffdf0b","name":"大塚古墳群","kana":"おおつかこふんぐん","pref":"山口県","muni":"山口市"}},{"type":"Feature","geometry":{"type":"Point","coordinates":[131.496045,34.165163]},"properties":{"id":"kofun_b272986213","name":"馬塚古墳","kana":"まづかこふん","pref":"山口県","muni":"山口市"}},{"type":"Feature","geometry":{"type":"Point","coordinates":[131.414168,34.198507]},"properties":{"id":"kofun_225c3facca","name":"天神山古墳群","kana":"てんじんやまこふんぐん","pref":"山口県","muni":"山口市"}},{"type":"Feature","geometry":{"type":"Point","coordinates":[131.433993,34.185359]},"properties":{"id":"kofun_b9406279cb","name":"新宮山古墳","kana":"しんぐうやまこふん","pref":"山口県","muni":"山口市"}},{"type":"Feature","geometry":{"type":"Point","coordinates":[131.385694,34.082295]},"properties":{"id":"kofun_efde64ed64","name":"浄福寺古墳","kana":"じようふくじこふん","pref":"山口県","muni":"山口市"}},{"type":"Feature","geometry":{"type":"Point","coordinates":[131.395706,34.057655]},"properties":{"id":"kofun_b18672044c","name":"大浦古墳群","kana":"おおうらこふんぐん","pref":"山口県","muni":"山口市"}},{"type":"Feature","geometry":{"type":"Point","coordinates":[131.386462,34.032067]},"properties":{"id":"kofun_7a3cda537e","name":"猫山古墳","kana":"ねこやまこふん","pref":"山口県","muni":"山口市"}},{"type":"Feature","geometry":{"type":"Point","coordinates":[131.164594,34.043729]},"properties":{"id":"kofun_1fd3777035","name":"妙徳寺山古墳","kana":"みようとくじやまこふん","pref":"山口県","muni":"山陽小野田市"}},{"type":"Feature","geometry":{"type":"Point","coordinates":[131.147871,34.045967]},"properties":{"id":"kofun_a54484e021","name":"長光寺山古墳","kana":"ちようこうじやまこふん","pref":"山口県","muni":"山陽小野田市"}},{"type":"Feature","geometry":{"type":"Point","coordinates":[131.355444,33.987524]},"properties":{"id":"kofun_420ef40925","name":"宇部若宮古墳","kana":"うべわかみやこふん","pref":"山口県","muni":"宇部市"}},{"type":"Feature","geometry":{"type":"Point","coordinates":[131.342411,33.962119]},"properties":{"id":"kofun_d45d509400","name":"砂山古墳","kana":"すなやまこふん","pref":"山口県","muni":"宇部市"}},{"type":"Feature","geometry":{"type":"Point","coordinates":[131.254253,34.034701]},"properties":{"id":"kofun_19eefd9872","name":"萱曲古墳","kana":"かやまがりこふん","pref":"山口県","muni":"宇部市"}},{"type":"Feature","geometry":{"type":"Point","coordinates":[131.223104,33.960587]},"properties":{"id":"kofun_5ea1c77197","name":"松崎古墳","kana":"まつざきこふん","pref":"山口県","muni":"宇部市"}},{"type":"Feature","geometry":{"type":"Point","coordinates":[130.961843,33.972831]},"properties":{"id":"kofun_959c073f1b","name":"岩谷古墳","kana":"いわやこふん","pref":"山口県","muni":"下関市"}},{"type":"Feature","geometry":{"type":"Point","coordinates":[131.072271,34.090946]},"properties":{"id":"kofun_049ed5eb26","name":"吉田古墳","kana":"よしだこふん","pref":"山口県","muni":"下関市"}},{"type":"Feature","geometry":{"type":"Point","coordinates":[130.963499,34.011843]},"properties":{"id":"kofun_c8e45e4a61","name":"秋根古墳","kana":"あきねこふん","pref":"山口県","muni":"下関市"}},{"type":"Feature","geometry":{"type":"Point","coordinates":[130.924364,34.012863]},"properties":{"id":"kofun_45f23a2080","name":"若宮古墳","kana":"わかみやこふん","pref":"山口県","muni":"下関市"}},{"type":"Feature","geometry":{"type":"Point","coordinates":[130.929653,34.013056]},"properties":{"id":"kofun_195ad7f2c7","name":"上ノ山古墳","kana":"うえのやまこふん","pref":"山口県","muni":"下関市"}},{"type":"Feature","geometry":{"type":"Point","coordinates":[130.942241,34.013563]},"properties":{"id":"kofun_31ff8c0ab8","name":"仁馬山古墳","kana":"じんばやまこふん","pref":"山口県","muni":"下関市"}},{"type":"Feature","geometry":{"type":"Point","coordinates":[130.883058,34.140398]},"properties":{"id":"kofun_580bd148da","name":"甲山古墳群","kana":"こうやまこふんぐん","pref":"山口県","muni":"下関市"}},{"type":"Feature","geometry":{"type":"Point","coordinates":[130.880386,34.131494]},"properties":{"id":"kofun_f8a4e49793","name":"間古墳","kana":"はざまこふん","pref":"山口県","muni":"下関市"}},{"type":"Feature","geometry":{"type":"Point","coordinates":[130.921653,34.126438]},"properties":{"id":"kofun_ab9fb80cf2","name":"大門古墳","kana":"だいもんこふん","pref":"山口県","muni":"下関市"}},{"type":"Feature","geometry":{"type":"Point","coordinates":[130.899779,34.1533]},"properties":{"id":"kofun_73d9737886","name":"青井古墳群","kana":"あおいこふんぐん","pref":"山口県","muni":"下関市"}},{"type":"Feature","geometry":{"type":"Point","coordinates":[130.963736,34.169801]},"properties":{"id":"kofun_bad346a879","name":"山田古墳","kana":"やまだこふん","pref":"山口県","muni":"下関市"}},{"type":"Feature","geometry":{"type":"Point","coordinates":[131.192627,34.385762]},"properties":{"id":"kofun_c8a774abf9","name":"糘塚古墳群","kana":"すくもづかこふんぐん","pref":"山口県","muni":"長門市"}},{"type":"Feature","geometry":{"type":"Point","coordinates":[131.223104,34.182692]},"properties":{"id":"kofun_b8bc504cc1","name":"横道古墳","kana":"よこみちこふん","pref":"山口県","muni":"美祢市"}},{"type":"Feature","geometry":{"type":"Point","coordinates":[131.675989,34.65183]},"properties":{"id":"kofun_af90696d69","name":"須佐地古墳","kana":"すさじこふん","pref":"山口県","muni":"萩市"}},{"type":"Feature","geometry":{"type":"Point","coordinates":[131.726066,34.399996]},"properties":{"id":"kofun_1c229dbdbb","name":"狐塚古墳","kana":"きつねづかこふん","pref":"山口県","muni":"山口市"}},{"type":"Feature","geometry":{"type":"Point","coordinates":[131.449797,34.471772]},"properties":{"id":"kofun_5a6e69a8be","name":"円光寺古墳","kana":"えんこうじこふん","pref":"山口県","muni":"萩市"}},{"type":"Feature","geometry":{"type":"Point","coordinates":[131.452084,34.470424]},"properties":{"id":"kofun_1861ba6b4d","name":"円光寺穴観音古墳","kana":"えんこうじあなかんのんこふん","pref":"山口県","muni":"萩市"}},{"type":"Feature","geometry":{"type":"Point","coordinates":[131.145167,34.770023]},"properties":{"id":"kofun_619085a927","name":"見島古墳群","kana":"みしまこふんぐん","pref":"山口県","muni":"萩市"}},{"type":"Feature","geometry":{"type":"Point","coordinates":[134.462691,34.141674]},"properties":{"id":"kofun_37dd58c684","name":"韓崇山古墳群","kana":"かんぞうやまこふんぐん","pref":"徳島県","muni":"板野町"}},{"type":"Feature","geometry":{"type":"Point","coordinates":[134.462691,34.141674]},"properties":{"id":"kofun_bcfa086db0","name":"阿王塚古墳","kana":"あおうづかこふん","pref":"徳島県","muni":"板野町"}},{"type":"Feature","geometry":{"type":"Point","coordinates":[134.48285,34.151015]},"properties":{"id":"kofun_b49765791a","name":"愛宕山古墳","kana":"あたごやまこふん","pref":"徳島県","muni":"板野町"}},{"type":"Feature","geometry":{"type":"Point","coordinates":[134.448858,34.15173]},"properties":{"id":"kofun_3c718fe37f","name":"蓮華谷古墳群(II)","kana":"れんげだにこふんぐん(II)","pref":"徳島県","muni":"板野町"}},{"type":"Feature","geometry":{"type":"Point","coordinates":[134.42526,34.122206]},"properties":{"id":"kofun_d4bce6df57","name":"山崎古墳群","kana":"やまさきこふんぐん","pref":"徳島県","muni":"上板町"}},{"type":"Feature","geometry":{"type":"Point","coordinates":[134.413747,34.13982]},"properties":{"id":"kofun_bb39790d07","name":"山田古墳群A","kana":"やまだこふんぐんA","pref":"徳島県","muni":"上板町"}},{"type":"Feature","geometry":{"type":"Point","coordinates":[134.376798,34.121976]},"properties":{"id":"kofun_d9f0e16820","name":"十楽寺山古墳","kana":"じゆうらくじやまこふん","pref":"徳島県","muni":"阿波市"}},{"type":"Feature","geometry":{"type":"Point","coordinates":[134.384209,34.117846]},"properties":{"id":"kofun_73d5f52e62","name":"土成丸山古墳","kana":"どなりまるやまこふん","pref":"徳島県","muni":"阿波市"}},{"type":"Feature","geometry":{"type":"Point","coordinates":[134.569762,34.172693]},"properties":{"id":"kofun_6e41ed6421","name":"大代古墳","kana":"おおしろこふん","pref":"徳島県","muni":"鳴門市"}},{"type":"Feature","geometry":{"type":"Point","coordinates":[134.564316,34.177222]},"properties":{"id":"kofun_a43b35801e","name":"尼塚古墳","kana":"あまつかこふん","pref":"徳島県","muni":"鳴門市"}},{"type":"Feature","geometry":{"type":"Point","coordinates":[134.541993,34.163801]},"properties":{"id":"kofun_428b470898","name":"葛城神社古墳","kana":"かつらぎじんじやこふん","pref":"徳島県","muni":"鳴門市"}},{"type":"Feature","geometry":{"type":"Point","coordinates":[134.536002,34.161636]},"properties":{"id":"kofun_ce52733cfc","name":"穴観音古墳","kana":"あなかんのんこふん","pref":"徳島県","muni":"鳴門市"}},{"type":"Feature","geometry":{"type":"Point","coordinates":[134.525211,34.155404]},"properties":{"id":"kofun_fc8ce8819a","name":"天河別神社古墳群","kana":"あまのかわわけじんじやこふんぐん","pref":"徳島県","muni":"鳴門市"}},{"type":"Feature","geometry":{"type":"Point","coordinates":[134.527427,34.15762]},"properties":{"id":"kofun_8bfa63f7fc","name":"宝幢寺古墳群","kana":"ほうどうじこふんぐん","pref":"徳島県","muni":"鳴門市"}},{"type":"Feature","geometry":{"type":"Point","coordinates":[134.512527,34.153708]},"properties":{"id":"kofun_6ad1fac8cc","name":"ぬか塚古墳","kana":"ぬかづかこふん","pref":"徳島県","muni":"鳴門市"}},{"type":"Feature","geometry":{"type":"Point","coordinates":[134.488947,34.166986]},"properties":{"id":"kofun_2bf04d85b1","name":"谷口山古墳","kana":"たにぐちやまこふん","pref":"徳島県","muni":"鳴門市"}},{"type":"Feature","geometry":{"type":"Point","coordinates":[134.187748,34.069455]},"properties":{"id":"kofun_ce44394996","name":"北岡西古墳","kana":"きたおかにしこふん","pref":"徳島県","muni":"阿波市"}},{"type":"Feature","geometry":{"type":"Point","coordinates":[134.190996,34.069933]},"properties":{"id":"kofun_ff53041d34","name":"北岡東古墳","kana":"きたおかひがしこふん","pref":"徳島県","muni":"阿波市"}},{"type":"Feature","geometry":{"type":"Point","coordinates":[134.340211,34.048855]},"properties":{"id":"kofun_1eff903746","name":"吐気山古墳群","kana":"ほけやまこふんぐん","pref":"徳島県","muni":"吉野川市"}},{"type":"Feature","geometry":{"type":"Point","coordinates":[134.338111,34.057237]},"properties":{"id":"kofun_558bb93453","name":"西宮古墳","kana":"にしみやこふん","pref":"徳島県","muni":"吉野川市"}},{"type":"Feature","geometry":{"type":"Point","coordinates":[134.268412,34.049967]},"properties":{"id":"kofun_348d83733b","name":"忌部山古墳群","kana":"いんべやまこふんぐん","pref":"徳島県","muni":"吉野川市"}},{"type":"Feature","geometry":{"type":"Point","coordinates":[134.241844,34.049635]},"properties":{"id":"kofun_74c263e7fc","name":"境谷古墳","kana":"さかいだにこふん","pref":"徳島県","muni":"吉野川市"}},{"type":"Feature","geometry":{"type":"Point","coordinates":[134.128896,34.054665]},"properties":{"id":"kofun_c6831731c6","name":"三島古墳群","kana":"みしまこふんぐん","pref":"徳島県","muni":"美馬市"}},{"type":"Feature","geometry":{"type":"Point","coordinates":[134.098642,34.059917]},"properties":{"id":"kofun_9b268e1e17","name":"野村八幡古墳","kana":"のむらはちまんこふん","pref":"徳島県","muni":"美馬市"}},{"type":"Feature","geometry":{"type":"Point","coordinates":[134.075391,34.059607]},"properties":{"id":"kofun_2449c0f160","name":"段の塚穴古墳群","kana":"だんのつかあなこふんぐん","pref":"徳島県","muni":"美馬市"}},{"type":"Feature","geometry":{"type":"Point","coordinates":[134.01745,34.048924]},"properties":{"id":"kofun_f3af6afaa9","name":"大国魂古墳","kana":"おおくにたまこふん","pref":"徳島県","muni":"美馬市"}},{"type":"Feature","geometry":{"type":"Point","coordinates":[134.036912,34.055152]},"properties":{"id":"kofun_b3776cc514","name":"海原古墳","kana":"かいはらこふん","pref":"徳島県","muni":"美馬市"}},{"type":"Feature","geometry":{"type":"Point","coordinates":[134.071613,34.043694]},"properties":{"id":"kofun_ae598e8606","name":"江ノ脇古墳","kana":"えのわきこふん","pref":"徳島県","muni":"つるぎ町"}},{"type":"Feature","geometry":{"type":"Point","coordinates":[134.323656,33.941966]},"properties":{"id":"kofun_10bd7f62c9","name":"丹田古墳","kana":"たんだこふん","pref":"徳島県","muni":"神山町"}},{"type":"Feature","geometry":{"type":"Point","coordinates":[133.845825,34.023772]},"properties":{"id":"kofun_f5827eb8a7","name":"須賀古墳","kana":"すがこふん","pref":"徳島県","muni":"三好市"}},{"type":"Feature","geometry":{"type":"Point","coordinates":[134.464563,33.996627]},"properties":{"id":"kofun_2a3a0aa911","name":"根郷塚古墳","kana":"ねごうづかこふん","pref":"徳島県","muni":"佐那河内村"}},{"type":"Feature","geometry":{"type":"Point","coordinates":[134.544598,34.059271]},"properties":{"id":"kofun_b616137d07","name":"勢見山古墳","kana":"せいみやまこふん","pref":"徳島県","muni":"徳島市"}},{"type":"Feature","geometry":{"type":"Point","coordinates":[134.533529,34.054981]},"properties":{"id":"kofun_a124acff54","name":"恵解山古墳群","kana":"えげやまこふんぐん","pref":"徳島県","muni":"徳島市"}},{"type":"Feature","geometry":{"type":"Point","coordinates":[134.524806,34.03225]},"properties":{"id":"kofun_9d6a40ebe5","name":"向寺山古墳","kana":"むこうてらやまこふん","pref":"徳島県","muni":"徳島市"}},{"type":"Feature","geometry":{"type":"Point","coordinates":[134.504266,34.064954]},"properties":{"id":"kofun_9ba8ce248d","name":"節句山古墳群","kana":"せつくやまこふんぐん","pref":"徳島県","muni":"徳島市"}},{"type":"Feature","geometry":{"type":"Point","coordinates":[134.503112,34.058695]},"properties":{"id":"kofun_39d1d0cecf","name":"穴不動古墳","kana":"あなふどうこふん","pref":"徳島県","muni":"徳島市"}},{"type":"Feature","geometry":{"type":"Point","coordinates":[134.504467,34.053709]},"properties":{"id":"kofun_4bc89c3795","name":"八人塚古墳","kana":"はちにんづかこふん","pref":"徳島県","muni":"徳島市"}},{"type":"Feature","geometry":{"type":"Point","coordinates":[134.507801,34.033136]},"properties":{"id":"kofun_312160b12c","name":"巽山古墳","kana":"たつみやまこふん","pref":"徳島県","muni":"徳島市"}},{"type":"Feature","geometry":{"type":"Point","coordinates":[134.511867,34.034929]},"properties":{"id":"kofun_905d087652","name":"樋口古墳群","kana":"ついぐちこふんぐん","pref":"徳島県","muni":"徳島市"}},{"type":"Feature","geometry":{"type":"Point","coordinates":[134.468827,34.056645]},"properties":{"id":"kofun_46fa5c4364","name":"宮谷古墳","kana":"みやたにこふん","pref":"徳島県","muni":"徳島市"}},{"type":"Feature","geometry":{"type":"Point","coordinates":[134.468907,34.054215]},"properties":{"id":"kofun_6b702ecb9d","name":"奥谷古墳群","kana":"おくたにこふんぐん","pref":"徳島県","muni":"徳島市"}},{"type":"Feature","geometry":{"type":"Point","coordinates":[134.468031,34.060637]},"properties":{"id":"kofun_d82ad09b8d","name":"矢野古墳","kana":"やのこふん","pref":"徳島県","muni":"徳島市"}},{"type":"Feature","geometry":{"type":"Point","coordinates":[134.546662,34.02995]},"properties":{"id":"kofun_12a2ab3696","name":"鶴島山古墳群","kana":"つるしまやまこふんぐん","pref":"徳島県","muni":"徳島市"}},{"type":"Feature","geometry":{"type":"Point","coordinates":[134.528894,34.00935]},"properties":{"id":"kofun_a87784efcd","name":"渋野丸山古墳","kana":"しぶのまるやまこふん","pref":"徳島県","muni":"徳島市"}},{"type":"Feature","geometry":{"type":"Point","coordinates":[134.536605,34.00753]},"properties":{"id":"kofun_59fba1480a","name":"新宮塚古墳","kana":"しんぐうづかこふん","pref":"徳島県","muni":"徳島市"}},{"type":"Feature","geometry":{"type":"Point","coordinates":[134.444244,34.06809]},"properties":{"id":"kofun_e386fd98de","name":"山の神古墳","kana":"やまのかみこふん","pref":"徳島県","muni":"石井町"}},{"type":"Feature","geometry":{"type":"Point","coordinates":[134.439938,34.058489]},"properties":{"id":"kofun_a79505e4a9","name":"清成古墳","kana":"きよなりこふん","pref":"徳島県","muni":"石井町"}},{"type":"Feature","geometry":{"type":"Point","coordinates":[134.46353,34.069153]},"properties":{"id":"kofun_50b59c5c2a","name":"尼寺古墳群","kana":"にじこふんぐん","pref":"徳島県","muni":"石井町"}},{"type":"Feature","geometry":{"type":"Point","coordinates":[134.466548,34.064242]},"properties":{"id":"kofun_7f301b370f","name":"内谷古墳","kana":"うちだにこふん","pref":"徳島県","muni":"石井町"}},{"type":"Feature","geometry":{"type":"Point","coordinates":[134.465071,34.0671]},"properties":{"id":"kofun_4aa6507434","name":"ひびき岩古墳群","kana":"ひびきいわこふんぐん","pref":"徳島県","muni":"石井町"}},{"type":"Feature","geometry":{"type":"Point","coordinates":[134.46353,34.069153]},"properties":{"id":"kofun_65af7dd41a","name":"曾我氏神社古墳群","kana":"そがうじじんじやこふんぐん","pref":"徳島県","muni":"石井町"}},{"type":"Feature","geometry":{"type":"Point","coordinates":[134.420539,34.052716]},"properties":{"id":"kofun_6fadbdaeda","name":"長谷古墳","kana":"ながたにこふん","pref":"徳島県","muni":"神山町"}},{"type":"Feature","geometry":{"type":"Point","coordinates":[134.558233,33.994279]},"properties":{"id":"kofun_d7d7f073a4","name":"前山古墳群","kana":"まえやまこふんぐん","pref":"徳島県","muni":"小松島市"}},{"type":"Feature","geometry":{"type":"Point","coordinates":[134.580239,33.991233]},"properties":{"id":"kofun_f2d474813c","name":"弁慶の岩屋古墳","kana":"べんけいのいわやこふん","pref":"徳島県","muni":"小松島市"}},{"type":"Feature","geometry":{"type":"Point","coordinates":[134.632515,33.95605]},"properties":{"id":"kofun_6aab53a1cf","name":"観音山古墳","kana":"かんのんやまこふん","pref":"徳島県","muni":"阿南市"}},{"type":"Feature","geometry":{"type":"Point","coordinates":[134.625265,33.968307]},"properties":{"id":"kofun_23094bb734","name":"能路寺山古墳群","kana":"のろじやまこふんぐん","pref":"徳島県","muni":"阿南市"}},{"type":"Feature","geometry":{"type":"Point","coordinates":[134.665891,33.908192]},"properties":{"id":"kofun_1b2ae898f2","name":"学原剣塚古墳","kana":"がくばらつるぎづかこふん","pref":"徳島県","muni":"阿南市"}},{"type":"Feature","geometry":{"type":"Point","coordinates":[134.679766,33.918082]},"properties":{"id":"kofun_719a5d82b1","name":"皇子山古墳群","kana":"おうじやまこふんぐん","pref":"徳島県","muni":"阿南市"}},{"type":"Feature","geometry":{"type":"Point","coordinates":[134.666577,33.885667]},"properties":{"id":"kofun_b5291af4e1","name":"矢剣神社古墳","kana":"やつるぎじんじやこふん","pref":"徳島県","muni":"阿南市"}},{"type":"Feature","geometry":{"type":"Point","coordinates":[134.627997,33.885854]},"properties":{"id":"kofun_c98c552eb9","name":"国高山古墳","kana":"くにたかやまこふん","pref":"徳島県","muni":"阿南市"}},{"type":"Feature","geometry":{"type":"Point","coordinates":[134.731559,33.848063]},"properties":{"id":"kofun_e60b8ac2bb","name":"舞子島古墳群","kana":"まいこじまこふんぐん","pref":"徳島県","muni":"阿南市"}},{"type":"Feature","geometry":{"type":"Point","coordinates":[134.358612,33.602466]},"properties":{"id":"kofun_8c9308695d","name":"大里古墳群","kana":"おおざとこふんぐん","pref":"徳島県","muni":"海陽町"}},{"type":"Feature","geometry":{"type":"Point","coordinates":[134.300095,33.571358]},"properties":{"id":"kofun_dfee1018a6","name":"宍喰古墳","kana":"ししくいこふん","pref":"徳島県","muni":"海陽町"}},{"type":"Feature","geometry":{"type":"Point","coordinates":[134.311236,34.246219]},"properties":{"id":"kofun_76492f1b60","name":"大日山古墳","kana":"だいにちやまこふん","pref":"香川県","muni":"東かがわ市"}},{"type":"Feature","geometry":{"type":"Point","coordinates":[134.311236,34.246219]},"properties":{"id":"kofun_6d39371c63","name":"原間一号墳","kana":"わらまいちごうふん","pref":"香川県","muni":"東かがわ市"}},{"type":"Feature","geometry":{"type":"Point","coordinates":[134.270134,34.283877]},"properties":{"id":"kofun_bb5bd17b65","name":"うのべ山古墳","kana":"うのべやまこふん","pref":"香川県","muni":"さぬき市"}},{"type":"Feature","geometry":{"type":"Point","coordinates":[134.272452,34.288336]},"properties":{"id":"kofun_c7a1b27fd3","name":"けぼ山古墳","kana":"けぼやまこふん","pref":"香川県","muni":"さぬき市"}},{"type":"Feature","geometry":{"type":"Point","coordinates":[134.268259,34.281634]},"properties":{"id":"kofun_90dc0cf67b","name":"赤山古墳","kana":"あかやまこふん","pref":"香川県","muni":"さぬき市"}},{"type":"Feature","geometry":{"type":"Point","coordinates":[134.242896,34.293992]},"properties":{"id":"kofun_fd5bb8d039","name":"龍王山古墳","kana":"りゆうおうざんこふん","pref":"香川県","muni":"さぬき市"}},{"type":"Feature","geometry":{"type":"Point","coordinates":[134.245178,34.296121]},"properties":{"id":"kofun_e3d1285c0d","name":"岩崎山四号墳","kana":"いわさきやまよんごうふん","pref":"香川県","muni":"さぬき市"}},{"type":"Feature","geometry":{"type":"Point","coordinates":[134.243997,34.259966]},"properties":{"id":"kofun_c2ead2f4c5","name":"富田茶臼山古墳","kana":"とみだちやうすやまこふん","pref":"香川県","muni":"さぬき市"}},{"type":"Feature","geometry":{"type":"Point","coordinates":[134.2302,34.26352]},"properties":{"id":"kofun_a5ffccd5b9","name":"大井古墳群","kana":"おおいこふんぐん","pref":"香川県","muni":"さぬき市"}},{"type":"Feature","geometry":{"type":"Point","coordinates":[134.2302,34.26352]},"properties":{"id":"kofun_b056ab534c","name":"古枝古墳","kana":"ふるえだこふん","pref":"香川県","muni":"さぬき市"}},{"type":"Feature","geometry":{"type":"Point","coordinates":[134.21235,34.286024]},"properties":{"id":"kofun_c5f5ae4ca5","name":"雨滝山古墳群","kana":"あめたきやまこふんぐん","pref":"香川県","muni":"さぬき市"}},{"type":"Feature","geometry":{"type":"Point","coordinates":[134.212047,34.254608]},"properties":{"id":"kofun_3ac42104b5","name":"蓑神古墳群","kana":"みのかみこふんぐん","pref":"香川県","muni":"さぬき市"}},{"type":"Feature","geometry":{"type":"Point","coordinates":[134.168668,34.246999]},"properties":{"id":"kofun_33f59f158a","name":"稲荷山古墳","kana":"いなりやまこふん","pref":"香川県","muni":"さぬき市"}},{"type":"Feature","geometry":{"type":"Point","coordinates":[134.183166,34.252531]},"properties":{"id":"kofun_aec679e28a","name":"亀島古墳群","kana":"かめしまこふんぐん","pref":"香川県","muni":"さぬき市"}},{"type":"Feature","geometry":{"type":"Point","coordinates":[134.168742,34.239399]},"properties":{"id":"kofun_53a3f56eee","name":"丸井古墳","kana":"まるいこふん","pref":"香川県","muni":"三木町"}},{"type":"Feature","geometry":{"type":"Point","coordinates":[134.167575,34.247333]},"properties":{"id":"kofun_2eeb0b634a","name":"川上古墳","kana":"かわかみこふん","pref":"香川県","muni":"さぬき市"}},{"type":"Feature","geometry":{"type":"Point","coordinates":[134.16472,34.2465]},"properties":{"id":"kofun_4c93f5cd80","name":"中代古墳","kana":"なかだいこふん","pref":"香川県","muni":"さぬき市"}},{"type":"Feature","geometry":{"type":"Point","coordinates":[134.159222,34.282515]},"properties":{"id":"kofun_af2c39da4c","name":"緑ヶ丘古墳","kana":"みどりがおかこふん","pref":"香川県","muni":"さぬき市"}},{"type":"Feature","geometry":{"type":"Point","coordinates":[134.121768,34.274859]},"properties":{"id":"kofun_b1bfd88614","name":"権八原古墳群","kana":"ごんぱちばらこふんぐん","pref":"香川県","muni":"三木町"}},{"type":"Feature","geometry":{"type":"Point","coordinates":[134.047223,34.254086]},"properties":{"id":"kofun_0be8b697df","name":"船岡山古墳","kana":"ふなおかやまこふん","pref":"香川県","muni":"高松市"}},{"type":"Feature","geometry":{"type":"Point","coordinates":[134.025866,34.330999]},"properties":{"id":"kofun_080ffa67cb","name":"石清尾山古墳群","kana":"いわせおやまこふんぐん","pref":"香川県","muni":"高松市"}},{"type":"Feature","geometry":{"type":"Point","coordinates":[134.031333,34.323343]},"properties":{"id":"kofun_64413a28f1","name":"鶴尾神社四号墳","kana":"つるおじんじやよんごうふん","pref":"香川県","muni":"高松市"}},{"type":"Feature","geometry":{"type":"Point","coordinates":[133.988822,34.330917]},"properties":{"id":"kofun_22995dae3c","name":"今岡古墳","kana":"いまおかこふん","pref":"香川県","muni":"高松市"}},{"type":"Feature","geometry":{"type":"Point","coordinates":[133.957644,34.355698]},"properties":{"id":"kofun_33264186bd","name":"横立山経塚古墳","kana":"よこたてやまきようづかこふん","pref":"香川県","muni":"高松市"}},{"type":"Feature","geometry":{"type":"Point","coordinates":[134.049143,34.394985]},"properties":{"id":"kofun_084f19f8fe","name":"丸山古墳","kana":"まるやまこふん","pref":"香川県","muni":"高松市"}},{"type":"Feature","geometry":{"type":"Point","coordinates":[134.106033,34.315172]},"properties":{"id":"kofun_d2fae616d2","name":"久本古墳","kana":"ひさもとこふん","pref":"香川県","muni":"高松市"}},{"type":"Feature","geometry":{"type":"Point","coordinates":[134.108321,34.320378]},"properties":{"id":"kofun_fd3b0256bd","name":"山下古墳","kana":"やましたこふん","pref":"香川県","muni":"高松市"}},{"type":"Feature","geometry":{"type":"Point","coordinates":[134.090316,34.354893]},"properties":{"id":"kofun_da6a9c86c2","name":"長崎鼻古墳","kana":"ながさきのはなこふん","pref":"香川県","muni":"高松市"}},{"type":"Feature","geometry":{"type":"Point","coordinates":[134.104208,34.308229]},"properties":{"id":"kofun_1371b34677","name":"茶臼山古墳","kana":"ちやうすやまこふん","pref":"香川県","muni":"高松市"}},{"type":"Feature","geometry":{"type":"Point","coordinates":[134.074933,34.269451]},"properties":{"id":"kofun_586b9087ac","name":"三谷石舟古墳","kana":"みたにいしふねこふん","pref":"香川県","muni":"高松市"}},{"type":"Feature","geometry":{"type":"Point","coordinates":[134.08399,34.247073]},"properties":{"id":"kofun_c4103d0549","name":"大亀古墳群","kana":"おおがめこふんぐん","pref":"香川県","muni":"高松市"}},{"type":"Feature","geometry":{"type":"Point","coordinates":[133.938097,34.228505]},"properties":{"id":"kofun_951e4e46f0","name":"末則古墳","kana":"すえのりこふん","pref":"香川県","muni":"綾川町"}},{"type":"Feature","geometry":{"type":"Point","coordinates":[133.907902,34.225651]},"properties":{"id":"kofun_a265df90a0","name":"浦山古墳群","kana":"うらやまこふんぐん","pref":"香川県","muni":"綾川町"}},{"type":"Feature","geometry":{"type":"Point","coordinates":[134.019915,34.222592]},"properties":{"id":"kofun_24458a3f21","name":"津頭古墳群","kana":"つがしらこふんぐん","pref":"香川県","muni":"高松市"}},{"type":"Feature","geometry":{"type":"Point","coordinates":[133.92271,34.250732]},"properties":{"id":"kofun_1241a1d31e","name":"岡の御堂古墳","kana":"おかのみどうこふん","pref":"香川県","muni":"綾川町"}},{"type":"Feature","geometry":{"type":"Point","coordinates":[133.92271,34.250732]},"properties":{"id":"kofun_827096c36e","name":"岡田井古墳","kana":"おかたいこふん","pref":"香川県","muni":"綾川町"}},{"type":"Feature","geometry":{"type":"Point","coordinates":[133.894317,34.257949]},"properties":{"id":"kofun_55ff4474e4","name":"陣の丸古墳群","kana":"じんのまるこふんぐん","pref":"香川県","muni":"丸亀市"}},{"type":"Feature","geometry":{"type":"Point","coordinates":[133.890583,34.239053]},"properties":{"id":"kofun_081efc8794","name":"快天山古墳","kana":"かいてんやまこふん","pref":"香川県","muni":"丸亀市"}},{"type":"Feature","geometry":{"type":"Point","coordinates":[133.838081,34.311402]},"properties":{"id":"kofun_cee23f4f2a","name":"田尾茶臼山古墳","kana":"たおちやうすやまこふん","pref":"香川県","muni":"宇多津町"}},{"type":"Feature","geometry":{"type":"Point","coordinates":[133.891197,34.302799]},"properties":{"id":"kofun_1406e7a81a","name":"爺ヶ松古墳","kana":"じいがまつこふん","pref":"香川県","muni":"坂出市"}},{"type":"Feature","geometry":{"type":"Point","coordinates":[133.87824,34.304771]},"properties":{"id":"kofun_76d11eb41c","name":"ハカリゴーロ古墳","kana":"はかりごーろこふん","pref":"香川県","muni":"坂出市"}},{"type":"Feature","geometry":{"type":"Point","coordinates":[133.896884,34.305693]},"properties":{"id":"kofun_667abcb4d7","name":"醍醐古墳群","kana":"だいごこふんぐん","pref":"香川県","muni":"坂出市"}},{"type":"Feature","geometry":{"type":"Point","coordinates":[133.910288,34.312216]},"properties":{"id":"kofun_c78961fc0c","name":"サギノクチ古墳","kana":"さぎのくちこふん","pref":"香川県","muni":"坂出市"}},{"type":"Feature","geometry":{"type":"Point","coordinates":[133.929371,34.339585]},"properties":{"id":"kofun_9fdb6043e1","name":"経の田尾・すべり山古墳群","kana":"きようのたお・すべりやまこふんぐん","pref":"香川県","muni":"坂出市"}},{"type":"Feature","geometry":{"type":"Point","coordinates":[133.904992,34.269297]},"properties":{"id":"kofun_3e35809262","name":"横山古墳群","kana":"よこやまこふんぐん","pref":"香川県","muni":"坂出市"}},{"type":"Feature","geometry":{"type":"Point","coordinates":[133.922428,34.291722]},"properties":{"id":"kofun_79dcd6fde7","name":"白砂古墳","kana":"しらすなこふん","pref":"香川県","muni":"坂出市"}},{"type":"Feature","geometry":{"type":"Point","coordinates":[133.908842,34.296442]},"properties":{"id":"kofun_1507f6838f","name":"タイバイ山古墳","kana":"たいばいやまこふん","pref":"香川県","muni":"坂出市"}},{"type":"Feature","geometry":{"type":"Point","coordinates":[133.922428,34.291722]},"properties":{"id":"kofun_a5f2c9f3af","name":"弘法寺古墳","kana":"こうぼうじこふん","pref":"香川県","muni":"坂出市"}},{"type":"Feature","geometry":{"type":"Point","coordinates":[133.922656,34.290878]},"properties":{"id":"kofun_848d05d366","name":"新宮古墳","kana":"しんぐうこふん","pref":"香川県","muni":"坂出市"}},{"type":"Feature","geometry":{"type":"Point","coordinates":[133.856982,34.289258]},"properties":{"id":"kofun_d747bddee6","name":"向山古墳","kana":"むかいやまこふん","pref":"香川県","muni":"坂出市"}},{"type":"Feature","geometry":{"type":"Point","coordinates":[133.821558,34.350628]},"properties":{"id":"kofun_4aea5bccfe","name":"千人塚","kana":"せんにんづか","pref":"香川県","muni":"坂出市"}},{"type":"Feature","geometry":{"type":"Point","coordinates":[133.803998,34.421571]},"properties":{"id":"kofun_0772a37322","name":"櫃石島古墳群","kana":"ひついしじまこふんぐん","pref":"香川県","muni":"坂出市"}},{"type":"Feature","geometry":{"type":"Point","coordinates":[133.872098,34.194441]},"properties":{"id":"kofun_fb43937ae0","name":"長炭古墳群","kana":"ながすみこふんぐん","pref":"香川県","muni":"まんのう町"}},{"type":"Feature","geometry":{"type":"Point","coordinates":[133.820733,34.218504]},"properties":{"id":"kofun_b3fb019fe8","name":"公文山古墳","kana":"くもんやまこふん","pref":"香川県","muni":"まんのう町"}},{"type":"Feature","geometry":{"type":"Point","coordinates":[133.726225,34.23923]},"properties":{"id":"kofun_46149a7aa6","name":"黒藤山古墳","kana":"くろふじやまこふん","pref":"香川県","muni":"多度津町"}},{"type":"Feature","geometry":{"type":"Point","coordinates":[133.736682,34.248257]},"properties":{"id":"kofun_8a179e8db6","name":"盛土山古墳","kana":"もりつちやまこふん","pref":"香川県","muni":"多度津町"}},{"type":"Feature","geometry":{"type":"Point","coordinates":[133.733603,34.246433]},"properties":{"id":"kofun_306e198e54","name":"向井原古墳","kana":"むかいはらこふん","pref":"香川県","muni":"多度津町"}},{"type":"Feature","geometry":{"type":"Point","coordinates":[133.822413,34.300605]},"properties":{"id":"kofun_1821ae7125","name":"青ノ山古墳群","kana":"あおのやまこふんぐん","pref":"香川県","muni":"宇多津町"}},{"type":"Feature","geometry":{"type":"Point","coordinates":[133.841047,34.278037]},"properties":{"id":"kofun_e368ba5344","name":"吉岡神社古墳","kana":"よしおかじんじやこふん","pref":"香川県","muni":"丸亀市"}},{"type":"Feature","geometry":{"type":"Point","coordinates":[133.773463,34.214339]},"properties":{"id":"kofun_7b837fd5b7","name":"有岡古墳群","kana":"ありおかこふんぐん","pref":"香川県","muni":"善通寺市"}},{"type":"Feature","geometry":{"type":"Point","coordinates":[133.779554,34.197823]},"properties":{"id":"kofun_be8cf0f17f","name":"野田院古墳","kana":"のたのいんこふん","pref":"香川県","muni":"善通寺市"}},{"type":"Feature","geometry":{"type":"Point","coordinates":[133.768882,34.20635]},"properties":{"id":"kofun_af26ef2ce3","name":"宮が尾古墳","kana":"みやがおこふん","pref":"香川県","muni":"善通寺市"}},{"type":"Feature","geometry":{"type":"Point","coordinates":[133.768728,34.21345]},"properties":{"id":"kofun_7987d2ed0e","name":"菊塚古墳","kana":"きくつかこふん","pref":"香川県","muni":"善通寺市"}},{"type":"Feature","geometry":{"type":"Point","coordinates":[133.773148,34.214157]},"properties":{"id":"kofun_979f676e3e","name":"王墓山古墳","kana":"おうはかやまこふん","pref":"香川県","muni":"善通寺市"}},{"type":"Feature","geometry":{"type":"Point","coordinates":[133.790713,34.21679]},"properties":{"id":"kofun_c62de8b0e5","name":"磨臼山古墳","kana":"すりうすやまこふん","pref":"香川県","muni":"善通寺市"}},{"type":"Feature","geometry":{"type":"Point","coordinates":[133.785901,34.216694]},"properties":{"id":"kofun_38f3c78ebd","name":"鶴が峰古墳群","kana":"つるがみねこふんぐん","pref":"香川県","muni":"善通寺市"}},{"type":"Feature","geometry":{"type":"Point","coordinates":[133.795629,34.201567]},"properties":{"id":"kofun_65dcba84a4","name":"南光古墳群","kana":"なんこうこふんぐん","pref":"香川県","muni":"善通寺市"}},{"type":"Feature","geometry":{"type":"Point","coordinates":[133.750168,34.22407]},"properties":{"id":"kofun_d7db62647a","name":"青竜古墳","kana":"せいりゆうこふん","pref":"香川県","muni":"善通寺市"}},{"type":"Feature","geometry":{"type":"Point","coordinates":[133.808777,34.22965]},"properties":{"id":"kofun_dbcf2917f1","name":"鉢伏山古墳群","kana":"はちぶせやまこふんぐん","pref":"香川県","muni":"善通寺市"}},{"type":"Feature","geometry":{"type":"Point","coordinates":[133.663327,34.08764]},"properties":{"id":"kofun_6ca718d51f","name":"椀貸塚","kana":"わんかしつか","pref":"香川県","muni":"観音寺市"}},{"type":"Feature","geometry":{"type":"Point","coordinates":[133.659679,34.083717]},"properties":{"id":"kofun_82179e8c31","name":"平塚","kana":"ひらつか","pref":"香川県","muni":"観音寺市"}},{"type":"Feature","geometry":{"type":"Point","coordinates":[133.660644,34.084983]},"properties":{"id":"kofun_b0e8a4ad04","name":"角塚","kana":"かくつか","pref":"香川県","muni":"観音寺市"}},{"type":"Feature","geometry":{"type":"Point","coordinates":[133.673507,34.091313]},"properties":{"id":"kofun_b8e151e9eb","name":"赤岡山古墳群","kana":"あこかやまこふんぐん","pref":"香川県","muni":"観音寺市"}},{"type":"Feature","geometry":{"type":"Point","coordinates":[133.644729,34.144678]},"properties":{"id":"kofun_43e7d969a7","name":"丸山古墳","kana":"まるやまこふん","pref":"香川県","muni":"観音寺市"}},{"type":"Feature","geometry":{"type":"Point","coordinates":[133.678302,34.134307]},"properties":{"id":"kofun_4af23183c8","name":"鹿隈かんす塚古墳","kana":"かなくまかんすづかこふん","pref":"香川県","muni":"観音寺市"}},{"type":"Feature","geometry":{"type":"Point","coordinates":[133.688146,34.107913]},"properties":{"id":"kofun_bdde482da2","name":"ひさご塚","kana":"ひさごづか","pref":"香川県","muni":"観音寺市"}},{"type":"Feature","geometry":{"type":"Point","coordinates":[133.705768,34.116955]},"properties":{"id":"kofun_0bf59c41cb","name":"青塚古墳","kana":"あおづかこふん","pref":"香川県","muni":"観音寺市"}},{"type":"Feature","geometry":{"type":"Point","coordinates":[133.692024,34.109071]},"properties":{"id":"kofun_66ee3fd0c6","name":"母神山古墳群","kana":"はがみやまこふんぐん","pref":"香川県","muni":"観音寺市"}},{"type":"Feature","geometry":{"type":"Point","coordinates":[134.196309,34.485901]},"properties":{"id":"kofun_cd038bcaab","name":"富丘古墳群","kana":"とみおかこふんぐん","pref":"香川県","muni":"土庄町"}},{"type":"Feature","geometry":{"type":"Point","coordinates":[134.326021,34.466932]},"properties":{"id":"kofun_248d7cbab5","name":"亀之尾古墳","kana":"かめのおこふん","pref":"香川県","muni":"小豆島町"}},{"type":"Feature","geometry":{"type":"Point","coordinates":[134.326021,34.466932]},"properties":{"id":"kofun_32841d8bd1","name":"弁天島古墳群","kana":"べんてんじまこふんぐん","pref":"香川県","muni":"小豆島町"}},{"type":"Feature","geometry":{"type":"Point","coordinates":[133.466888,33.970004]},"properties":{"id":"kofun_10923c5eae","name":"高原・大空古墳群","kana":"たかはら・おおぞらこふんぐん","pref":"愛媛県","muni":"四国中央市"}},{"type":"Feature","geometry":{"type":"Point","coordinates":[133.586881,34.009812]},"properties":{"id":"kofun_8d0c8ac7b5","name":"天生津古墳","kana":"あもうづこふん","pref":"愛媛県","muni":"四国中央市"}},{"type":"Feature","geometry":{"type":"Point","coordinates":[133.584803,34.006725]},"properties":{"id":"kofun_49d05b9c97","name":"向山古墳","kana":"むかいやまこふん","pref":"愛媛県","muni":"四国中央市"}},{"type":"Feature","geometry":{"type":"Point","coordinates":[133.578148,33.981124]},"properties":{"id":"kofun_3202cc094a","name":"東宮山古墳","kana":"とうぐうさんこふん","pref":"愛媛県","muni":"四国中央市"}},{"type":"Feature","geometry":{"type":"Point","coordinates":[133.587062,33.977942]},"properties":{"id":"kofun_1d1724d56a","name":"朝日山古墳","kana":"あさひやまこふん","pref":"愛媛県","muni":"四国中央市"}},{"type":"Feature","geometry":{"type":"Point","coordinates":[133.558548,33.971651]},"properties":{"id":"kofun_69557e9599","name":"横地山古墳群","kana":"よこちやまこふんぐん","pref":"愛媛県","muni":"四国中央市"}},{"type":"Feature","geometry":{"type":"Point","coordinates":[133.279659,33.948867]},"properties":{"id":"kofun_ec6474f3e1","name":"金子山古墳","kana":"かねこやまこふん","pref":"愛媛県","muni":"新居浜市"}},{"type":"Feature","geometry":{"type":"Point","coordinates":[133.296404,33.950378]},"properties":{"id":"kofun_9b4effdb07","name":"正光寺山古墳","kana":"しようこうじやまこふん","pref":"愛媛県","muni":"新居浜市"}},{"type":"Feature","geometry":{"type":"Point","coordinates":[133.125765,33.898713]},"properties":{"id":"kofun_de22c87a80","name":"氷見の西大塚","kana":"ひみのにしのおおつか","pref":"愛媛県","muni":"西条市"}},{"type":"Feature","geometry":{"type":"Point","coordinates":[133.128683,33.890702]},"properties":{"id":"kofun_2eb7d6a838","name":"氷見の経塚古墳","kana":"ひみのきようづかこふん","pref":"愛媛県","muni":"西条市"}},{"type":"Feature","geometry":{"type":"Point","coordinates":[133.116644,33.896885]},"properties":{"id":"kofun_6617869b20","name":"舟山古墳群","kana":"ふなやまこふんぐん","pref":"愛媛県","muni":"西条市"}},{"type":"Feature","geometry":{"type":"Point","coordinates":[133.099588,33.871468]},"properties":{"id":"kofun_e02275c6bb","name":"大日裏山古墳群","kana":"だいにちうらやまこふんぐん","pref":"愛媛県","muni":"西条市"}},{"type":"Feature","geometry":{"type":"Point","coordinates":[133.076773,33.881769]},"properties":{"id":"kofun_6a4a21cf7a","name":"大頭古墳群","kana":"おおとこふんぐん","pref":"愛媛県","muni":"西条市"}},{"type":"Feature","geometry":{"type":"Point","coordinates":[133.040133,33.934735]},"properties":{"id":"kofun_20ee61ecc6","name":"片山古墳群","kana":"かたやまこふんぐん","pref":"愛媛県","muni":"西条市"}},{"type":"Feature","geometry":{"type":"Point","coordinates":[133.047809,33.940113]},"properties":{"id":"kofun_f4414ddb2e","name":"甲賀原古墳群","kana":"こうがばらこふんぐん","pref":"愛媛県","muni":"西条市"}},{"type":"Feature","geometry":{"type":"Point","coordinates":[133.004913,33.9693]},"properties":{"id":"kofun_741c3755d3","name":"行者原古墳群","kana":"ぎようじやばらこふんぐん","pref":"愛媛県","muni":"今治市"}},{"type":"Feature","geometry":{"type":"Point","coordinates":[133.030832,33.9916]},"properties":{"id":"kofun_428f2bce3a","name":"野々瀬古墳群","kana":"ののせこふんぐん","pref":"愛媛県","muni":"今治市"}},{"type":"Feature","geometry":{"type":"Point","coordinates":[133.023133,33.987579]},"properties":{"id":"kofun_11f66af16c","name":"野田古墳群","kana":"のだこふんぐん","pref":"愛媛県","muni":"今治市"}},{"type":"Feature","geometry":{"type":"Point","coordinates":[133.012202,34.000267]},"properties":{"id":"kofun_8662d09bdc","name":"樹ノ本古墳","kana":"きのもとこふん","pref":"愛媛県","muni":"今治市"}},{"type":"Feature","geometry":{"type":"Point","coordinates":[132.994848,34.003]},"properties":{"id":"kofun_b434c4f7ad","name":"多伎宮古墳群","kana":"たきのみやこふんぐん","pref":"愛媛県","muni":"今治市"}},{"type":"Feature","geometry":{"type":"Point","coordinates":[133.205193,34.243229]},"properties":{"id":"kofun_5e3286f5a6","name":"久司山古墳群","kana":"くしやまこふんぐん","pref":"愛媛県","muni":"上島町"}},{"type":"Feature","geometry":{"type":"Point","coordinates":[132.873007,34.195974]},"properties":{"id":"kofun_1e39d1e262","name":"正月鼻古墳群","kana":"しようがつはなこふんぐん","pref":"愛媛県","muni":"今治市"}},{"type":"Feature","geometry":{"type":"Point","coordinates":[132.930807,34.058949]},"properties":{"id":"kofun_744793f691","name":"妙見山前方後円墳","kana":"みようけんざんぜんぽうこうえんふん","pref":"愛媛県","muni":"今治市"}},{"type":"Feature","geometry":{"type":"Point","coordinates":[132.989612,34.088761]},"properties":{"id":"kofun_8e68a01840","name":"相の谷前方後円墳","kana":"あいのたにぜんぽうこうえんふん","pref":"愛媛県","muni":"今治市"}},{"type":"Feature","geometry":{"type":"Point","coordinates":[133.026169,34.032306]},"properties":{"id":"kofun_49d450f53c","name":"雉之尾前方後方墳","kana":"きじのおぜんぽうこうほうふん","pref":"愛媛県","muni":"今治市"}},{"type":"Feature","geometry":{"type":"Point","coordinates":[133.035277,34.030068]},"properties":{"id":"kofun_cd9e595efc","name":"国分前方後円墳","kana":"こくぶぜんぽうこうえんふん","pref":"愛媛県","muni":"今治市"}},{"type":"Feature","geometry":{"type":"Point","coordinates":[132.983286,34.05871]},"properties":{"id":"kofun_37e87be40f","name":"鯨山古墳","kana":"くじらやまこふん","pref":"愛媛県","muni":"今治市"}},{"type":"Feature","geometry":{"type":"Point","coordinates":[132.796903,33.969991]},"properties":{"id":"kofun_686c1a5f39","name":"櫛玉比売命神社前方後円墳","kana":"くしたまひめのみことじんじやぜんぽうこうえんふん","pref":"愛媛県","muni":"松山市"}},{"type":"Feature","geometry":{"type":"Point","coordinates":[132.785758,33.602531]},"properties":{"id":"kofun_cb2d5f7aca","name":"奥の谷古墳","kana":"おくのたにこふん","pref":"愛媛県","muni":"内子町"}},{"type":"Feature","geometry":{"type":"Point","coordinates":[132.914008,33.800152]},"properties":{"id":"kofun_6cf20da466","name":"川上神社古墳","kana":"かわかみじんじやこふん","pref":"愛媛県","muni":"東温市"}},{"type":"Feature","geometry":{"type":"Point","coordinates":[132.627953,33.965286]},"properties":{"id":"kofun_a385099302","name":"中山古墳","kana":"なかやまこふん","pref":"愛媛県","muni":"松山市"}},{"type":"Feature","geometry":{"type":"Point","coordinates":[132.757689,33.899012]},"properties":{"id":"kofun_d939150aea","name":"ろうそく山古墳","kana":"ろうそくやまこふん","pref":"愛媛県","muni":"松山市"}},{"type":"Feature","geometry":{"type":"Point","coordinates":[132.793755,33.830785]},"properties":{"id":"kofun_92c7e67b53","name":"経石山古墳","kana":"きようせきざんこふん","pref":"愛媛県","muni":"松山市"}},{"type":"Feature","geometry":{"type":"Point","coordinates":[132.807716,33.833107]},"properties":{"id":"kofun_86672e2ffc","name":"三島神社古墳跡","kana":"みしまじんじやこふんあと","pref":"愛媛県","muni":"松山市"}},{"type":"Feature","geometry":{"type":"Point","coordinates":[132.847686,33.814371]},"properties":{"id":"kofun_3a1505b2cf","name":"葉佐池古墳","kana":"はさいけこふん","pref":"愛媛県","muni":"松山市"}},{"type":"Feature","geometry":{"type":"Point","coordinates":[132.850147,33.801297]},"properties":{"id":"kofun_61f7af75c0","name":"播磨塚","kana":"はりまづか","pref":"愛媛県","muni":"東温市"}},{"type":"Feature","geometry":{"type":"Point","coordinates":[132.780518,33.821328]},"properties":{"id":"kofun_f9d991c8fc","name":"天山古墳群","kana":"あまやまこふんぐん","pref":"愛媛県","muni":"松山市"}},{"type":"Feature","geometry":{"type":"Point","coordinates":[132.810006,33.797103]},"properties":{"id":"kofun_ee898fbf46","name":"大塚","kana":"おおつか","pref":"愛媛県","muni":"松山市"}},{"type":"Feature","geometry":{"type":"Point","coordinates":[132.807793,33.766361]},"properties":{"id":"kofun_0ab1ecf49b","name":"八ッ塚","kana":"やつづか","pref":"愛媛県","muni":"松山市"}},{"type":"Feature","geometry":{"type":"Point","coordinates":[132.79309,33.767794]},"properties":{"id":"kofun_37973c23a6","name":"大下田古墳群","kana":"おおげたこふんぐん","pref":"愛媛県","muni":"砥部町"}},{"type":"Feature","geometry":{"type":"Point","coordinates":[132.710829,33.754587]},"properties":{"id":"kofun_ca8316cb8c","name":"伊予岡八幡神社古墳群","kana":"いよおかはちまんじんじやこふんぐん","pref":"愛媛県","muni":"伊予市"}},{"type":"Feature","geometry":{"type":"Point","coordinates":[132.725467,33.765216]},"properties":{"id":"kofun_24c3f38059","name":"尊霊社古墳跡","kana":"そんれいしやこふんあと","pref":"愛媛県","muni":"伊予市"}},{"type":"Feature","geometry":{"type":"Point","coordinates":[132.739372,33.761831]},"properties":{"id":"kofun_8df7600f1b","name":"猿ヶ谷古墳群","kana":"さるがたにこふんぐん","pref":"愛媛県","muni":"伊予市"}},{"type":"Feature","geometry":{"type":"Point","coordinates":[132.739372,33.761831]},"properties":{"id":"kofun_67a84255fa","name":"嶺昌寺古墳","kana":"れいしようじこふん","pref":"愛媛県","muni":"伊予市"}},{"type":"Feature","geometry":{"type":"Point","coordinates":[132.749141,33.771372]},"properties":{"id":"kofun_e6bbd332d5","name":"兎渡護古墳","kana":"ととごこふん","pref":"愛媛県","muni":"伊予市"}},{"type":"Feature","geometry":{"type":"Point","coordinates":[132.53012,33.512772]},"properties":{"id":"kofun_2aa86a275b","name":"阿蔵古墳","kana":"あぞうこふん","pref":"愛媛県","muni":"大洲市"}},{"type":"Feature","geometry":{"type":"Point","coordinates":[132.604862,33.528213]},"properties":{"id":"kofun_b8da201cc9","name":"新谷の塚穴古墳","kana":"にいやのつかあなこふん","pref":"愛媛県","muni":"大洲市"}},{"type":"Feature","geometry":{"type":"Point","coordinates":[132.494549,33.393355]},"properties":{"id":"kofun_7e71d5ae09","name":"長作森古墳","kana":"ちようさくもりこふん","pref":"愛媛県","muni":"西予市"}},{"type":"Feature","geometry":{"type":"Point","coordinates":[132.470003,33.399086]},"properties":{"id":"kofun_49caf86d15","name":"安養寺裏山古墳","kana":"あんようじうらやまこふん","pref":"愛媛県","muni":"西予市"}},{"type":"Feature","geometry":{"type":"Point","coordinates":[132.462576,33.402865]},"properties":{"id":"kofun_2cded6d4b6","name":"笠置峠古墳","kana":"かさぎとうげこふん","pref":"愛媛県","muni":"西予市"}},{"type":"Feature","geometry":{"type":"Point","coordinates":[132.483883,33.370555]},"properties":{"id":"kofun_e70a6101c9","name":"粟尻古墳群","kana":"あわじりこふんぐん","pref":"愛媛県","muni":"西予市"}},{"type":"Feature","geometry":{"type":"Point","coordinates":[133.996104,33.453343]},"properties":{"id":"kofun_9945d03a70","name":"大木戸古墳群","kana":"おおきどこふんぐん","pref":"高知県","muni":"安田町"}},{"type":"Feature","geometry":{"type":"Point","coordinates":[133.898529,33.524797]},"properties":{"id":"kofun_a1fd4f9be3","name":"井ノ口古墳","kana":"いのくちこふん","pref":"高知県","muni":"安芸市"}},{"type":"Feature","geometry":{"type":"Point","coordinates":[133.751365,33.540124]},"properties":{"id":"kofun_20bbdbafc1","name":"梶ヵ山古墳","kana":"かじかやまこふん","pref":"高知県","muni":"香南市"}},{"type":"Feature","geometry":{"type":"Point","coordinates":[133.764529,33.549049]},"properties":{"id":"kofun_299d19b76a","name":"ノツゴ古墳","kana":"のつごこふん","pref":"高知県","muni":"香南市"}},{"type":"Feature","geometry":{"type":"Point","coordinates":[133.740592,33.555072]},"properties":{"id":"kofun_c80438b0f9","name":"花散里古墳","kana":"はなちるさとこふん","pref":"高知県","muni":"香南市"}},{"type":"Feature","geometry":{"type":"Point","coordinates":[133.697675,33.608619]},"properties":{"id":"kofun_751bc8fbf2","name":"伏原大塚古墳","kana":"ふしわらおおつかこふん","pref":"高知県","muni":"香美市"}},{"type":"Feature","geometry":{"type":"Point","coordinates":[133.678302,33.627844]},"properties":{"id":"kofun_722529e011","name":"横走古墳","kana":"よこばしりこふん","pref":"高知県","muni":"香美市"}},{"type":"Feature","geometry":{"type":"Point","coordinates":[133.678302,33.627844]},"properties":{"id":"kofun_9113721793","name":"椎山古墳群","kana":"しいやまこふんぐん","pref":"高知県","muni":"香美市"}},{"type":"Feature","geometry":{"type":"Point","coordinates":[133.678302,33.627844]},"properties":{"id":"kofun_b0388f8133","name":"西ノ内古墳群","kana":"にしのうちこふんぐん","pref":"高知県","muni":"香美市"}},{"type":"Feature","geometry":{"type":"Point","coordinates":[133.643079,33.566826]},"properties":{"id":"kofun_8ddff3bc27","name":"吾岡山古墳群","kana":"ごうかやまこふんぐん","pref":"高知県","muni":"南国市"}},{"type":"Feature","geometry":{"type":"Point","coordinates":[133.64142,33.575688]},"properties":{"id":"kofun_a9d59a8cb3","name":"船岡山古墳群","kana":"ふなおかやまこふんぐん","pref":"高知県","muni":"南国市"}},{"type":"Feature","geometry":{"type":"Point","coordinates":[133.619534,33.570912]},"properties":{"id":"kofun_ad97563574","name":"明見彦山古墳群","kana":"みようけんひこやまこふんぐん","pref":"高知県","muni":"南国市"}},{"type":"Feature","geometry":{"type":"Point","coordinates":[133.619534,33.570912]},"properties":{"id":"kofun_6dad1a6833","name":"狸岩古墳群","kana":"たぬきいわこふんぐん","pref":"高知県","muni":"南国市"}},{"type":"Feature","geometry":{"type":"Point","coordinates":[133.625534,33.54672]},"properties":{"id":"kofun_b26a5c32bf","name":"馬背古墳群","kana":"うまのせこふんぐん","pref":"高知県","muni":"南国市"}},{"type":"Feature","geometry":{"type":"Point","coordinates":[133.625534,33.54672]},"properties":{"id":"kofun_73348c156f","name":"井川山古墳群","kana":"ゆうこうさんこふんぐん","pref":"高知県","muni":"南国市"}},{"type":"Feature","geometry":{"type":"Point","coordinates":[133.64173,33.583281]},"properties":{"id":"kofun_65aa191cc5","name":"野中古墳群","kana":"のなかこふんぐん","pref":"高知県","muni":"南国市"}},{"type":"Feature","geometry":{"type":"Point","coordinates":[133.623231,33.596699]},"properties":{"id":"kofun_5a67253802","name":"岡豊山古墳","kana":"おこうやまこふん","pref":"高知県","muni":"南国市"}},{"type":"Feature","geometry":{"type":"Point","coordinates":[133.619221,33.599373]},"properties":{"id":"kofun_d23c966d59","name":"小蓮古墳","kana":"こはすこふん","pref":"高知県","muni":"南国市"}},{"type":"Feature","geometry":{"type":"Point","coordinates":[133.615933,33.600852]},"properties":{"id":"kofun_168249ca38","name":"舟岩古墳群","kana":"ふないわこふんぐん","pref":"高知県","muni":"南国市"}},{"type":"Feature","geometry":{"type":"Point","coordinates":[133.615933,33.600852]},"properties":{"id":"kofun_40c666590c","name":"狭間古墳","kana":"はざまこふん","pref":"高知県","muni":"南国市"}},{"type":"Feature","geometry":{"type":"Point","coordinates":[133.649526,33.617839]},"properties":{"id":"kofun_2748189082","name":"高松古墳","kana":"たかまつこふん","pref":"高知県","muni":"南国市"}},{"type":"Feature","geometry":{"type":"Point","coordinates":[133.477854,33.553203]},"properties":{"id":"kofun_a463ceca74","name":"朝倉古墳","kana":"あさくらこふん","pref":"高知県","muni":"高知市"}},{"type":"Feature","geometry":{"type":"Point","coordinates":[133.492956,33.561706]},"properties":{"id":"kofun_c63b44fff1","name":"塚の原古墳群","kana":"つかのはらこふんぐん","pref":"高知県","muni":"高知市"}},{"type":"Feature","geometry":{"type":"Point","coordinates":[133.53726,33.576907]},"properties":{"id":"kofun_96ba09e562","name":"愛宕山古墳群","kana":"あたごやまこふんぐん","pref":"高知県","muni":"高知市"}},{"type":"Feature","geometry":{"type":"Point","coordinates":[133.539063,33.589174]},"properties":{"id":"kofun_b82404e179","name":"秦泉寺古墳群","kana":"じんぜんじこふんぐん","pref":"高知県","muni":"高知市"}},{"type":"Feature","geometry":{"type":"Point","coordinates":[133.577513,33.599563]},"properties":{"id":"kofun_0b67022c49","name":"一宮古墳群","kana":"いつくこふんぐん","pref":"高知県","muni":"高知市"}},{"type":"Feature","geometry":{"type":"Point","coordinates":[133.596381,33.572836]},"properties":{"id":"kofun_ade6da57f4","name":"小奈路古墳","kana":"こなろこふん","pref":"高知県","muni":"高知市"}},{"type":"Feature","geometry":{"type":"Point","coordinates":[133.596381,33.572836]},"properties":{"id":"kofun_e2850c00f6","name":"三ッ塚古墳群","kana":"みつづかこふんぐん","pref":"高知県","muni":"高知市"}},{"type":"Feature","geometry":{"type":"Point","coordinates":[133.596381,33.572836]},"properties":{"id":"kofun_555b193a77","name":"六郎山古墳","kana":"ろくろうやまこふん","pref":"高知県","muni":"高知市"}},{"type":"Feature","geometry":{"type":"Point","coordinates":[133.611189,33.567495]},"properties":{"id":"kofun_54dee937d2","name":"高間原古墳群","kana":"たかまがはらこふんぐん","pref":"高知県","muni":"高知市"}},{"type":"Feature","geometry":{"type":"Point","coordinates":[133.457615,33.553435]},"properties":{"id":"kofun_a6062c983c","name":"枝川古墳群","kana":"えだがわこふんぐん","pref":"高知県","muni":"いの町"}},{"type":"Feature","geometry":{"type":"Point","coordinates":[133.411483,33.474376]},"properties":{"id":"kofun_df05254aab","name":"股肱谷古墳群","kana":"ここだにこふんぐん","pref":"高知県","muni":"土佐市"}},{"type":"Feature","geometry":{"type":"Point","coordinates":[133.421123,33.451971]},"properties":{"id":"kofun_3f80de54a2","name":"灰方古墳群","kana":"はいがたこふんぐん","pref":"高知県","muni":"須崎市"}},{"type":"Feature","geometry":{"type":"Point","coordinates":[132.997623,33.014888]},"properties":{"id":"kofun_cd86c3022d","name":"田の口古墳","kana":"たのくちこふん","pref":"高知県","muni":"黒潮町"}},{"type":"Feature","geometry":{"type":"Point","coordinates":[132.956856,32.984102]},"properties":{"id":"kofun_a7834ffd8c","name":"古津賀古墳","kana":"こつかこふん","pref":"高知県","muni":"四万十市"}},{"type":"Feature","geometry":{"type":"Point","coordinates":[132.780878,32.939017]},"properties":{"id":"kofun_c1cedb991f","name":"曾我山古墳","kana":"そがやまこふん","pref":"高知県","muni":"宿毛市"}},{"type":"Feature","geometry":{"type":"Point","coordinates":[130.656267,33.835013]},"properties":{"id":"kofun_16d1cf833d","name":"豊前坊古墳群","kana":"ぶぜんぼうこふんぐん","pref":"福岡県","muni":"遠賀町"}},{"type":"Feature","geometry":{"type":"Point","coordinates":[130.61055,33.7331]},"properties":{"id":"kofun_404c03d7f0","name":"竹原古墳","kana":"たけはらこふん","pref":"福岡県","muni":"宮若市"}},{"type":"Feature","geometry":{"type":"Point","coordinates":[130.721329,33.580106]},"properties":{"id":"kofun_011f65c957","name":"沖出古墳","kana":"おきでこふん","pref":"福岡県","muni":"嘉麻市"}},{"type":"Feature","geometry":{"type":"Point","coordinates":[130.65868,33.623374]},"properties":{"id":"kofun_18a4284664","name":"小正西古墳","kana":"おばさにしこふん","pref":"福岡県","muni":"飯塚市"}},{"type":"Feature","geometry":{"type":"Point","coordinates":[130.670498,33.634397]},"properties":{"id":"kofun_0f2ecd1d91","name":"山ノ神古墳","kana":"やまのかみこふん","pref":"福岡県","muni":"飯塚市"}},{"type":"Feature","geometry":{"type":"Point","coordinates":[130.686699,33.623368]},"properties":{"id":"kofun_b1dc169803","name":"忠隈古墳","kana":"ただくまこふん","pref":"福岡県","muni":"飯塚市"}},{"type":"Feature","geometry":{"type":"Point","coordinates":[130.662702,33.589545]},"properties":{"id":"kofun_621ead54ab","name":"桂川王塚古墳","kana":"けいせんおうづかこふん","pref":"福岡県","muni":"桂川町"}},{"type":"Feature","geometry":{"type":"Point","coordinates":[130.692695,33.660609]},"properties":{"id":"kofun_fb8dc6a04e","name":"川島古墳","kana":"かわしまこふん","pref":"福岡県","muni":"飯塚市"}},{"type":"Feature","geometry":{"type":"Point","coordinates":[130.598537,33.426791]},"properties":{"id":"kofun_be275ad6cd","name":"焼ノ峠古墳","kana":"やきのとうげこふん","pref":"福岡県","muni":"筑前町"}},{"type":"Feature","geometry":{"type":"Point","coordinates":[130.640483,33.440674]},"properties":{"id":"kofun_cc9a271197","name":"仙道古墳","kana":"せんどうこふん","pref":"福岡県","muni":"筑前町"}},{"type":"Feature","geometry":{"type":"Point","coordinates":[130.712827,33.38819]},"properties":{"id":"kofun_65470f9a2d","name":"狐塚古墳","kana":"きつねづかこふん","pref":"福岡県","muni":"朝倉市"}},{"type":"Feature","geometry":{"type":"Point","coordinates":[130.488647,33.780865]},"properties":{"id":"kofun_a3ddcd4aed","name":"宮地嶽古墳","kana":"みやじだけこふん","pref":"福岡県","muni":"福津市"}},{"type":"Feature","geometry":{"type":"Point","coordinates":[130.491832,33.813501]},"properties":{"id":"kofun_ad55fca835","name":"新原・奴山古墳群","kana":"しんばる・ぬやまこふんぐん","pref":"福岡県","muni":"福津市"}},{"type":"Feature","geometry":{"type":"Point","coordinates":[130.495466,33.843796]},"properties":{"id":"kofun_1e85d5fcde","name":"桜京古墳","kana":"さくらきようこふん","pref":"福岡県","muni":"宗像市"}},{"type":"Feature","geometry":{"type":"Point","coordinates":[130.535285,33.816133]},"properties":{"id":"kofun_573ad58e2c","name":"久戸古墳群","kana":"くどこふんぐん","pref":"福岡県","muni":"宗像市"}},{"type":"Feature","geometry":{"type":"Point","coordinates":[130.540696,33.799023]},"properties":{"id":"kofun_bc7d4ba5dc","name":"東郷高塚古墳","kana":"とうごうたかつかこふん","pref":"福岡県","muni":"宗像市"}},{"type":"Feature","geometry":{"type":"Point","coordinates":[130.499524,33.579625]},"properties":{"id":"kofun_15320e349e","name":"七夕池古墳","kana":"たなばたいけこふん","pref":"福岡県","muni":"志免町"}},{"type":"Feature","geometry":{"type":"Point","coordinates":[130.500037,33.577833]},"properties":{"id":"kofun_35e61134cc","name":"光正寺古墳","kana":"こうしようじこふん","pref":"福岡県","muni":"宇美町"}},{"type":"Feature","geometry":{"type":"Point","coordinates":[130.46309,33.716395]},"properties":{"id":"kofun_abfeefe911","name":"永浦古墳群","kana":"ながうらこふんぐん","pref":"福岡県","muni":"古賀市"}},{"type":"Feature","geometry":{"type":"Point","coordinates":[130.43237,33.573847]},"properties":{"id":"kofun_8567b28f51","name":"東光寺剣塚古墳","kana":"とうこうじけんづかこふん","pref":"福岡県","muni":"福岡市 博多区"}},{"type":"Feature","geometry":{"type":"Point","coordinates":[130.284264,33.571946]},"properties":{"id":"kofun_86140bcdde","name":"鋤崎古墳","kana":"すきさきこふん","pref":"福岡県","muni":"福岡市 西区"}},{"type":"Feature","geometry":{"type":"Point","coordinates":[130.270537,33.573201]},"properties":{"id":"kofun_884bd22ffe","name":"今宿大塚古墳","kana":"いまじゆくおおつかこふん","pref":"福岡県","muni":"福岡市 西区"}},{"type":"Feature","geometry":{"type":"Point","coordinates":[130.26041,33.574284]},"properties":{"id":"kofun_ad1513553e","name":"若八幡宮古墳","kana":"わかはちまんぐうこふん","pref":"福岡県","muni":"福岡市 西区"}},{"type":"Feature","geometry":{"type":"Point","coordinates":[130.252025,33.574131]},"properties":{"id":"kofun_6253dc638c","name":"丸隈山古墳","kana":"まるくまやまこふん","pref":"福岡県","muni":"福岡市 西区"}},{"type":"Feature","geometry":{"type":"Point","coordinates":[130.438654,33.52319]},"properties":{"id":"kofun_58ab1199e6","name":"日拝塚古墳","kana":"ひはいづかこふん","pref":"福岡県","muni":"春日市"}},{"type":"Feature","geometry":{"type":"Point","coordinates":[130.483791,33.555019]},"properties":{"id":"kofun_e6bd4d1bc8","name":"御陵古墳群","kana":"ごりようこふんぐん","pref":"福岡県","muni":"大野城市"}},{"type":"Feature","geometry":{"type":"Point","coordinates":[130.516611,33.484667]},"properties":{"id":"kofun_a35150b355","name":"原口古墳","kana":"はらぐちこふん","pref":"福岡県","muni":"筑紫野市"}},{"type":"Feature","geometry":{"type":"Point","coordinates":[130.544537,33.45146]},"properties":{"id":"kofun_f951ea8bf2","name":"五郎山古墳","kana":"ごろうやまこふん","pref":"福岡県","muni":"筑紫野市"}},{"type":"Feature","geometry":{"type":"Point","coordinates":[130.169596,33.536541]},"properties":{"id":"kofun_bb013b67e3","name":"一貴山銚子塚古墳","kana":"いきさんちようしづかこふん","pref":"福岡県","muni":"糸島市"}},{"type":"Feature","geometry":{"type":"Point","coordinates":[130.174701,33.538614]},"properties":{"id":"kofun_db84da4554","name":"釜塚古墳","kana":"かまつかこふん","pref":"福岡県","muni":"糸島市"}},{"type":"Feature","geometry":{"type":"Point","coordinates":[130.792149,33.32824]},"properties":{"id":"kofun_5a4f7b41e3","name":"朝田古墳群","kana":"あさだこふんぐん","pref":"福岡県","muni":"うきは市"}},{"type":"Feature","geometry":{"type":"Point","coordinates":[130.763771,33.342489]},"properties":{"id":"kofun_a08a7995ec","name":"若宮古墳群","kana":"わかみやこふんぐん","pref":"福岡県","muni":"うきは市"}},{"type":"Feature","geometry":{"type":"Point","coordinates":[130.738628,33.331487]},"properties":{"id":"kofun_4fbbcc8c87","name":"珍敷塚古墳","kana":"めずらしづかこふん","pref":"福岡県","muni":"うきは市"}},{"type":"Feature","geometry":{"type":"Point","coordinates":[130.69226,33.338912]},"properties":{"id":"kofun_daefc62cf5","name":"田主丸古墳群","kana":"たぬしまるこふんぐん","pref":"福岡県","muni":"久留米市"}},{"type":"Feature","geometry":{"type":"Point","coordinates":[130.565671,33.441949]},"properties":{"id":"kofun_3a67c205bb","name":"津古生掛古墳","kana":"つこしようがけこふん","pref":"福岡県","muni":"小郡市"}},{"type":"Feature","geometry":{"type":"Point","coordinates":[130.49851,33.320555]},"properties":{"id":"kofun_a6c55327d5","name":"日輪寺古墳","kana":"にちりんじこふん","pref":"福岡県","muni":"久留米市"}},{"type":"Feature","geometry":{"type":"Point","coordinates":[130.574286,33.297409]},"properties":{"id":"kofun_86e7cd9666","name":"祇園山古墳","kana":"ぎおんやまこふん","pref":"福岡県","muni":"久留米市"}},{"type":"Feature","geometry":{"type":"Point","coordinates":[130.547713,33.288648]},"properties":{"id":"kofun_171d2ecf7a","name":"石櫃山古墳","kana":"いしびつやまこふん","pref":"福岡県","muni":"久留米市"}},{"type":"Feature","geometry":{"type":"Point","coordinates":[130.538151,33.283659]},"properties":{"id":"kofun_c1cba8c8d2","name":"浦山古墳","kana":"うらやまこふん","pref":"福岡県","muni":"久留米市"}},{"type":"Feature","geometry":{"type":"Point","coordinates":[130.477102,33.279169]},"properties":{"id":"kofun_b3b86d163b","name":"御塚・権現塚古墳","kana":"おんづか・ごんげんづかこふん","pref":"福岡県","muni":"久留米市"}},{"type":"Feature","geometry":{"type":"Point","coordinates":[130.622781,33.313839]},"properties":{"id":"kofun_9294fcd9fd","name":"下馬場古墳","kana":"しもばばこふん","pref":"福岡県","muni":"久留米市"}},{"type":"Feature","geometry":{"type":"Point","coordinates":[130.51979,33.236612]},"properties":{"id":"kofun_6a5b49117e","name":"弘化谷古墳","kana":"こうかだにこふん","pref":"福岡県","muni":"広川町"}},{"type":"Feature","geometry":{"type":"Point","coordinates":[130.517316,33.237339]},"properties":{"id":"kofun_1571b1ff39","name":"石人山古墳","kana":"せきじんさんこふん","pref":"福岡県","muni":"広川町"}},{"type":"Feature","geometry":{"type":"Point","coordinates":[130.557637,33.231127]},"properties":{"id":"kofun_c51604cfa8","name":"八女古墳群","kana":"やめこふんぐん","pref":"福岡県","muni":"八女市"}},{"type":"Feature","geometry":{"type":"Point","coordinates":[130.552717,33.229867]},"properties":{"id":"kofun_9121990ade","name":"岩戸山古墳","kana":"いわとやまこふん","pref":"福岡県","muni":"八女市"}},{"type":"Feature","geometry":{"type":"Point","coordinates":[130.479381,33.094009]},"properties":{"id":"kofun_655062edd3","name":"石神山古墳","kana":"せきじんざんこふん","pref":"福岡県","muni":"みやま市"}},{"type":"Feature","geometry":{"type":"Point","coordinates":[130.451301,33.015969]},"properties":{"id":"kofun_efd8ed6b8d","name":"潜塚古墳","kana":"くぐりづかこふん","pref":"福岡県","muni":"大牟田市"}},{"type":"Feature","geometry":{"type":"Point","coordinates":[130.430146,33.074262]},"properties":{"id":"kofun_a6ee0b640e","name":"黒崎観世音塚古墳","kana":"くろさきかんぜおんづかこふん","pref":"福岡県","muni":"大牟田市"}},{"type":"Feature","geometry":{"type":"Point","coordinates":[130.858293,33.891233]},"properties":{"id":"kofun_8e44f7f1d4","name":"日明一本松塚古墳","kana":"ひあがりいつぽんまつづかこふん","pref":"福岡県","muni":"北九州市 小倉北区"}},{"type":"Feature","geometry":{"type":"Point","coordinates":[130.938784,33.828578]},"properties":{"id":"kofun_9aeb288c26","name":"荒神森古墳","kana":"こうじんのもりこふん","pref":"福岡県","muni":"北九州市 小倉南区"}},{"type":"Feature","geometry":{"type":"Point","coordinates":[130.936084,33.818533]},"properties":{"id":"kofun_939a50e43b","name":"上ん山古墳・茶毘志山古墳","kana":"うえんやまこふん・ちやびしやまこふん","pref":"福岡県","muni":"北九州市 小倉南区"}},{"type":"Feature","geometry":{"type":"Point","coordinates":[130.825202,33.650869]},"properties":{"id":"kofun_9e343a7565","name":"セスドノ古墳","kana":"せすどのこふん","pref":"福岡県","muni":"田川市"}},{"type":"Feature","geometry":{"type":"Point","coordinates":[130.979858,33.775589]},"properties":{"id":"kofun_d5f81f9b58","name":"石塚山古墳","kana":"いしづかやまこふん","pref":"福岡県","muni":"苅田町"}},{"type":"Feature","geometry":{"type":"Point","coordinates":[130.979795,33.762119]},"properties":{"id":"kofun_b980aed261","name":"番塚古墳","kana":"ばんづかこふん","pref":"福岡県","muni":"苅田町"}},{"type":"Feature","geometry":{"type":"Point","coordinates":[130.979508,33.755412]},"properties":{"id":"kofun_91f90e526c","name":"御所山古墳","kana":"ごしよやまこふん","pref":"福岡県","muni":"苅田町"}},{"type":"Feature","geometry":{"type":"Point","coordinates":[130.906128,33.697236]},"properties":{"id":"kofun_da61e2e3f4","name":"箕田丸山古墳","kana":"みだまるやまこふん","pref":"福岡県","muni":"みやこ町"}},{"type":"Feature","geometry":{"type":"Point","coordinates":[130.715857,33.566256]},"properties":{"id":"kofun_28b1168649","name":"扇八幡古墳","kana":"おうぎはちまんこふん","pref":"福岡県","muni":"嘉麻市"}},{"type":"Feature","geometry":{"type":"Point","coordinates":[130.927374,33.709672]},"properties":{"id":"kofun_9d33620fd5","name":"庄屋塚古墳","kana":"しようやづかこふん","pref":"福岡県","muni":"みやこ町"}},{"type":"Feature","geometry":{"type":"Point","coordinates":[130.922431,33.70429]},"properties":{"id":"kofun_302ea5603b","name":"橘塚古墳","kana":"たちばなづかこふん","pref":"福岡県","muni":"みやこ町"}},{"type":"Feature","geometry":{"type":"Point","coordinates":[130.917278,33.705057]},"properties":{"id":"kofun_e7bf6c0252","name":"綾塚古墳","kana":"あやづかこふん","pref":"福岡県","muni":"みやこ町"}},{"type":"Feature","geometry":{"type":"Point","coordinates":[130.919178,33.699834]},"properties":{"id":"kofun_9072688770","name":"木山平古墳群","kana":"きやんべらこふんぐん","pref":"福岡県","muni":"みやこ町"}},{"type":"Feature","geometry":{"type":"Point","coordinates":[130.970367,33.684395]},"properties":{"id":"kofun_bc0a3d6c3f","name":"彦徳甲塚古墳","kana":"けんどくかぶとづかこふん","pref":"福岡県","muni":"みやこ町"}},{"type":"Feature","geometry":{"type":"Point","coordinates":[130.9732,33.688243]},"properties":{"id":"kofun_2b4cd8d32e","name":"甲塚方墳","kana":"かぶとづかほうふん","pref":"福岡県","muni":"みやこ町"}},{"type":"Feature","geometry":{"type":"Point","coordinates":[131.006626,33.704397]},"properties":{"id":"kofun_50f16c2365","name":"隼人塚古墳","kana":"はやとづかこふん","pref":"福岡県","muni":"行橋市"}},{"type":"Feature","geometry":{"type":"Point","coordinates":[131.027643,33.707599]},"properties":{"id":"kofun_1fbb77b973","name":"石並古墳","kana":"いしなみこふん","pref":"福岡県","muni":"行橋市"}},{"type":"Feature","geometry":{"type":"Point","coordinates":[130.932716,33.720684]},"properties":{"id":"kofun_1a257eeb8e","name":"八雷古墳","kana":"はちらいこふん","pref":"福岡県","muni":"行橋市"}},{"type":"Feature","geometry":{"type":"Point","coordinates":[131.164224,33.601121]},"properties":{"id":"kofun_ab80de082a","name":"楡生山古墳","kana":"にりようやまこふん","pref":"福岡県","muni":"吉富町"}},{"type":"Feature","geometry":{"type":"Point","coordinates":[131.16844,33.564141]},"properties":{"id":"kofun_86d131b432","name":"穴ヶ葉山古墳","kana":"あながはやまこふん","pref":"福岡県","muni":"上毛町"}},{"type":"Feature","geometry":{"type":"Point","coordinates":[131.174386,33.569064]},"properties":{"id":"kofun_de6114491d","name":"能満寺古墳群","kana":"のうまんじこふんぐん","pref":"福岡県","muni":"上毛町"}},{"type":"Feature","geometry":{"type":"Point","coordinates":[131.094728,33.61871]},"properties":{"id":"kofun_e9be045f77","name":"黒部六号古墳","kana":"くろべろくごうこふん","pref":"福岡県","muni":"豊前市"}},{"type":"Feature","geometry":{"type":"Point","coordinates":[130.535603,33.410429]},"properties":{"id":"kofun_a911068fa6","name":"上野古墳","kana":"うえんのこふん","pref":"佐賀県","muni":"基山町"}},{"type":"Feature","geometry":{"type":"Point","coordinates":[130.455546,33.332298]},"properties":{"id":"kofun_dbbaf04eaf","name":"大塚古墳","kana":"おおつかこふん","pref":"佐賀県","muni":"みやき町"}},{"type":"Feature","geometry":{"type":"Point","coordinates":[130.418784,33.331017]},"properties":{"id":"kofun_c3794d7efa","name":"目達原古墳群","kana":"めたばるこふんぐん","pref":"佐賀県","muni":"上峰町"}},{"type":"Feature","geometry":{"type":"Point","coordinates":[130.515389,33.394953]},"properties":{"id":"kofun_558894354b","name":"田代太田古墳","kana":"たしろおおたこふん","pref":"佐賀県","muni":"鳥栖市"}},{"type":"Feature","geometry":{"type":"Point","coordinates":[130.521616,33.393656]},"properties":{"id":"kofun_a5076e5dc8","name":"岡寺古墳","kana":"おかでらこふん","pref":"佐賀県","muni":"鳥栖市"}},{"type":"Feature","geometry":{"type":"Point","coordinates":[130.524013,33.399204]},"properties":{"id":"kofun_2851452a9f","name":"剣塚","kana":"つるぎづか","pref":"佐賀県","muni":"鳥栖市"}},{"type":"Feature","geometry":{"type":"Point","coordinates":[130.477091,33.412305]},"properties":{"id":"kofun_9784a7021a","name":"東十郎古墳群","kana":"ひがしじゆうろうこふんぐん","pref":"佐賀県","muni":"鳥栖市"}},{"type":"Feature","geometry":{"type":"Point","coordinates":[130.513175,33.396108]},"properties":{"id":"kofun_c6788c6b2b","name":"庚申堂塚","kana":"こうしんどうづか","pref":"佐賀県","muni":"鳥栖市"}},{"type":"Feature","geometry":{"type":"Point","coordinates":[130.48535,33.377488]},"properties":{"id":"kofun_81c2d7e981","name":"山浦古墳群","kana":"やまうらこふんぐん","pref":"佐賀県","muni":"鳥栖市"}},{"type":"Feature","geometry":{"type":"Point","coordinates":[130.345691,33.325699]},"properties":{"id":"kofun_8342d8f231","name":"丸山前方後円墳","kana":"まるやまぜんぽうこうえんふん","pref":"佐賀県","muni":"神埼市"}},{"type":"Feature","geometry":{"type":"Point","coordinates":[130.373066,33.310714]},"properties":{"id":"kofun_48daaa105d","name":"天神尾古墳群","kana":"てんじんおこふんぐん","pref":"佐賀県","muni":"神埼市"}},{"type":"Feature","geometry":{"type":"Point","coordinates":[130.381099,33.346619]},"properties":{"id":"kofun_514795db75","name":"伊勢塚","kana":"いせづか","pref":"佐賀県","muni":"神埼市"}},{"type":"Feature","geometry":{"type":"Point","coordinates":[130.281814,33.309207]},"properties":{"id":"kofun_2aea58a173","name":"築山古墳","kana":"つきやまこふん","pref":"佐賀県","muni":"佐賀市"}},{"type":"Feature","geometry":{"type":"Point","coordinates":[130.240579,33.293694]},"properties":{"id":"kofun_765cb7a77c","name":"船塚","kana":"ふなづか","pref":"佐賀県","muni":"佐賀市"}},{"type":"Feature","geometry":{"type":"Point","coordinates":[130.299681,33.317866]},"properties":{"id":"kofun_1c87dd8b5a","name":"銚子塚","kana":"ちようしづか","pref":"佐賀県","muni":"佐賀市"}},{"type":"Feature","geometry":{"type":"Point","coordinates":[130.293638,33.327404]},"properties":{"id":"kofun_964e4737ab","name":"西隈古墳","kana":"にしくまこふん","pref":"佐賀県","muni":"佐賀市"}},{"type":"Feature","geometry":{"type":"Point","coordinates":[130.327932,33.331418]},"properties":{"id":"kofun_78a1f3dd2d","name":"関行丸古墳","kana":"せきぎようまるこふん","pref":"佐賀県","muni":"佐賀市"}},{"type":"Feature","geometry":{"type":"Point","coordinates":[130.178539,33.267829]},"properties":{"id":"kofun_635a6f4ff9","name":"姫御前古墳","kana":"ひめごぜこふん","pref":"佐賀県","muni":"小城市"}},{"type":"Feature","geometry":{"type":"Point","coordinates":[130.161847,33.29306]},"properties":{"id":"kofun_2d3c260bc7","name":"一本松古墳群","kana":"いつぽんまつこふんぐん","pref":"佐賀県","muni":"小城市"}},{"type":"Feature","geometry":{"type":"Point","coordinates":[130.231156,33.309107]},"properties":{"id":"kofun_6c2f30d43e","name":"姫塚","kana":"ひめづか","pref":"佐賀県","muni":"小城市"}},{"type":"Feature","geometry":{"type":"Point","coordinates":[130.15647,33.283144]},"properties":{"id":"kofun_24a5c65481","name":"古賀山一号墳","kana":"こがやまいちごうふん","pref":"佐賀県","muni":"多久市"}},{"type":"Feature","geometry":{"type":"Point","coordinates":[130.163188,33.264353]},"properties":{"id":"kofun_47bb42a5a4","name":"向野古墳群","kana":"むかいのこふんぐん","pref":"佐賀県","muni":"多久市"}},{"type":"Feature","geometry":{"type":"Point","coordinates":[130.163036,33.273338]},"properties":{"id":"kofun_ac910d4d93","name":"柳瀬古墳","kana":"やなぜこふん","pref":"佐賀県","muni":"多久市"}},{"type":"Feature","geometry":{"type":"Point","coordinates":[130.054752,33.453596]},"properties":{"id":"kofun_0d134b4432","name":"谷口古墳","kana":"たにぐちこふん","pref":"佐賀県","muni":"唐津市"}},{"type":"Feature","geometry":{"type":"Point","coordinates":[130.033577,33.434598]},"properties":{"id":"kofun_8fe46985c6","name":"横田下古墳","kana":"よこたしもこふん","pref":"佐賀県","muni":"唐津市"}},{"type":"Feature","geometry":{"type":"Point","coordinates":[129.883152,33.565732]},"properties":{"id":"kofun_3c3a1306c6","name":"瓢塚","kana":"ひさごづか","pref":"佐賀県","muni":"唐津市"}},{"type":"Feature","geometry":{"type":"Point","coordinates":[129.975117,33.540694]},"properties":{"id":"kofun_b2dc7557bb","name":"鬼塚古墳群","kana":"おにづかこふんぐん","pref":"佐賀県","muni":"唐津市"}},{"type":"Feature","geometry":{"type":"Point","coordinates":[130.012562,33.433729]},"properties":{"id":"kofun_8d39b5535a","name":"島田塚","kana":"しまだづか","pref":"佐賀県","muni":"唐津市"}},{"type":"Feature","geometry":{"type":"Point","coordinates":[130.01036,33.425524]},"properties":{"id":"kofun_dcfd060774","name":"樋の口古墳","kana":"ひのくちこふん","pref":"佐賀県","muni":"唐津市"}},{"type":"Feature","geometry":{"type":"Point","coordinates":[129.986192,33.396657]},"properties":{"id":"kofun_518f68152d","name":"久里双水古墳","kana":"くりそうずいこふん","pref":"佐賀県","muni":"唐津市"}},{"type":"Feature","geometry":{"type":"Point","coordinates":[129.974818,33.425445]},"properties":{"id":"kofun_93a742ca4d","name":"権現山古墳","kana":"ごんげんやまこふん","pref":"佐賀県","muni":"唐津市"}},{"type":"Feature","geometry":{"type":"Point","coordinates":[129.862156,33.264201]},"properties":{"id":"kofun_f103c801b0","name":"杢路寺古墳","kana":"もくろじこふん","pref":"佐賀県","muni":"伊万里市"}},{"type":"Feature","geometry":{"type":"Point","coordinates":[129.853898,33.282925]},"properties":{"id":"kofun_9269b47d59","name":"夏崎古墳","kana":"なつざきこふん","pref":"佐賀県","muni":"伊万里市"}},{"type":"Feature","geometry":{"type":"Point","coordinates":[129.813794,33.322716]},"properties":{"id":"kofun_b8079e0bb6","name":"小島古墳","kana":"こじまこふん","pref":"佐賀県","muni":"伊万里市"}},{"type":"Feature","geometry":{"type":"Point","coordinates":[130.154426,33.226396]},"properties":{"id":"kofun_5aad45c594","name":"土元古墳群","kana":"つちもとこふんぐん","pref":"佐賀県","muni":"江北町"}},{"type":"Feature","geometry":{"type":"Point","coordinates":[130.118742,33.216856]},"properties":{"id":"kofun_a3f4d2a626","name":"道金塚","kana":"どうきんづか","pref":"佐賀県","muni":"大町町"}},{"type":"Feature","geometry":{"type":"Point","coordinates":[130.106867,33.21543]},"properties":{"id":"kofun_bf0ce54944","name":"大畑ヶ籠古墳群","kana":"おおはたがこもりこふんぐん","pref":"佐賀県","muni":"大町町"}},{"type":"Feature","geometry":{"type":"Point","coordinates":[130.083292,33.198284]},"properties":{"id":"kofun_b3f742c74a","name":"永池古墳","kana":"ながいけこふん","pref":"佐賀県","muni":"武雄市"}},{"type":"Feature","geometry":{"type":"Point","coordinates":[130.079039,33.19739]},"properties":{"id":"kofun_54456586a0","name":"勇猛寺古墳","kana":"ゆうもうじこふん","pref":"佐賀県","muni":"武雄市"}},{"type":"Feature","geometry":{"type":"Point","coordinates":[130.097994,33.188764]},"properties":{"id":"kofun_b06b75834e","name":"妻山古墳群","kana":"つまやまこふんぐん","pref":"佐賀県","muni":"白石町"}},{"type":"Feature","geometry":{"type":"Point","coordinates":[130.104588,33.181668]},"properties":{"id":"kofun_e0cfef1f24","name":"かぶと塚","kana":"かぶとづか","pref":"佐賀県","muni":"白石町"}},{"type":"Feature","geometry":{"type":"Point","coordinates":[130.122967,33.135958]},"properties":{"id":"kofun_11a375dd06","name":"竜王崎古墳群","kana":"りゆうおうざきこふんぐん","pref":"佐賀県","muni":"白石町"}},{"type":"Feature","geometry":{"type":"Point","coordinates":[130.036976,33.185939]},"properties":{"id":"kofun_af252f6236","name":"溝の上古墳群","kana":"みぞのうえこふんぐん","pref":"佐賀県","muni":"武雄市"}},{"type":"Feature","geometry":{"type":"Point","coordinates":[130.036976,33.185939]},"properties":{"id":"kofun_8aa39b8ca4","name":"白岩山古墳","kana":"しろいわやまこふん","pref":"佐賀県","muni":"武雄市"}},{"type":"Feature","geometry":{"type":"Point","coordinates":[130.036938,33.185976]},"properties":{"id":"kofun_dd8c73311f","name":"潮見古墳","kana":"しおみこふん","pref":"佐賀県","muni":"武雄市"}},{"type":"Feature","geometry":{"type":"Point","coordinates":[130.036938,33.185976]},"properties":{"id":"kofun_a37837b8f2","name":"玉島古墳","kana":"たましまこふん","pref":"佐賀県","muni":"武雄市"}},{"type":"Feature","geometry":{"type":"Point","coordinates":[130.027938,33.221578]},"properties":{"id":"kofun_79fe139a13","name":"丸山古墳","kana":"まるやまこふん","pref":"佐賀県","muni":"武雄市"}},{"type":"Feature","geometry":{"type":"Point","coordinates":[130.040238,33.127858]},"properties":{"id":"kofun_53165d539a","name":"獅子ヶ塔古墳群","kana":"ししがとうこふんぐん","pref":"佐賀県","muni":"嬉野市"}},{"type":"Feature","geometry":{"type":"Point","coordinates":[130.059941,33.139879]},"properties":{"id":"kofun_ad3b72b91f","name":"鬼塚","kana":"おにづか","pref":"佐賀県","muni":"嬉野市"}},{"type":"Feature","geometry":{"type":"Point","coordinates":[130.051933,33.138613]},"properties":{"id":"kofun_ca4a544c55","name":"牛坂古墳群","kana":"うしざかこふんぐん","pref":"佐賀県","muni":"嬉野市"}},{"type":"Feature","geometry":{"type":"Point","coordinates":[130.206285,32.965605]},"properties":{"id":"kofun_d865415c65","name":"田古里古墳","kana":"たごりこふん","pref":"佐賀県","muni":"太良町"}},{"type":"Feature","geometry":{"type":"Point","coordinates":[130.217532,32.960935]},"properties":{"id":"kofun_dfcfd669a0","name":"道越古墳","kana":"みちごしこふん","pref":"佐賀県","muni":"太良町"}},{"type":"Feature","geometry":{"type":"Point","coordinates":[130.098695,33.097966]},"properties":{"id":"kofun_6201782259","name":"鬼塚","kana":"おにづか","pref":"佐賀県","muni":"鹿島市"}},{"type":"Feature","geometry":{"type":"Point","coordinates":[130.093332,33.088996]},"properties":{"id":"kofun_3f271d22d7","name":"焔硝ぐら古墳","kana":"えんしようぐらこふん","pref":"佐賀県","muni":"鹿島市"}},{"type":"Feature","geometry":{"type":"Point","coordinates":[130.129914,33.057924]},"properties":{"id":"kofun_80decf2cfd","name":"五畝田古墳群","kana":"ごせだこふんぐん","pref":"佐賀県","muni":"鹿島市"}},{"type":"Feature","geometry":{"type":"Point","coordinates":[129.98771,32.752556]},"properties":{"id":"kofun_1cd0b6a88a","name":"曲崎古墳群","kana":"まがりざきこふんぐん","pref":"長崎県","muni":"長崎市"}},{"type":"Feature","geometry":{"type":"Point","coordinates":[129.806182,32.866999]},"properties":{"id":"kofun_bcc9d421f6","name":"前島古墳群","kana":"まえじまこふんぐん","pref":"長崎県","muni":"時津町"}},{"type":"Feature","geometry":{"type":"Point","coordinates":[129.920523,33.035521]},"properties":{"id":"kofun_3861f19f36","name":"ひさご塚古墳","kana":"ひさごつかこふん","pref":"長崎県","muni":"東彼杵町"}},{"type":"Feature","geometry":{"type":"Point","coordinates":[129.924364,33.045617]},"properties":{"id":"kofun_c5642b80f3","name":"彼杵川古墳群","kana":"そのぎがわこふんぐん","pref":"長崎県","muni":"東彼杵町"}},{"type":"Feature","geometry":{"type":"Point","coordinates":[129.950605,32.894843]},"properties":{"id":"kofun_426c801824","name":"玖島崎古墳群","kana":"くしまざきこふんぐん","pref":"長崎県","muni":"大村市"}},{"type":"Feature","geometry":{"type":"Point","coordinates":[129.956205,32.940834]},"properties":{"id":"kofun_f0810642b3","name":"鬼ノ穴古墳","kana":"おにのあなこふん","pref":"長崎県","muni":"大村市"}},{"type":"Feature","geometry":{"type":"Point","coordinates":[130.1408,32.909703]},"properties":{"id":"kofun_06ad8911bc","name":"善神さん古墳","kana":"ぜんじんさんこふん","pref":"長崎県","muni":"諫早市"}},{"type":"Feature","geometry":{"type":"Point","coordinates":[130.183858,32.914642]},"properties":{"id":"kofun_15e790d800","name":"長戸鬼塚古墳","kana":"ながどおにづかこふん","pref":"長崎県","muni":"諫早市"}},{"type":"Feature","geometry":{"type":"Point","coordinates":[130.16683,32.817956]},"properties":{"id":"kofun_02b125a5bd","name":"一本松古墳","kana":"いつぽんまつこふん","pref":"長崎県","muni":"雲仙市"}},{"type":"Feature","geometry":{"type":"Point","coordinates":[130.220787,32.857457]},"properties":{"id":"kofun_3f47c26a29","name":"柿ノ本古墳","kana":"かきのもとこふん","pref":"長崎県","muni":"雲仙市"}},{"type":"Feature","geometry":{"type":"Point","coordinates":[130.305194,32.857416]},"properties":{"id":"kofun_06ec82d62a","name":"高下古墳","kana":"こうげこふん","pref":"長崎県","muni":"雲仙市"}},{"type":"Feature","geometry":{"type":"Point","coordinates":[129.562724,33.486443]},"properties":{"id":"kofun_ebe7e01408","name":"岳ノ下二号墳","kana":"たけのしたにごうふん","pref":"長崎県","muni":"平戸市"}},{"type":"Feature","geometry":{"type":"Point","coordinates":[129.530412,33.492811]},"properties":{"id":"kofun_4904338063","name":"勝負田古墳","kana":"しようぶたこふん","pref":"長崎県","muni":"平戸市"}},{"type":"Feature","geometry":{"type":"Point","coordinates":[129.426901,33.371082]},"properties":{"id":"kofun_d3a8ea091f","name":"上骨棒古墳群","kana":"うわほねぼうこふんぐん","pref":"長崎県","muni":"平戸市"}},{"type":"Feature","geometry":{"type":"Point","coordinates":[129.818353,33.086871]},"properties":{"id":"kofun_671f94f5a9","name":"てぼ神古墳","kana":"てぼがみこふん","pref":"長崎県","muni":"佐世保市"}},{"type":"Feature","geometry":{"type":"Point","coordinates":[129.772982,33.093001]},"properties":{"id":"kofun_70c036aa2b","name":"松ヶ崎古墳","kana":"まつがさきこふん","pref":"長崎県","muni":"佐世保市"}},{"type":"Feature","geometry":{"type":"Point","coordinates":[129.664389,33.781133]},"properties":{"id":"kofun_aecc847fd1","name":"鬼屋窪古墳","kana":"おにやくぼこふん","pref":"長崎県","muni":"壱岐市"}},{"type":"Feature","geometry":{"type":"Point","coordinates":[129.750327,33.770051]},"properties":{"id":"kofun_b3e655a9ca","name":"大塚山古墳","kana":"おおつかやまこふん","pref":"長崎県","muni":"壱岐市"}},{"type":"Feature","geometry":{"type":"Point","coordinates":[129.71254,33.801105]},"properties":{"id":"kofun_301560a9f7","name":"鬼の窟古墳","kana":"おにのいわやこふん","pref":"長崎県","muni":"壱岐市"}},{"type":"Feature","geometry":{"type":"Point","coordinates":[129.703598,33.80313]},"properties":{"id":"kofun_20a83e1166","name":"笹塚古墳","kana":"ささづかこふん","pref":"長崎県","muni":"壱岐市"}},{"type":"Feature","geometry":{"type":"Point","coordinates":[129.703586,33.798756]},"properties":{"id":"kofun_07d58abd76","name":"双六古墳","kana":"そうろくこふん","pref":"長崎県","muni":"壱岐市"}},{"type":"Feature","geometry":{"type":"Point","coordinates":[129.306113,34.568748]},"properties":{"id":"kofun_a9179f03ac","name":"大将軍山古墳","kana":"だいじようぐやまこふん","pref":"長崎県","muni":"対馬市"}},{"type":"Feature","geometry":{"type":"Point","coordinates":[129.470871,34.659515]},"properties":{"id":"kofun_a92db1341e","name":"古里古墳","kana":"ふるさとこふん","pref":"長崎県","muni":"対馬市"}},{"type":"Feature","geometry":{"type":"Point","coordinates":[129.452795,34.637225]},"properties":{"id":"kofun_a4f79903cf","name":"朝日山古墳","kana":"あさひやまこふん","pref":"長崎県","muni":"対馬市"}},{"type":"Feature","geometry":{"type":"Point","coordinates":[129.307663,34.337126]},"properties":{"id":"kofun_250a569d85","name":"貝鮒崎古墳","kana":"かいふなさきこふん","pref":"長崎県","muni":"対馬市"}},{"type":"Feature","geometry":{"type":"Point","coordinates":[129.305056,34.429084]},"properties":{"id":"kofun_0b5d3b0a07","name":"蒙古塚古墳","kana":"もうこづかこふん","pref":"長崎県","muni":"対馬市"}},{"type":"Feature","geometry":{"type":"Point","coordinates":[129.315088,34.264829]},"properties":{"id":"kofun_3bed4f5afe","name":"出居塚古墳","kana":"でいづかこふん","pref":"長崎県","muni":"対馬市"}},{"type":"Feature","geometry":{"type":"Point","coordinates":[129.312853,34.268541]},"properties":{"id":"kofun_a55d47fce1","name":"根曾古墳群","kana":"ねそこふんぐん","pref":"長崎県","muni":"対馬市"}},{"type":"Feature","geometry":{"type":"Point","coordinates":[129.312853,34.268541]},"properties":{"id":"kofun_b2f087767d","name":"鬼の岩屋","kana":"おにのいわや","pref":"長崎県","muni":"対馬市"}},{"type":"Feature","geometry":{"type":"Point","coordinates":[129.185301,34.128167]},"properties":{"id":"kofun_f7c662d183","name":"保床山古墳","kana":"ほとこやまこふん","pref":"長崎県","muni":"対馬市"}},{"type":"Feature","geometry":{"type":"Point","coordinates":[129.202035,34.230452]},"properties":{"id":"kofun_efc35b8483","name":"矢立山古墳","kana":"やたてやまこふん","pref":"長崎県","muni":"対馬市"}},{"type":"Feature","geometry":{"type":"Point","coordinates":[130.5151,32.937965]},"properties":{"id":"kofun_02ac406e64","name":"院塚古墳","kana":"いんづかこふん","pref":"熊本県","muni":"玉名市"}},{"type":"Feature","geometry":{"type":"Point","coordinates":[130.599693,32.971501]},"properties":{"id":"kofun_af7ce76b6f","name":"江田船山古墳","kana":"えたふなやまこふん","pref":"熊本県","muni":"和水町"}},{"type":"Feature","geometry":{"type":"Point","coordinates":[130.605883,32.978133]},"properties":{"id":"kofun_b5816ac4ee","name":"若宮古墳","kana":"わかみやこふん","pref":"熊本県","muni":"和水町"}},{"type":"Feature","geometry":{"type":"Point","coordinates":[130.606141,32.976828]},"properties":{"id":"kofun_70753f0b09","name":"江田穴観音古墳","kana":"えたあなかんのんこふん","pref":"熊本県","muni":"和水町"}},{"type":"Feature","geometry":{"type":"Point","coordinates":[130.587094,32.874346]},"properties":{"id":"kofun_8525326668","name":"経塚古墳","kana":"きようづかこふん","pref":"熊本県","muni":"玉名市"}},{"type":"Feature","geometry":{"type":"Point","coordinates":[130.599841,32.943534]},"properties":{"id":"kofun_3763a1d904","name":"山下古墳","kana":"やましたこふん","pref":"熊本県","muni":"玉名市"}},{"type":"Feature","geometry":{"type":"Point","coordinates":[130.557212,32.928695]},"properties":{"id":"kofun_497e6cb8d2","name":"繁根木古墳","kana":"はねぎこふん","pref":"熊本県","muni":"玉名市"}},{"type":"Feature","geometry":{"type":"Point","coordinates":[130.577053,32.951601]},"properties":{"id":"kofun_2fbb5e2e69","name":"永安寺東古墳","kana":"えいあんじひがしこふん","pref":"熊本県","muni":"玉名市"}},{"type":"Feature","geometry":{"type":"Point","coordinates":[130.57507,32.950607]},"properties":{"id":"kofun_a921feb3a7","name":"永安寺西古墳","kana":"えいあんじにしこふん","pref":"熊本県","muni":"玉名市"}},{"type":"Feature","geometry":{"type":"Point","coordinates":[130.576273,32.94831]},"properties":{"id":"kofun_ae1d91109a","name":"馬出古墳","kana":"うまいでこふん","pref":"熊本県","muni":"玉名市"}},{"type":"Feature","geometry":{"type":"Point","coordinates":[130.570575,32.948497]},"properties":{"id":"kofun_a1204574f0","name":"大坊古墳","kana":"だいぼうこふん","pref":"熊本県","muni":"玉名市"}},{"type":"Feature","geometry":{"type":"Point","coordinates":[130.426503,33.002239]},"properties":{"id":"kofun_b7da26a278","name":"四ッ山古墳","kana":"よつやまこふん","pref":"熊本県","muni":"荒尾市"}},{"type":"Feature","geometry":{"type":"Point","coordinates":[130.465845,33.002836]},"properties":{"id":"kofun_0fedcda437","name":"三の宮古墳","kana":"さんのみやこふん","pref":"熊本県","muni":"荒尾市"}},{"type":"Feature","geometry":{"type":"Point","coordinates":[130.470773,32.99518]},"properties":{"id":"kofun_d8c0879a61","name":"別当塚古墳群","kana":"べつとうつかこふんぐん","pref":"熊本県","muni":"荒尾市"}},{"type":"Feature","geometry":{"type":"Point","coordinates":[130.758679,33.020501]},"properties":{"id":"kofun_a2b304ea4e","name":"朱塚古墳","kana":"しゆづかこふん","pref":"熊本県","muni":"山鹿市"}},{"type":"Feature","geometry":{"type":"Point","coordinates":[130.758161,33.010666]},"properties":{"id":"kofun_e45780ac55","name":"御霊塚古墳","kana":"ごりようづかこふん","pref":"熊本県","muni":"山鹿市"}},{"type":"Feature","geometry":{"type":"Point","coordinates":[130.753145,33.012923]},"properties":{"id":"kofun_8bf762d868","name":"津袋大塚古墳","kana":"つぶくろおおつかこふん","pref":"熊本県","muni":"山鹿市"}},{"type":"Feature","geometry":{"type":"Point","coordinates":[130.669425,32.996167]},"properties":{"id":"kofun_0b6bc9a87b","name":"岩原古墳","kana":"いわばるこふん","pref":"熊本県","muni":"山鹿市"}},{"type":"Feature","geometry":{"type":"Point","coordinates":[130.720514,32.904679]},"properties":{"id":"kofun_7d7244d57b","name":"石川山古墳群","kana":"いしかわやまこふんぐん","pref":"熊本県","muni":"熊本市 北区"}},{"type":"Feature","geometry":{"type":"Point","coordinates":[130.724728,32.924238]},"properties":{"id":"kofun_c607b9944d","name":"高熊古墳","kana":"たかぐまこふん","pref":"熊本県","muni":"熊本市 北区"}},{"type":"Feature","geometry":{"type":"Point","coordinates":[130.71459,32.914118]},"properties":{"id":"kofun_618b379bfe","name":"横山古墳","kana":"よこやまこふん","pref":"熊本県","muni":"熊本市 北区"}},{"type":"Feature","geometry":{"type":"Point","coordinates":[130.718421,32.95626]},"properties":{"id":"kofun_a1f290c20e","name":"慈恩寺経塚古墳","kana":"じおんじきようづかこふん","pref":"熊本県","muni":"熊本市 北区"}},{"type":"Feature","geometry":{"type":"Point","coordinates":[130.669522,33.029878]},"properties":{"id":"kofun_11a87fbc35","name":"チブサン古墳","kana":"ちぶさんこふん","pref":"熊本県","muni":"山鹿市"}},{"type":"Feature","geometry":{"type":"Point","coordinates":[130.667303,33.030831]},"properties":{"id":"kofun_dd2823e6f8","name":"オブサン古墳","kana":"おぶさんこふん","pref":"熊本県","muni":"山鹿市"}},{"type":"Feature","geometry":{"type":"Point","coordinates":[130.675366,33.038507]},"properties":{"id":"kofun_49fdb5b559","name":"馬塚古墳","kana":"うまづかこふん","pref":"熊本県","muni":"山鹿市"}},{"type":"Feature","geometry":{"type":"Point","coordinates":[130.68687,33.042022]},"properties":{"id":"kofun_c21dc815b9","name":"竜王山古墳","kana":"りゆうおうざんこふん","pref":"熊本県","muni":"山鹿市"}},{"type":"Feature","geometry":{"type":"Point","coordinates":[130.678526,33.022809]},"properties":{"id":"kofun_5beeca5a5d","name":"臼塚古墳","kana":"うすづかこふん","pref":"熊本県","muni":"山鹿市"}},{"type":"Feature","geometry":{"type":"Point","coordinates":[130.685884,33.026069]},"properties":{"id":"kofun_eb907d9cf3","name":"弁慶ヶ穴古墳","kana":"べんけいがあなこふん","pref":"熊本県","muni":"山鹿市"}},{"type":"Feature","geometry":{"type":"Point","coordinates":[130.722837,33.004383]},"properties":{"id":"kofun_d89f6ed2d1","name":"馬見塚古墳群","kana":"まみつかこふんぐん","pref":"熊本県","muni":"山鹿市"}},{"type":"Feature","geometry":{"type":"Point","coordinates":[130.749315,32.957469]},"properties":{"id":"kofun_d131d39ed0","name":"長明寺坂古墳群","kana":"ちようめんじざかこふんぐん","pref":"熊本県","muni":"菊池市"}},{"type":"Feature","geometry":{"type":"Point","coordinates":[130.761466,32.934466]},"properties":{"id":"kofun_41abf8eb1f","name":"久米若宮古墳","kana":"くめわかみやこふん","pref":"熊本県","muni":"菊池市"}},{"type":"Feature","geometry":{"type":"Point","coordinates":[130.746173,32.924615]},"properties":{"id":"kofun_228155b830","name":"黒松古墳群","kana":"くろまつこふんぐん","pref":"熊本県","muni":"合志市"}},{"type":"Feature","geometry":{"type":"Point","coordinates":[130.754326,32.924169]},"properties":{"id":"kofun_0298287cee","name":"石立石棺","kana":"こくりゆうせきかん","pref":"熊本県","muni":"合志市"}},{"type":"Feature","geometry":{"type":"Point","coordinates":[130.79612,32.991844]},"properties":{"id":"kofun_8c501beac0","name":"袈裟尾高塚古墳","kana":"けさおたかつかこふん","pref":"熊本県","muni":"菊池市"}},{"type":"Feature","geometry":{"type":"Point","coordinates":[131.123348,32.98839]},"properties":{"id":"kofun_521be62efe","name":"上御倉古墳","kana":"かみのおくらこふん","pref":"熊本県","muni":"阿蘇市"}},{"type":"Feature","geometry":{"type":"Point","coordinates":[131.123937,32.988312]},"properties":{"id":"kofun_053653d88f","name":"下御倉古墳","kana":"しものおくらこふん","pref":"熊本県","muni":"阿蘇市"}},{"type":"Feature","geometry":{"type":"Point","coordinates":[131.108979,32.967469]},"properties":{"id":"kofun_504247360c","name":"中通古墳群","kana":"なかどおりこふんぐん","pref":"熊本県","muni":"阿蘇市"}},{"type":"Feature","geometry":{"type":"Point","coordinates":[130.717758,32.853514]},"properties":{"id":"kofun_3f945d2bb3","name":"羽山塚古墳","kana":"はやまづかこふん","pref":"熊本県","muni":"熊本市 北区"}},{"type":"Feature","geometry":{"type":"Point","coordinates":[130.696633,32.839027]},"properties":{"id":"kofun_7f17bb703b","name":"釜尾古墳","kana":"かまおこふん","pref":"熊本県","muni":"熊本市 北区"}},{"type":"Feature","geometry":{"type":"Point","coordinates":[130.716638,32.829247]},"properties":{"id":"kofun_92fcf40a2d","name":"稲荷山古墳","kana":"いなりやまこふん","pref":"熊本県","muni":"熊本市 北区"}},{"type":"Feature","geometry":{"type":"Point","coordinates":[130.700545,32.831032]},"properties":{"id":"kofun_13729b729e","name":"富ノ尾古墳","kana":"とみのおこふん","pref":"熊本県","muni":"熊本市 西区"}},{"type":"Feature","geometry":{"type":"Point","coordinates":[130.630712,32.784499]},"properties":{"id":"kofun_c470318aad","name":"千金甲古墳群","kana":"せごんこうこふんぐん","pref":"熊本県","muni":"熊本市 西区"}},{"type":"Feature","geometry":{"type":"Point","coordinates":[130.636585,32.783384]},"properties":{"id":"kofun_13d9329334","name":"楢崎山古墳群","kana":"ならさきやまこふんぐん","pref":"熊本県","muni":"熊本市 西区"}},{"type":"Feature","geometry":{"type":"Point","coordinates":[130.684797,32.791148]},"properties":{"id":"kofun_dcc07eb36a","name":"万日山古墳","kana":"まんにちやまこふん","pref":"熊本県","muni":"熊本市 西区"}},{"type":"Feature","geometry":{"type":"Point","coordinates":[130.777876,32.753118]},"properties":{"id":"kofun_040ab09c86","name":"井寺古墳","kana":"いてらこふん","pref":"熊本県","muni":"嘉島町"}},{"type":"Feature","geometry":{"type":"Point","coordinates":[130.78749,32.71829]},"properties":{"id":"kofun_1c8972c820","name":"今城大塚古墳","kana":"いまじようおおつかこふん","pref":"熊本県","muni":"御船町"}},{"type":"Feature","geometry":{"type":"Point","coordinates":[130.736806,32.689501]},"properties":{"id":"kofun_1573aafc9f","name":"塚原古墳群","kana":"つかわらこふんぐん","pref":"熊本県","muni":"熊本市 南区"}},{"type":"Feature","geometry":{"type":"Point","coordinates":[130.6776,32.657086]},"properties":{"id":"kofun_40bc9361b8","name":"宇賀岳古墳","kana":"うがだけこふん","pref":"熊本県","muni":"宇城市"}},{"type":"Feature","geometry":{"type":"Point","coordinates":[130.67909,32.652665]},"properties":{"id":"kofun_543757a8f7","name":"松橋大塚古墳","kana":"まつばせおおつかこふん","pref":"熊本県","muni":"宇城市"}},{"type":"Feature","geometry":{"type":"Point","coordinates":[130.709712,32.622661]},"properties":{"id":"kofun_2ea0789150","name":"年の神古墳","kana":"としのかみこふん","pref":"熊本県","muni":"宇城市"}},{"type":"Feature","geometry":{"type":"Point","coordinates":[130.794384,32.627588]},"properties":{"id":"kofun_d0f12eb376","name":"中郡古墳","kana":"なかごおりこふん","pref":"熊本県","muni":"美里町"}},{"type":"Feature","geometry":{"type":"Point","coordinates":[130.64941,32.642105]},"properties":{"id":"kofun_edf96474ab","name":"弁天山古墳","kana":"べんてんやまこふん","pref":"熊本県","muni":"宇城市"}},{"type":"Feature","geometry":{"type":"Point","coordinates":[130.629608,32.647218]},"properties":{"id":"kofun_3a3c5c2319","name":"鴨籠古墳","kana":"かもここふん","pref":"熊本県","muni":"宇城市"}},{"type":"Feature","geometry":{"type":"Point","coordinates":[130.645101,32.645043]},"properties":{"id":"kofun_cf3095e438","name":"国越古墳","kana":"くにごしこふん","pref":"熊本県","muni":"宇城市"}},{"type":"Feature","geometry":{"type":"Point","coordinates":[130.634641,32.637953]},"properties":{"id":"kofun_1fb4a1c788","name":"桂原古墳","kana":"かずわらこふん","pref":"熊本県","muni":"宇城市"}},{"type":"Feature","geometry":{"type":"Point","coordinates":[130.493282,32.649227]},"properties":{"id":"kofun_077218a1f8","name":"小田良古墳","kana":"おだらこふん","pref":"熊本県","muni":"宇城市"}},{"type":"Feature","geometry":{"type":"Point","coordinates":[130.49745,32.632536]},"properties":{"id":"kofun_b9244b8df4","name":"平松古墳群","kana":"ひらまつこふんぐん","pref":"熊本県","muni":"宇城市"}},{"type":"Feature","geometry":{"type":"Point","coordinates":[130.641031,32.669875]},"properties":{"id":"kofun_af907f26dc","name":"スリバチ山古墳","kana":"すりばちやまこふん","pref":"熊本県","muni":"宇土市"}},{"type":"Feature","geometry":{"type":"Point","coordinates":[130.67374,32.663221]},"properties":{"id":"kofun_55f354ee5c","name":"向野田古墳","kana":"むこうのだこふん","pref":"熊本県","muni":"宇土市"}},{"type":"Feature","geometry":{"type":"Point","coordinates":[130.692181,32.677988]},"properties":{"id":"kofun_d2e3d745c3","name":"楢崎古墳","kana":"ならざきこふん","pref":"熊本県","muni":"宇土市"}},{"type":"Feature","geometry":{"type":"Point","coordinates":[130.633416,32.684629]},"properties":{"id":"kofun_3f0912ef17","name":"仮又古墳","kana":"かりまたこふん","pref":"熊本県","muni":"宇土市"}},{"type":"Feature","geometry":{"type":"Point","coordinates":[130.631765,32.691769]},"properties":{"id":"kofun_d4eadbcb80","name":"天神山古墳","kana":"てんじんやまこふん","pref":"熊本県","muni":"宇土市"}},{"type":"Feature","geometry":{"type":"Point","coordinates":[130.694644,32.576711]},"properties":{"id":"kofun_47e426b013","name":"竜北高塚古墳","kana":"りゆうほくたかつかこふん","pref":"熊本県","muni":"氷川町"}},{"type":"Feature","geometry":{"type":"Point","coordinates":[130.701638,32.572293]},"properties":{"id":"kofun_2231b7a132","name":"大野窟古墳","kana":"おおのいわやこふん","pref":"熊本県","muni":"氷川町"}},{"type":"Feature","geometry":{"type":"Point","coordinates":[130.682895,32.572212]},"properties":{"id":"kofun_815ab1ba7f","name":"野津古墳群","kana":"のづこふんぐん","pref":"熊本県","muni":"氷川町"}},{"type":"Feature","geometry":{"type":"Point","coordinates":[130.67909,32.556009]},"properties":{"id":"kofun_54a0223f08","name":"大王山古墳群","kana":"だいおうざんこふんぐん","pref":"熊本県","muni":"氷川町"}},{"type":"Feature","geometry":{"type":"Point","coordinates":[130.65372,32.50691]},"properties":{"id":"kofun_81141ebe6a","name":"茶臼山古墳","kana":"ちやうすやまこふん","pref":"熊本県","muni":"八代市"}},{"type":"Feature","geometry":{"type":"Point","coordinates":[130.644529,32.508176]},"properties":{"id":"kofun_9f31f4a801","name":"八代大塚古墳","kana":"やつしろおおつかこふん","pref":"熊本県","muni":"八代市"}},{"type":"Feature","geometry":{"type":"Point","coordinates":[130.668943,32.529298]},"properties":{"id":"kofun_2fed0120c4","name":"境古墳群","kana":"さかいこふんぐん","pref":"熊本県","muni":"八代市"}},{"type":"Feature","geometry":{"type":"Point","coordinates":[130.668943,32.529298]},"properties":{"id":"kofun_b2000abe9e","name":"門前古墳群","kana":"もんぜんこふんぐん","pref":"熊本県","muni":"八代市"}},{"type":"Feature","geometry":{"type":"Point","coordinates":[130.601677,32.452761]},"properties":{"id":"kofun_d5f7ca35c4","name":"五反田古墳","kana":"ごたんだこふん","pref":"熊本県","muni":"八代市"}},{"type":"Feature","geometry":{"type":"Point","coordinates":[130.570858,32.479177]},"properties":{"id":"kofun_b5d04dcb5e","name":"大鼠蔵山古墳群","kana":"おおそぞうやまこふんぐん","pref":"熊本県","muni":"八代市"}},{"type":"Feature","geometry":{"type":"Point","coordinates":[130.601677,32.443312]},"properties":{"id":"kofun_5f882b94d3","name":"長迫古墳","kana":"ながさここふん","pref":"熊本県","muni":"八代市"}},{"type":"Feature","geometry":{"type":"Point","coordinates":[130.601677,32.443312]},"properties":{"id":"kofun_f3ef004194","name":"塩釜古墳群","kana":"しおがまこふんぐん","pref":"熊本県","muni":"八代市"}},{"type":"Feature","geometry":{"type":"Point","coordinates":[130.597867,32.434158]},"properties":{"id":"kofun_4e97d066b2","name":"田川内古墳","kana":"たのこうちこふん","pref":"熊本県","muni":"八代市"}},{"type":"Feature","geometry":{"type":"Point","coordinates":[131.060325,32.319101]},"properties":{"id":"kofun_30fac53e7a","name":"湯山千人塚古墳群","kana":"ゆやませんにんづかこふんぐん","pref":"熊本県","muni":"水上村"}},{"type":"Feature","geometry":{"type":"Point","coordinates":[130.968784,32.349577]},"properties":{"id":"kofun_b835de2b97","name":"諏訪原古墳群","kana":"すわのはるこふんぐん","pref":"熊本県","muni":"水上村"}},{"type":"Feature","geometry":{"type":"Point","coordinates":[130.956026,32.271291]},"properties":{"id":"kofun_3cef8134d6","name":"赤坂古墳","kana":"あかさかこふん","pref":"熊本県","muni":"多良木町"}},{"type":"Feature","geometry":{"type":"Point","coordinates":[130.870173,32.229609]},"properties":{"id":"kofun_7464154eac","name":"才園古墳群","kana":"さいぞんこふんぐん","pref":"熊本県","muni":"あさぎり町"}},{"type":"Feature","geometry":{"type":"Point","coordinates":[130.903336,32.248062]},"properties":{"id":"kofun_5de6b784ec","name":"鬼の釜古墳","kana":"おにのかまこふん","pref":"熊本県","muni":"あさぎり町"}},{"type":"Feature","geometry":{"type":"Point","coordinates":[130.82234,32.191895]},"properties":{"id":"kofun_92356b8a03","name":"亀塚古墳群","kana":"かめつかこふんぐん","pref":"熊本県","muni":"錦町"}},{"type":"Feature","geometry":{"type":"Point","coordinates":[130.436353,32.59951]},"properties":{"id":"kofun_42bd22bab1","name":"成合津古墳群","kana":"なろうづこふんぐん","pref":"熊本県","muni":"上天草市"}},{"type":"Feature","geometry":{"type":"Point","coordinates":[130.466909,32.568784]},"properties":{"id":"kofun_c07a19e17a","name":"広浦古墳","kana":"ひろうらこふん","pref":"熊本県","muni":"上天草市"}},{"type":"Feature","geometry":{"type":"Point","coordinates":[130.47292,32.584133]},"properties":{"id":"kofun_c2a8524571","name":"千崎古墳群","kana":"せんざきこふんぐん","pref":"熊本県","muni":"上天草市"}},{"type":"Feature","geometry":{"type":"Point","coordinates":[130.447587,32.553641]},"properties":{"id":"kofun_b76892cc26","name":"長砂連古墳","kana":"ながされこふん","pref":"熊本県","muni":"上天草市"}},{"type":"Feature","geometry":{"type":"Point","coordinates":[130.458406,32.525378]},"properties":{"id":"kofun_d624015e12","name":"大戸鼻古墳群","kana":"おおとばなこふんぐん","pref":"熊本県","muni":"上天草市"}},{"type":"Feature","geometry":{"type":"Point","coordinates":[130.43997,32.5268]},"properties":{"id":"kofun_45bb279737","name":"阿村鬼塚古墳群","kana":"あむらおにつかこふんぐん","pref":"熊本県","muni":"上天草市"}},{"type":"Feature","geometry":{"type":"Point","coordinates":[130.417247,32.541888]},"properties":{"id":"kofun_407787ba5e","name":"カミノハナ古墳群","kana":"かみのはなこふんぐん","pref":"熊本県","muni":"上天草市"}},{"type":"Feature","geometry":{"type":"Point","coordinates":[130.361163,32.520439]},"properties":{"id":"kofun_faf3b1afa4","name":"大浦古墳群","kana":"おおうらこふんぐん","pref":"熊本県","muni":"天草市"}},{"type":"Feature","geometry":{"type":"Point","coordinates":[130.28644,32.40413]},"properties":{"id":"kofun_7bce82df1a","name":"沖ノ瀬古墳群","kana":"おきのせこふんぐん","pref":"熊本県","muni":"天草市"}},{"type":"Feature","geometry":{"type":"Point","coordinates":[130.050223,32.304232]},"properties":{"id":"kofun_f30864cd5d","name":"鬼塚古墳","kana":"おにづかこふん","pref":"熊本県","muni":"天草市"}},{"type":"Feature","geometry":{"type":"Point","coordinates":[131.517526,33.201616]},"properties":{"id":"kofun_4d6f2aa48e","name":"臼木古墳群","kana":"うすぎこふんぐん","pref":"大分県","muni":"由布市"}},{"type":"Feature","geometry":{"type":"Point","coordinates":[131.239022,33.555839]},"properties":{"id":"kofun_2f19df12c4","name":"城山古墳群","kana":"しろやまこふんぐん","pref":"大分県","muni":"中津市"}},{"type":"Feature","geometry":{"type":"Point","coordinates":[131.356173,33.544226]},"properties":{"id":"kofun_580858d509","name":"川部・高森古墳群","kana":"かわべ・たかもりこふんぐん","pref":"大分県","muni":"宇佐市"}},{"type":"Feature","geometry":{"type":"Point","coordinates":[131.336143,33.540643]},"properties":{"id":"kofun_ee42623efe","name":"葛原古墳","kana":"くずわらこふん","pref":"大分県","muni":"宇佐市"}},{"type":"Feature","geometry":{"type":"Point","coordinates":[131.303441,33.533627]},"properties":{"id":"kofun_3dc9bd6811","name":"久々姥古墳","kana":"くうばこふん","pref":"大分県","muni":"宇佐市"}},{"type":"Feature","geometry":{"type":"Point","coordinates":[131.518775,33.664163]},"properties":{"id":"kofun_1f9f30afdc","name":"善根津古墳群","kana":"ぜんねつこふんぐん","pref":"大分県","muni":"豊後高田市"}},{"type":"Feature","geometry":{"type":"Point","coordinates":[131.459278,33.597495]},"properties":{"id":"kofun_089f42f9f6","name":"野内古墳","kana":"のうちこふん","pref":"大分県","muni":"豊後高田市"}},{"type":"Feature","geometry":{"type":"Point","coordinates":[131.465669,33.600962]},"properties":{"id":"kofun_f73b0a7567","name":"大塚古墳","kana":"おおつかこふん","pref":"大分県","muni":"豊後高田市"}},{"type":"Feature","geometry":{"type":"Point","coordinates":[131.361112,33.15893]},"properties":{"id":"kofun_804534ccd9","name":"灰土山古墳","kana":"はいつちやまこふん","pref":"大分県","muni":"由布市"}},{"type":"Feature","geometry":{"type":"Point","coordinates":[131.440625,33.569108]},"properties":{"id":"kofun_4e70e0c9ae","name":"志手金比羅古墳","kana":"してこんぴらこふん","pref":"大分県","muni":"豊後高田市"}},{"type":"Feature","geometry":{"type":"Point","coordinates":[131.449066,33.575644]},"properties":{"id":"kofun_e3813d0a19","name":"入津原丸山古墳","kana":"にゆうづばるまるやまこふん","pref":"大分県","muni":"豊後高田市"}},{"type":"Feature","geometry":{"type":"Point","coordinates":[131.450635,33.567355]},"properties":{"id":"kofun_9bd7876cc6","name":"イド山古墳群","kana":"いどやまこふんぐん","pref":"大分県","muni":"豊後高田市"}},{"type":"Feature","geometry":{"type":"Point","coordinates":[131.588704,33.672607]},"properties":{"id":"kofun_f5dc56dfa1","name":"西山古墳群","kana":"にしやまこふんぐん","pref":"大分県","muni":"国東市"}},{"type":"Feature","geometry":{"type":"Point","coordinates":[131.718334,33.577789]},"properties":{"id":"kofun_66bc5f400b","name":"番所鼻古墳群","kana":"ばんしよがはなこふんぐん","pref":"大分県","muni":"国東市"}},{"type":"Feature","geometry":{"type":"Point","coordinates":[131.74188,33.54126]},"properties":{"id":"kofun_5cebf10259","name":"黒津崎古墳群","kana":"くろつざきこふんぐん","pref":"大分県","muni":"国東市"}},{"type":"Feature","geometry":{"type":"Point","coordinates":[131.717447,33.595215]},"properties":{"id":"kofun_8dee1f063e","name":"狐塚古墳","kana":"きつねづかこふん","pref":"大分県","muni":"国東市"}},{"type":"Feature","geometry":{"type":"Point","coordinates":[131.733701,33.48486]},"properties":{"id":"kofun_3ebb8c3ee2","name":"行者原古墳群","kana":"ぎようじやばるこふんぐん","pref":"大分県","muni":"国東市"}},{"type":"Feature","geometry":{"type":"Point","coordinates":[131.717627,33.464153]},"properties":{"id":"kofun_32d5a94aa0","name":"下原古墳","kana":"しもばるこふん","pref":"大分県","muni":"国東市"}},{"type":"Feature","geometry":{"type":"Point","coordinates":[131.708374,33.470773]},"properties":{"id":"kofun_8b35bd35b3","name":"築山古墳","kana":"つきやまこふん","pref":"大分県","muni":"国東市"}},{"type":"Feature","geometry":{"type":"Point","coordinates":[131.720488,33.45353]},"properties":{"id":"kofun_cc7eeaafce","name":"塚山古墳","kana":"つかやまこふん","pref":"大分県","muni":"国東市"}},{"type":"Feature","geometry":{"type":"Point","coordinates":[131.590097,33.420916]},"properties":{"id":"kofun_ccd562f167","name":"七双子古墳群","kana":"ななぞうしこふんぐん","pref":"大分県","muni":"杵築市"}},{"type":"Feature","geometry":{"type":"Point","coordinates":[131.591097,33.417188]},"properties":{"id":"kofun_0a96efc3cf","name":"重光古墳","kana":"しげみつこふん","pref":"大分県","muni":"杵築市"}},{"type":"Feature","geometry":{"type":"Point","coordinates":[131.700107,33.412461]},"properties":{"id":"kofun_4b2403e00d","name":"小熊山古墳","kana":"こぐまやまこふん","pref":"大分県","muni":"杵築市"}},{"type":"Feature","geometry":{"type":"Point","coordinates":[131.698063,33.40743]},"properties":{"id":"kofun_478d1b414d","name":"御塔山古墳","kana":"おとうやまこふん","pref":"大分県","muni":"杵築市"}},{"type":"Feature","geometry":{"type":"Point","coordinates":[131.488509,33.305935]},"properties":{"id":"kofun_9e6adbbf35","name":"太郎塚古墳","kana":"たろうづかこふん","pref":"大分県","muni":"別府市"}},{"type":"Feature","geometry":{"type":"Point","coordinates":[131.617292,33.22312]},"properties":{"id":"kofun_7996867c7f","name":"大臣塚古墳","kana":"だいじんづかこふん","pref":"大分県","muni":"大分市"}},{"type":"Feature","geometry":{"type":"Point","coordinates":[131.588083,33.226671]},"properties":{"id":"kofun_eb71067342","name":"古宮古墳","kana":"ふるみやこふん","pref":"大分県","muni":"大分市"}},{"type":"Feature","geometry":{"type":"Point","coordinates":[131.566193,33.18439]},"properties":{"id":"kofun_06441fc32a","name":"御陵古墳","kana":"ごりようこふん","pref":"大分県","muni":"大分市"}},{"type":"Feature","geometry":{"type":"Point","coordinates":[131.574606,33.190309]},"properties":{"id":"kofun_333c650ef9","name":"世利門古墳","kana":"せりもんこふん","pref":"大分県","muni":"大分市"}},{"type":"Feature","geometry":{"type":"Point","coordinates":[131.567838,33.216963]},"properties":{"id":"kofun_c6fb4f1302","name":"丑殿古墳","kana":"うしどのこふん","pref":"大分県","muni":"大分市"}},{"type":"Feature","geometry":{"type":"Point","coordinates":[131.569324,33.220425]},"properties":{"id":"kofun_ff7c6809d0","name":"蓬莱山古墳","kana":"ほうらいさんこふん","pref":"大分県","muni":"大分市"}},{"type":"Feature","geometry":{"type":"Point","coordinates":[131.543246,33.220308]},"properties":{"id":"kofun_a26ad087fe","name":"千代丸古墳","kana":"ちよまるこふん","pref":"大分県","muni":"大分市"}},{"type":"Feature","geometry":{"type":"Point","coordinates":[131.739769,33.233531]},"properties":{"id":"kofun_ad7023c6a1","name":"亀塚古墳","kana":"かめづかこふん","pref":"大分県","muni":"大分市"}},{"type":"Feature","geometry":{"type":"Point","coordinates":[131.708374,33.215721]},"properties":{"id":"kofun_975841c54c","name":"野間古墳群","kana":"のまこふんぐん","pref":"大分県","muni":"大分市"}},{"type":"Feature","geometry":{"type":"Point","coordinates":[131.801225,33.238889]},"properties":{"id":"kofun_959fbcceb9","name":"築山古墳","kana":"つきやまこふん","pref":"大分県","muni":"大分市"}},{"type":"Feature","geometry":{"type":"Point","coordinates":[131.892352,33.25625]},"properties":{"id":"kofun_3ba0aacae6","name":"中ノ原古墳","kana":"なかのはるこふん","pref":"大分県","muni":"大分市"}},{"type":"Feature","geometry":{"type":"Point","coordinates":[131.892352,33.25625]},"properties":{"id":"kofun_20ba2abde1","name":"猫塚古墳","kana":"ねこづかこふん","pref":"大分県","muni":"大分市"}},{"type":"Feature","geometry":{"type":"Point","coordinates":[131.892352,33.25625]},"properties":{"id":"kofun_9956dee0a1","name":"馬場古墳","kana":"ばばこふん","pref":"大分県","muni":"大分市"}},{"type":"Feature","geometry":{"type":"Point","coordinates":[131.792608,33.132652]},"properties":{"id":"kofun_60bc40fac6","name":"下山古墳","kana":"しもやまこふん","pref":"大分県","muni":"臼杵市"}},{"type":"Feature","geometry":{"type":"Point","coordinates":[131.786303,33.143511]},"properties":{"id":"kofun_5a142441ea","name":"臼塚古墳","kana":"うすづかこふん","pref":"大分県","muni":"臼杵市"}},{"type":"Feature","geometry":{"type":"Point","coordinates":[131.907862,32.957084]},"properties":{"id":"kofun_8dd277c415","name":"宝剣山古墳","kana":"ほうけんさんこふん","pref":"大分県","muni":"佐伯市"}},{"type":"Feature","geometry":{"type":"Point","coordinates":[131.599967,32.982842]},"properties":{"id":"kofun_17a03d7c10","name":"道ノ上古墳","kana":"みちのうえこふん","pref":"大分県","muni":"豊後大野市"}},{"type":"Feature","geometry":{"type":"Point","coordinates":[131.579075,32.968285]},"properties":{"id":"kofun_7e052f4e80","name":"秋葉鬼塚古墳","kana":"あきばおにづかこふん","pref":"大分県","muni":"豊後大野市"}},{"type":"Feature","geometry":{"type":"Point","coordinates":[131.589004,32.978668]},"properties":{"id":"kofun_4f093d2411","name":"重政古墳","kana":"しげまさこふん","pref":"大分県","muni":"豊後大野市"}},{"type":"Feature","geometry":{"type":"Point","coordinates":[131.626128,32.981859]},"properties":{"id":"kofun_473160a790","name":"大塚古墳","kana":"おおつかこふん","pref":"大分県","muni":"豊後大野市"}},{"type":"Feature","geometry":{"type":"Point","coordinates":[131.588914,33.006721]},"properties":{"id":"kofun_52333b0215","name":"立野古墳","kana":"たてのこふん","pref":"大分県","muni":"豊後大野市"}},{"type":"Feature","geometry":{"type":"Point","coordinates":[131.474966,33.03024]},"properties":{"id":"kofun_c0ba2bc5f2","name":"坊ノ原古墳","kana":"ぼうのはるこふん","pref":"大分県","muni":"豊後大野市"}},{"type":"Feature","geometry":{"type":"Point","coordinates":[131.290896,33.084573]},"properties":{"id":"kofun_22c6523052","name":"湯ノ上古墳","kana":"ゆのうえこふん","pref":"大分県","muni":"竹田市"}},{"type":"Feature","geometry":{"type":"Point","coordinates":[131.309999,32.952108]},"properties":{"id":"kofun_463d9d2d3f","name":"七ッ森古墳群","kana":"ななつもりこふんぐん","pref":"大分県","muni":"竹田市"}},{"type":"Feature","geometry":{"type":"Point","coordinates":[131.379905,32.954272]},"properties":{"id":"kofun_f2c4890d62","name":"扇森山横穴","kana":"おうぎもりやまよこあな","pref":"大分県","muni":"竹田市"}},{"type":"Feature","geometry":{"type":"Point","coordinates":[131.165529,33.293164]},"properties":{"id":"kofun_beef47076e","name":"鬼ヶ城古墳","kana":"おにがじようこふん","pref":"大分県","muni":"玖珠町"}},{"type":"Feature","geometry":{"type":"Point","coordinates":[131.152864,33.283957]},"properties":{"id":"kofun_c15ef37bf7","name":"瀬戸古墳群","kana":"せとこふんぐん","pref":"大分県","muni":"玖珠町"}},{"type":"Feature","geometry":{"type":"Point","coordinates":[131.162872,33.260222]},"properties":{"id":"kofun_0791753b3e","name":"亀都起古墳","kana":"きつきこふん","pref":"大分県","muni":"玖珠町"}},{"type":"Feature","geometry":{"type":"Point","coordinates":[131.145167,33.269046]},"properties":{"id":"kofun_e3a0a44f9a","name":"将軍塚古墳","kana":"しようぐんづかこふん","pref":"大分県","muni":"玖珠町"}},{"type":"Feature","geometry":{"type":"Point","coordinates":[131.122893,33.272861]},"properties":{"id":"kofun_4b2782bf0c","name":"鬼塚古墳","kana":"おにづかこふん","pref":"大分県","muni":"玖珠町"}},{"type":"Feature","geometry":{"type":"Point","coordinates":[131.004104,33.232017]},"properties":{"id":"kofun_0cdd134131","name":"宇土古墳群","kana":"うどこふんぐん","pref":"大分県","muni":"日田市"}},{"type":"Feature","geometry":{"type":"Point","coordinates":[130.946964,33.319773]},"properties":{"id":"kofun_1e60c07665","name":"薬師堂山古墳","kana":"やくしどうやまこふん","pref":"大分県","muni":"日田市"}},{"type":"Feature","geometry":{"type":"Point","coordinates":[130.949853,33.310884]},"properties":{"id":"kofun_0351fcbf50","name":"法恩寺山古墳群","kana":"ほうおんじやまこふんぐん","pref":"大分県","muni":"日田市"}},{"type":"Feature","geometry":{"type":"Point","coordinates":[130.93397,33.30828]},"properties":{"id":"kofun_3cfc29d696","name":"姫塚古墳","kana":"ひめづかこふん","pref":"大分県","muni":"日田市"}},{"type":"Feature","geometry":{"type":"Point","coordinates":[130.939695,33.301069]},"properties":{"id":"kofun_19f625c4a6","name":"惣田塚古墳","kana":"そうだづかこふん","pref":"大分県","muni":"日田市"}},{"type":"Feature","geometry":{"type":"Point","coordinates":[130.906131,33.326443]},"properties":{"id":"kofun_4af5e2e226","name":"三郎丸古墳","kana":"さぶろうまるこふん","pref":"大分県","muni":"日田市"}},{"type":"Feature","geometry":{"type":"Point","coordinates":[130.919054,33.339211]},"properties":{"id":"kofun_08f1f1e1ff","name":"天満I号古墳・天満II号古墳","kana":"てんまんIごうこふん・てんまんIIごうこふん","pref":"大分県","muni":"日田市"}},{"type":"Feature","geometry":{"type":"Point","coordinates":[130.905657,33.343666]},"properties":{"id":"kofun_2a247d9d30","name":"小迫古墳・小迫横穴墓群","kana":"おざここふん・おざこおうけつぼぐん","pref":"大分県","muni":"日田市"}},{"type":"Feature","geometry":{"type":"Point","coordinates":[130.981003,33.331926]},"properties":{"id":"kofun_85e5648175","name":"城山古墳","kana":"しろやまこふん","pref":"大分県","muni":"日田市"}},{"type":"Feature","geometry":{"type":"Point","coordinates":[130.905648,33.313941]},"properties":{"id":"kofun_556335003e","name":"ガランドヤ一号・二号・三号古墳","kana":"がらんどやいちごう・にごう・さんごうこふん","pref":"大分県","muni":"日田市"}},{"type":"Feature","geometry":{"type":"Point","coordinates":[130.915091,33.310369]},"properties":{"id":"kofun_aeae3dec58","name":"護願寺古墳群","kana":"ごがんじこふんぐん","pref":"大分県","muni":"日田市"}},{"type":"Feature","geometry":{"type":"Point","coordinates":[130.904822,33.307958]},"properties":{"id":"kofun_9d4a72c891","name":"穴観音古墳","kana":"あなかんのんこふん","pref":"大分県","muni":"日田市"}},{"type":"Feature","geometry":{"type":"Point","coordinates":[130.790586,32.05202]},"properties":{"id":"kofun_0f4c726b80","name":"鳥ノ巣古墳","kana":"とりのすこふん","pref":"宮崎県","muni":"えびの市"}},{"type":"Feature","geometry":{"type":"Point","coordinates":[131.631001,32.572347]},"properties":{"id":"kofun_3d679effda","name":"南方古墳群","kana":"みなみかたこふんぐん","pref":"宮崎県","muni":"延岡市"}},{"type":"Feature","geometry":{"type":"Point","coordinates":[131.678195,32.602321]},"properties":{"id":"kofun_8b4da210d8","name":"樫山古墳群","kana":"かしやまこふんぐん","pref":"宮崎県","muni":"延岡市"}},{"type":"Feature","geometry":{"type":"Point","coordinates":[131.596191,32.443147]},"properties":{"id":"kofun_00e809c21a","name":"富高古墳群","kana":"とみたかこふんぐん","pref":"宮崎県","muni":"日向市"}},{"type":"Feature","geometry":{"type":"Point","coordinates":[131.649506,32.413809]},"properties":{"id":"kofun_dfa3c23d06","name":"伊勢ヶ浜古墳群","kana":"いせがはまこふんぐん","pref":"宮崎県","muni":"日向市"}},{"type":"Feature","geometry":{"type":"Point","coordinates":[131.571768,32.248838]},"properties":{"id":"kofun_00349ffa4a","name":"都農古墳群","kana":"つのこふんぐん","pref":"宮崎県","muni":"都農町"}},{"type":"Feature","geometry":{"type":"Point","coordinates":[131.492397,32.168815]},"properties":{"id":"kofun_00f8e21b72","name":"川南古墳群","kana":"かわみなみこふんぐん","pref":"宮崎県","muni":"川南町"}},{"type":"Feature","geometry":{"type":"Point","coordinates":[131.520433,32.150103]},"properties":{"id":"kofun_6aad4db505","name":"持田古墳群","kana":"もちだこふんぐん","pref":"宮崎県","muni":"高鍋町"}},{"type":"Feature","geometry":{"type":"Point","coordinates":[131.482953,32.067512]},"properties":{"id":"kofun_1a16163caf","name":"下屋敷古墳","kana":"しもやしきこふん","pref":"宮崎県","muni":"新富町"}},{"type":"Feature","geometry":{"type":"Point","coordinates":[131.427257,32.102372]},"properties":{"id":"kofun_2c1ab7a193","name":"新田原古墳群","kana":"にゆうたばるこふんぐん","pref":"宮崎県","muni":"新富町"}},{"type":"Feature","geometry":{"type":"Point","coordinates":[131.450226,32.172363]},"properties":{"id":"kofun_903162ebab","name":"山塚原古墳群","kana":"やまつかばるこふんぐん","pref":"宮崎県","muni":"木城町"}},{"type":"Feature","geometry":{"type":"Point","coordinates":[131.470162,32.167871]},"properties":{"id":"kofun_349399b52a","name":"永山古墳","kana":"ながやまこふん","pref":"宮崎県","muni":"木城町"}},{"type":"Feature","geometry":{"type":"Point","coordinates":[131.426234,32.135948]},"properties":{"id":"kofun_61768d5114","name":"茶臼原古墳群","kana":"ちやうすばるこふんぐん","pref":"宮崎県","muni":"西都市"}},{"type":"Feature","geometry":{"type":"Point","coordinates":[131.402061,32.139963]},"properties":{"id":"kofun_b7a73bc876","name":"千畑古墳","kana":"ちばたけこふん","pref":"宮崎県","muni":"西都市"}},{"type":"Feature","geometry":{"type":"Point","coordinates":[131.389523,32.118755]},"properties":{"id":"kofun_03b631eac6","name":"西都原古墳群","kana":"さいとばるこふんぐん","pref":"宮崎県","muni":"西都市"}},{"type":"Feature","geometry":{"type":"Point","coordinates":[131.365053,32.116202]},"properties":{"id":"kofun_b4f1f357cd","name":"百塚原古墳群","kana":"ひやくつかばるこふんぐん","pref":"宮崎県","muni":"西都市"}},{"type":"Feature","geometry":{"type":"Point","coordinates":[131.374666,32.102188]},"properties":{"id":"kofun_2b1acef0b1","name":"松本塚古墳","kana":"まつもとづかこふん","pref":"宮崎県","muni":"西都市"}},{"type":"Feature","geometry":{"type":"Point","coordinates":[131.326496,32.07286]},"properties":{"id":"kofun_64a8cb2e05","name":"常心塚古墳","kana":"じようしんづかこふん","pref":"宮崎県","muni":"西都市"}},{"type":"Feature","geometry":{"type":"Point","coordinates":[131.42686,31.914065]},"properties":{"id":"kofun_464824425d","name":"広島古墳群","kana":"ひろしまこふんぐん","pref":"宮崎県","muni":"宮崎市"}},{"type":"Feature","geometry":{"type":"Point","coordinates":[131.418724,31.94847]},"properties":{"id":"kofun_29fbfecd0b","name":"下北方古墳群","kana":"しもきたかたこふんぐん","pref":"宮崎県","muni":"宮崎市"}},{"type":"Feature","geometry":{"type":"Point","coordinates":[131.423417,31.938888]},"properties":{"id":"kofun_7d1723d3f3","name":"船塚古墳","kana":"ふなつかこふん","pref":"宮崎県","muni":"宮崎市"}},{"type":"Feature","geometry":{"type":"Point","coordinates":[131.393948,31.921945]},"properties":{"id":"kofun_a680b75f3a","name":"大淀古墳群","kana":"おおよどこふんぐん","pref":"宮崎県","muni":"宮崎市"}},{"type":"Feature","geometry":{"type":"Point","coordinates":[131.38563,31.949824]},"properties":{"id":"kofun_df625cba71","name":"生目古墳群","kana":"いきめこふんぐん","pref":"宮崎県","muni":"宮崎市"}},{"type":"Feature","geometry":{"type":"Point","coordinates":[131.420955,31.609957]},"properties":{"id":"kofun_b2b68afc15","name":"狐塚古墳","kana":"きつねづかこふん","pref":"宮崎県","muni":"日南市"}},{"type":"Feature","geometry":{"type":"Point","coordinates":[131.233378,31.469488]},"properties":{"id":"kofun_c3d8fb5319","name":"福島古墳群","kana":"ふくしまこふんぐん","pref":"宮崎県","muni":"串間市"}},{"type":"Feature","geometry":{"type":"Point","coordinates":[131.326519,31.987142]},"properties":{"id":"kofun_1dc555d5e4","name":"本庄古墳群・本庄地下式横穴墓群","kana":"ほんじようこふんぐん・ほんじようちかしきよこあなぼぐん","pref":"宮崎県","muni":"国富町"}},{"type":"Feature","geometry":{"type":"Point","coordinates":[131.315983,32.047963]},"properties":{"id":"kofun_d26a07fb27","name":"六野原古墳群・六野原地下式横穴墓群","kana":"むつのばるこふんぐん・むつのばるちかしきよこあなぼぐん","pref":"宮崎県","muni":"国富町"}},{"type":"Feature","geometry":{"type":"Point","coordinates":[131.144478,31.803692]},"properties":{"id":"kofun_9ee8e20c66","name":"高城牧ノ原古墳群","kana":"たかじようまきのはらこふんぐん","pref":"宮崎県","muni":"都城市"}},{"type":"Feature","geometry":{"type":"Point","coordinates":[131.094828,31.899182]},"properties":{"id":"kofun_f13f7aa455","name":"高崎塚原古墳群","kana":"たかざきつかばるこふんぐん","pref":"宮崎県","muni":"都城市"}},{"type":"Feature","geometry":{"type":"Point","coordinates":[130.485847,31.945049]},"properties":{"id":"kofun_0869f7d9cd","name":"湯田原古墳","kana":"ゆだばるこふん","pref":"鹿児島県","muni":"さつま町"}},{"type":"Feature","geometry":{"type":"Point","coordinates":[130.09901,32.177813]},"properties":{"id":"kofun_fe2ae3b4bb","name":"明神古墳群","kana":"みようじんこふんぐん","pref":"鹿児島県","muni":"長島町"}},{"type":"Feature","geometry":{"type":"Point","coordinates":[130.100399,32.174469]},"properties":{"id":"kofun_d7ee85cb2b","name":"小浜崎古墳群","kana":"おはまざきこふんぐん","pref":"鹿児島県","muni":"長島町"}},{"type":"Feature","geometry":{"type":"Point","coordinates":[130.140154,32.163058]},"properties":{"id":"kofun_ae1d358d75","name":"指江古墳","kana":"さすえこふん","pref":"鹿児島県","muni":"長島町"}},{"type":"Feature","geometry":{"type":"Point","coordinates":[130.324176,32.007389]},"properties":{"id":"kofun_7cd3793445","name":"堂前古墳","kana":"どうまえこふん","pref":"鹿児島県","muni":"出水市"}},{"type":"Feature","geometry":{"type":"Point","coordinates":[130.199941,32.015231]},"properties":{"id":"kofun_f0a495df9c","name":"鳥越古墳群","kana":"とりごえこふんぐん","pref":"鹿児島県","muni":"阿久根市"}},{"type":"Feature","geometry":{"type":"Point","coordinates":[131.014996,31.413643]},"properties":{"id":"kofun_3e8b206dfe","name":"横瀬古墳","kana":"よこせこふん","pref":"鹿児島県","muni":"大崎町"}},{"type":"Feature","geometry":{"type":"Point","coordinates":[131.139425,31.463681]},"properties":{"id":"kofun_2a606ab3c1","name":"飯盛山古墳","kana":"いいもりやまこふん","pref":"鹿児島県","muni":"志布志市"}},{"type":"Feature","geometry":{"type":"Point","coordinates":[130.95576,31.38702]},"properties":{"id":"kofun_ab0599dfe4","name":"岡崎四号墳","kana":"おかさきよんごうふん","pref":"鹿児島県","muni":"鹿屋市"}},{"type":"Feature","geometry":{"type":"Point","coordinates":[130.986993,31.363892]},"properties":{"id":"kofun_7a58be2e83","name":"唐仁古墳群","kana":"とうじんこふんぐん","pref":"鹿児島県","muni":"東串良町"}},{"type":"Feature","geometry":{"type":"Point","coordinates":[130.968654,31.342221]},"properties":{"id":"kofun_f6666b08e6","name":"塚崎古墳群","kana":"つかざきこふんぐん","pref":"鹿児島県","muni":"肝付町"}}]}
